USE Project;

ALTER TABLE user AUTO_INCREMENT = 1;

INSERT INTO user (user_id,first_name,last_name,email_address,mobile,password) VALUES ('1','Salome','Pfeffer','anderson.morissette@outlook.com','(228) 716-6246 x0365','9f9403fa246e51070c45a219f0fe3ec6');
INSERT INTO user (user_id,first_name,last_name,email_address,mobile,password) VALUES ('2','Loren','Mayert','tien.treutel@outlook.com','(916) 224-0914 x5016','ccb52e2dbe05675561d1f013280d8820');
INSERT INTO user (user_id,first_name,last_name,email_address,mobile,password) VALUES ('3','Elvera','Thompson','dannie.larson@outlook.com','(407) 646-1418','37be6cc0f01553c67641c04198a31427');
INSERT INTO user (user_id,first_name,last_name,email_address,mobile,password) VALUES ('4','Lance','Rice','ami.hills@outlook.com','(510) 810-1254 x2779','da940cc5d07b8da3537069d095df9d49');
INSERT INTO user (user_id,first_name,last_name,email_address,mobile,password) VALUES ('5','Kevin','Hermiston','taryn.waters@outlook.com','(407) 606-5711','e5272745ceadc2005eb1236c8d1653f5');
INSERT INTO user (user_id,first_name,last_name,email_address,mobile,password) VALUES ('6','Gene','Davis','randal.glover@outlook.com','(603) 715-5404','8903b2d0afc19be3c4f492571b5580d5');
INSERT INTO user (user_id,first_name,last_name,email_address,mobile,password) VALUES ('7','Clinton','Leannon','jerold.renner@outlook.com','(660) 814-5116','650fb42bfcd5145f7ea4547ddb698de3');
INSERT INTO user (user_id,first_name,last_name,email_address,mobile,password) VALUES ('8','Katheryn','Bailey','idella.conroy@outlook.com','(610) 607-7433 x9268','881c6ca03af62f6c5fc8ae02ee5e4eb3');
INSERT INTO user (user_id,first_name,last_name,email_address,mobile,password) VALUES ('9','Morris','Beier','lanny.schiller@outlook.com','(360) 919-8312 x2798','8bf6984269e9a0e739b15bf5300f63ba');
INSERT INTO user (user_id,first_name,last_name,email_address,mobile,password) VALUES ('10','Felecia','Rolfson','dennis.cassin@outlook.com','(786) 585-2894','89da3bc3c795db11e2f860b56e77ae97');
INSERT INTO user (user_id,first_name,last_name,email_address,mobile,password) VALUES ('11','Cameron','Sanford','leigh.donnelly@outlook.com','(936) 475-8308 x1182','dd6ffe59b84c16076c087d3ed1fe87dc');
INSERT INTO user (user_id,first_name,last_name,email_address,mobile,password) VALUES ('12','Leilani','Bauch','edwin.vonrueden@outlook.com','(336) 775-2417','b3b37c121335133d0f3469f98bdee253');
INSERT INTO user (user_id,first_name,last_name,email_address,mobile,password) VALUES ('13','Patricia','Reilly','benjamin.kunze@outlook.com','(218) 352-9398','47529deef854104c899634771a1873d1');
INSERT INTO user (user_id,first_name,last_name,email_address,mobile,password) VALUES ('14','Hans','Swaniawski','kimberly.zulauf@outlook.com','(317) 678-6871 x5575','17b5b4dd3064f7a37b1522254ebe7aaa');
INSERT INTO user (user_id,first_name,last_name,email_address,mobile,password) VALUES ('15','Avery','Nolan','donald.zboncak@outlook.com','(305) 424-2519','27b9104b096b2f4eb0afcf529abba8d1');
INSERT INTO user (user_id,first_name,last_name,email_address,mobile,password) VALUES ('16','Malena','Wisoky','wm.hettinger@outlook.com','(281) 859-9042','6f77f514d830f310cbf2ab04475252f8');
INSERT INTO user (user_id,first_name,last_name,email_address,mobile,password) VALUES ('17','Bernardo','Senger','elsy.williamson@outlook.com','(484) 667-9220','7ae759b44e0f218de3debeb6ae3fcfb8');
INSERT INTO user (user_id,first_name,last_name,email_address,mobile,password) VALUES ('18','Derek','Becker','beverly.dibbert@outlook.com','(606) 708-2345','ecafcd9fbf75fb4e3411a48724f4de1b');
INSERT INTO user (user_id,first_name,last_name,email_address,mobile,password) VALUES ('19','Alethia','Bailey','james.kozey@outlook.com','(301) 817-1738','1dab80abd38a0cc0a06b05baf824fd40');
INSERT INTO user (user_id,first_name,last_name,email_address,mobile,password) VALUES ('20','Korey','Kemmer','cheryle.wolff@outlook.com','(808) 703-8246','4d951a54fc1ab7394a564f6203727ba0');
INSERT INTO user (user_id,first_name,last_name,email_address,mobile,password) VALUES ('21','Tameka','Borer','kaitlin.kunde@outlook.com','(216) 619-0905','3f50db9f49ff1d1a5e8665effee924eb');
INSERT INTO user (user_id,first_name,last_name,email_address,mobile,password) VALUES ('22','Pam','Mayert','angelo.bode@outlook.com','(217) 816-1005 x3478','95468b749b6e88436f5d4da3c89522ba');
INSERT INTO user (user_id,first_name,last_name,email_address,mobile,password) VALUES ('23','Federico','Hickle','renato.cassin@outlook.com','(609) 475-2837 x1843','ad34320607f05b6d7b24a69e230dbe52');
INSERT INTO user (user_id,first_name,last_name,email_address,mobile,password) VALUES ('24','Faith','Volkman','sasha.howell@outlook.com','(601) 704-2230 x8531','3db3cdb07ca79ae3af9ca4cf06b2bb31');
INSERT INTO user (user_id,first_name,last_name,email_address,mobile,password) VALUES ('25','Margarett','Reichert','gay.rowe@outlook.com','(253) 801-5943','b320d93e9f10750ef5f156a1c1bc6206');
INSERT INTO user (user_id,first_name,last_name,email_address,mobile,password) VALUES ('26','Pinkie','Carroll','marivel.nienow@outlook.com','(601) 445-7998 x8593','e0f1755e0c81e3a4ee6fe6aa85f8f0dc');
INSERT INTO user (user_id,first_name,last_name,email_address,mobile,password) VALUES ('27','Laci','Hermiston','hayden.breitenberg@outlook.com','(661) 917-8733','c72393d50d2a89e1757a164cee882a43');
INSERT INTO user (user_id,first_name,last_name,email_address,mobile,password) VALUES ('28','Thomas','Fay','tanesha.hintz@outlook.com','(661) 413-3708 x8702','58928b4af65d95bae3f21c730b74962e');
INSERT INTO user (user_id,first_name,last_name,email_address,mobile,password) VALUES ('29','Lee','Conroy','alton.bradtke@outlook.com','(351) 563-0936 x9737','a3ee13babda8485ce76a38beb3bed427');
INSERT INTO user (user_id,first_name,last_name,email_address,mobile,password) VALUES ('30','Burt','Beier','kristi.hill@outlook.com','(434) 315-7036 x4777','f74b4fd4deb6c012fc710b2964e1be3f');
INSERT INTO user (user_id,first_name,last_name,email_address,mobile,password) VALUES ('31','Tony','Sauer','adolfo.kirlin@outlook.com','(201) 786-6189 x2879','b49908cb3be46467760ece6e3c5530ba');
INSERT INTO user (user_id,first_name,last_name,email_address,mobile,password) VALUES ('32','Max','Fritsch','tyron.rowe@outlook.com','(714) 347-0563','e6c4588554e495eb29f031cc01ecef53');
INSERT INTO user (user_id,first_name,last_name,email_address,mobile,password) VALUES ('33','Annamarie','Effertz','wallace.mosciski@outlook.com','(479) 361-9851','f72dcc1e122d5c02fd5cf1db6889f149');
INSERT INTO user (user_id,first_name,last_name,email_address,mobile,password) VALUES ('34','Sheron','Kirlin','shila.rogahn@outlook.com','(904) 567-7002','5336ccb4c059dda4fa9539fe5e60da7a');
INSERT INTO user (user_id,first_name,last_name,email_address,mobile,password) VALUES ('35','Lorenzo','Toy','errol.towne@outlook.com','(484) 774-9205 x5679','19d2c53845e13d7f26143d722d82e503');
INSERT INTO user (user_id,first_name,last_name,email_address,mobile,password) VALUES ('36','Maricruz','Bogisich','ernesto.corkery@outlook.com','(317) 914-7439','117b6bf2ef2c95a4067e72936fc5cfa1');
INSERT INTO user (user_id,first_name,last_name,email_address,mobile,password) VALUES ('37','Deane','Rippin','ali.simonis@outlook.com','(928) 478-4641','243026b1c98ef2aad1b8d98406609c51');
INSERT INTO user (user_id,first_name,last_name,email_address,mobile,password) VALUES ('38','Arline','Willms','daren.konopelski@outlook.com','(760) 312-9184 x1663','ce3560a3a6bd29517367ab6d887db542');
INSERT INTO user (user_id,first_name,last_name,email_address,mobile,password) VALUES ('39','Karoline','Swift','mason.boehm@outlook.com','(920) 217-8996','ab10011cd637ff99c4c32c328256a486');
INSERT INTO user (user_id,first_name,last_name,email_address,mobile,password) VALUES ('40','Dania','Glover','mose.medhurst@outlook.com','(616) 910-8978 x7721','2ae537fa0774d47e507299df60088e3d');

ALTER TABLE address AUTO_INCREMENT = 1;

INSERT INTO address (address_id,street_number,street_name,suburb,postcode,user_id) VALUES ('1','155','Champlin Place','Hmas Harman','2600','1');
INSERT INTO address (address_id,street_number,street_name,suburb,postcode,user_id) VALUES ('2','164','VonRueden Haven','Blaxland East','2774','2');
INSERT INTO address (address_id,street_number,street_name,suburb,postcode,user_id) VALUES ('3','179','Providencia Motorway','Canberra','2600','3');
INSERT INTO address (address_id,street_number,street_name,suburb,postcode,user_id) VALUES ('4','184','Luke Station','Downer','2602','4');
INSERT INTO address (address_id,street_number,street_name,suburb,postcode,user_id) VALUES ('5','103','Donita Neck','Warrimoo','2774','5');
INSERT INTO address (address_id,street_number,street_name,suburb,postcode,user_id) VALUES ('6','115','Cleveland Causeway','Russell Hill','2600','6');
INSERT INTO address (address_id,street_number,street_name,suburb,postcode,user_id) VALUES ('7','148','Tatum Shore','Barton','2600','7');
INSERT INTO address (address_id,street_number,street_name,suburb,postcode,user_id) VALUES ('8','49','Lebsack Union','City','2601','8');
INSERT INTO address (address_id,street_number,street_name,suburb,postcode,user_id) VALUES ('9','125','Cruz Lock','Parramatta','2124','9');
INSERT INTO address (address_id,street_number,street_name,suburb,postcode,user_id) VALUES ('10','130','Ivan Neck','Canberra','2600','10');
INSERT INTO address (address_id,street_number,street_name,suburb,postcode,user_id) VALUES ('11','150','Blake Circle','Mount Riverview','2774','11');
INSERT INTO address (address_id,street_number,street_name,suburb,postcode,user_id) VALUES ('12','95','Don Brook','Blaxland East','2774','12');
INSERT INTO address (address_id,street_number,street_name,suburb,postcode,user_id) VALUES ('13','153','Kreiger Cove','Canberra','2600','13');
INSERT INTO address (address_id,street_number,street_name,suburb,postcode,user_id) VALUES ('14','24','Louella Meadow','Warrimoo','2774','14');
INSERT INTO address (address_id,street_number,street_name,suburb,postcode,user_id) VALUES ('15','141','Francisca Pass','Warrimoo','2774','15');
INSERT INTO address (address_id,street_number,street_name,suburb,postcode,user_id) VALUES ('16','131','Jakubowski Lane','City','2601','16');
INSERT INTO address (address_id,street_number,street_name,suburb,postcode,user_id) VALUES ('17','169','Herman Streets','Parramatta','2124','17');
INSERT INTO address (address_id,street_number,street_name,suburb,postcode,user_id) VALUES ('18','171','Fabian Lodge','Harman','2600','18');
INSERT INTO address (address_id,street_number,street_name,suburb,postcode,user_id) VALUES ('19','69','Dach Center','Lyneham','2602','19');
INSERT INTO address (address_id,street_number,street_name,suburb,postcode,user_id) VALUES ('20','141','Mills Burgs','City','2601','20');
INSERT INTO address (address_id,street_number,street_name,suburb,postcode,user_id) VALUES ('21','89','Hirthe Crest','Duntroon','2600','21');
INSERT INTO address (address_id,street_number,street_name,suburb,postcode,user_id) VALUES ('22','186','Kunze Neck','Oconnor','2602','22');
INSERT INTO address (address_id,street_number,street_name,suburb,postcode,user_id) VALUES ('23','77','Boyer Well','Rydalmere','2116','23');
INSERT INTO address (address_id,street_number,street_name,suburb,postcode,user_id) VALUES ('24','89','Tyron Station','Parkes','2600','24');
INSERT INTO address (address_id,street_number,street_name,suburb,postcode,user_id) VALUES ('25','21','Lueilwitz Gateway','Harman','2600','25');
INSERT INTO address (address_id,street_number,street_name,suburb,postcode,user_id) VALUES ('26','21','Milford Burgs','Watson','2602','26');
INSERT INTO address (address_id,street_number,street_name,suburb,postcode,user_id) VALUES ('27','69','Hoeger Court','Mount Riverview','2774','27');
INSERT INTO address (address_id,street_number,street_name,suburb,postcode,user_id) VALUES ('28','93','Dewitt Villages','Oconnor','2602','28');
INSERT INTO address (address_id,street_number,street_name,suburb,postcode,user_id) VALUES ('29','182','Yuriko View','Capital Hill','2600','29');
INSERT INTO address (address_id,street_number,street_name,suburb,postcode,user_id) VALUES ('30','50','Beahan Parkway','Downer','2602','30');
INSERT INTO address (address_id,street_number,street_name,suburb,postcode,user_id) VALUES ('31','151','Forest Meadows','Acton','2601','31');
INSERT INTO address (address_id,street_number,street_name,suburb,postcode,user_id) VALUES ('32','45','Johns Brook','Lyneham','2602','32');
INSERT INTO address (address_id,street_number,street_name,suburb,postcode,user_id) VALUES ('33','173','Leffler Land','Parkes','2600','33');
INSERT INTO address (address_id,street_number,street_name,suburb,postcode,user_id) VALUES ('34','61','Botsford Manors','Blaxland East','2774','34');
INSERT INTO address (address_id,street_number,street_name,suburb,postcode,user_id) VALUES ('35','57','Matilda Ports','Russell Hill','2600','35');
INSERT INTO address (address_id,street_number,street_name,suburb,postcode,user_id) VALUES ('36','105','Schmidt Court','Canberra','2600','36');
INSERT INTO address (address_id,street_number,street_name,suburb,postcode,user_id) VALUES ('37','96','Miller Pines','Russell Hill','2600','37');
INSERT INTO address (address_id,street_number,street_name,suburb,postcode,user_id) VALUES ('38','84','Harris Village','Parliament House','2600','38');
INSERT INTO address (address_id,street_number,street_name,suburb,postcode,user_id) VALUES ('39','175','Lueilwitz Streets','Ainslie','2602','39');
INSERT INTO address (address_id,street_number,street_name,suburb,postcode,user_id) VALUES ('40','156','Willy Harbor','Watson','2602','40');

ALTER TABLE client AUTO_INCREMENT = 1;

INSERT INTO client (client_id,user_id,subscription_id) VALUES ('1','15','1');
INSERT INTO client (client_id,user_id,subscription_id) VALUES ('2','16','1');
INSERT INTO client (client_id,user_id,subscription_id) VALUES ('3','17','1');
INSERT INTO client (client_id,user_id,subscription_id) VALUES ('4','18','2');
INSERT INTO client (client_id,user_id,subscription_id) VALUES ('5','19','1');
INSERT INTO client (client_id,user_id,subscription_id) VALUES ('6','20','2');
INSERT INTO client (client_id,user_id,subscription_id) VALUES ('7','21','2');
INSERT INTO client (client_id,user_id,subscription_id) VALUES ('8','22','2');
INSERT INTO client (client_id,user_id,subscription_id) VALUES ('9','23','1');
INSERT INTO client (client_id,user_id,subscription_id) VALUES ('10','24','1');
INSERT INTO client (client_id,user_id,subscription_id) VALUES ('11','25','1');
INSERT INTO client (client_id,user_id,subscription_id) VALUES ('12','26','2');
INSERT INTO client (client_id,user_id,subscription_id) VALUES ('13','27','1');
INSERT INTO client (client_id,user_id,subscription_id) VALUES ('14','28','1');
INSERT INTO client (client_id,user_id,subscription_id) VALUES ('15','29','2');
INSERT INTO client (client_id,user_id,subscription_id) VALUES ('16','30','1');
INSERT INTO client (client_id,user_id,subscription_id) VALUES ('17','31','2');
INSERT INTO client (client_id,user_id,subscription_id) VALUES ('18','32','2');
INSERT INTO client (client_id,user_id,subscription_id) VALUES ('19','33','2');
INSERT INTO client (client_id,user_id,subscription_id) VALUES ('20','34','2');
INSERT INTO client (client_id,user_id,subscription_id) VALUES ('21','35','1');
INSERT INTO client (client_id,user_id,subscription_id) VALUES ('22','36','2');
INSERT INTO client (client_id,user_id,subscription_id) VALUES ('23','37','1');
INSERT INTO client (client_id,user_id,subscription_id) VALUES ('24','38','1');
INSERT INTO client (client_id,user_id,subscription_id) VALUES ('25','39','1');
INSERT INTO client (client_id,user_id,subscription_id) VALUES ('26','40','1');

ALTER TABLE professional AUTO_INCREMENT = 1;

INSERT INTO professional (professional_id,subscription_id,user_id) VALUES ('1','2','1');
INSERT INTO professional (professional_id,subscription_id,user_id) VALUES ('2','1','2');
INSERT INTO professional (professional_id,subscription_id,user_id) VALUES ('3','1','3');
INSERT INTO professional (professional_id,subscription_id,user_id) VALUES ('4','2','4');
INSERT INTO professional (professional_id,subscription_id,user_id) VALUES ('5','1','5');
INSERT INTO professional (professional_id,subscription_id,user_id) VALUES ('6','1','6');
INSERT INTO professional (professional_id,subscription_id,user_id) VALUES ('7','2','7');
INSERT INTO professional (professional_id,subscription_id,user_id) VALUES ('8','1','8');
INSERT INTO professional (professional_id,subscription_id,user_id) VALUES ('9','1','9');
INSERT INTO professional (professional_id,subscription_id,user_id) VALUES ('10','2','10');
INSERT INTO professional (professional_id,subscription_id,user_id) VALUES ('11','1','11');
INSERT INTO professional (professional_id,subscription_id,user_id) VALUES ('12','2','12');
INSERT INTO professional (professional_id,subscription_id,user_id) VALUES ('13','1','13');
INSERT INTO professional (professional_id,subscription_id,user_id) VALUES ('14','2','14');
INSERT INTO professional (professional_id,subscription_id,user_id) VALUES ('15','2','15');
INSERT INTO professional (professional_id,subscription_id,user_id) VALUES ('16','1','16');
INSERT INTO professional (professional_id,subscription_id,user_id) VALUES ('17','1','17');
INSERT INTO professional (professional_id,subscription_id,user_id) VALUES ('18','2','18');
INSERT INTO professional (professional_id,subscription_id,user_id) VALUES ('19','1','19');
INSERT INTO professional (professional_id,subscription_id,user_id) VALUES ('20','1','20');

ALTER TABLE request AUTO_INCREMENT = 1;

INSERT INTO request (request_id,request_date,instruction,postcode,client_id,professional_id,service_id,request_status_id) VALUES ('1','2023-06-03 02:07:39.324','Ayyyyyye pro man or woman, help us with the tree, it has has fallen over. Tried to stop it though! Really wanna get this one fixed before my partner returns from their trip...','2600','21','7','3','1');
INSERT INTO request (request_id,request_date,instruction,postcode,client_id,professional_id,service_id,request_status_id) VALUES ('2','2023-06-07 19:59:27.517','Good Afternoon! I have found an issue with the tree, it has fallen on top of the house! Not the damn house! No rush on the issue.','2602','5','19','3','4');
INSERT INTO request (request_id,request_date,instruction,postcode,client_id,professional_id,service_id,request_status_id) VALUES ('3','2023-05-20 14:17:24.461','Hello! Currently I have an issues with my tree in the front yard. It is blocking our view of the coast. Can this please be fixed ASAP!?','2602','26',null,'4','4');
INSERT INTO request (request_id,request_date,instruction,postcode,client_id,professional_id,service_id,request_status_id) VALUES ('4','2023-06-16 12:08:00.997','Bonjour sir/madam. The partner and I figured it would be best to get a professional to sort out the issue with the tree. Neighbour planted it actually and I hate it! Gotta get this thing removed. Can we please have this sorted quickly?','2600','19',null,'5','1');
INSERT INTO request (request_id,request_date,instruction,postcode,client_id,professional_id,service_id,request_status_id) VALUES ('5','2023-05-27 12:01:14.581','Good Afternoon! I have found an issue with the broken branch, it is hanging. Kinda looks like it might fall on the house uh... Help me if my partner sees this and confirms they were right. This one might be bad haha...','2124','3',null,'2','3');
INSERT INTO request (request_id,request_date,instruction,postcode,client_id,professional_id,service_id,request_status_id) VALUES ('6','2023-05-28 21:06:07.577','Help me! Problem with the tree, it is leaning. Really badly so... I do not want to be rude, but could this please be looked at with haste?','2116','9',null,'1','3');
INSERT INTO request (request_id,request_date,instruction,postcode,client_id,professional_id,service_id,request_status_id) VALUES ('7','2023-05-24 14:37:40.329','Hello! Currently I have an issues with my tree, it has fallen on top of the house! Not the damn house! Look forward to hearing from you.','2602','5','19','4','1');
INSERT INTO request (request_id,request_date,instruction,postcode,client_id,professional_id,service_id,request_status_id) VALUES ('8','2023-05-18 01:57:31.585','Bonjour sir/madam. The partner and I figured it would be best to get a professional to sort out the issue with the tree, it is leaning. Really badly so... Can this please be fixed ASAP!?','2774','13',null,'3','3');
INSERT INTO request (request_id,request_date,instruction,postcode,client_id,professional_id,service_id,request_status_id) VALUES ('9','2023-05-23 14:02:13.25','Hiya, there is a problem with our tree in the front yard. It is blocking our view of the coast. Gotta get this one done quick, interest rates are going right up might run out of funds soon!','2124','3',null,'2','1');
INSERT INTO request (request_id,request_date,instruction,postcode,client_id,professional_id,service_id,request_status_id) VALUES ('10','2023-05-22 08:05:27.378','Ayyyyyye pro man or woman, help us with the tree, it is leaning. Really badly so... Can this please be fixed ASAP!?','2601','2',null,'5','4');
INSERT INTO request (request_id,request_date,instruction,postcode,client_id,professional_id,service_id,request_status_id) VALUES ('11','2023-06-14 21:52:24.02','Ayyyyyye pro man or woman, help us with the tree, it has has fallen over. Tried to stop it though! Gotta get this one done quick, interest rates are going right up might run out of funds soon!','2601','2','20','5','1');
INSERT INTO request (request_id,request_date,instruction,postcode,client_id,professional_id,service_id,request_status_id) VALUES ('12','2023-06-05 11:52:46.941','Help me! Problem with the front yard tree. My partner insisted that we plant a tree in the back yard. Now the council has complained forcing us to remove the tree. I should never listened to my partner!! Look forward to hearing from you.','2602','14',null,'3','4');
INSERT INTO request (request_id,request_date,instruction,postcode,client_id,professional_id,service_id,request_status_id) VALUES ('13','2023-06-03 21:48:10.085','I am not sure what is going on, but we are having trouble with the tree, it has has fallen over. Tried to stop it though! Help me if my partner sees this and confirms they were right. This one might be bad haha...','2602','18',null,'5','3');
INSERT INTO request (request_id,request_date,instruction,postcode,client_id,professional_id,service_id,request_status_id) VALUES ('14','2023-06-07 00:10:20.047','Hiya, there is a problem with our front yard tree. My partner insisted that we plant a tree in the back yard. Now the council has complained forcing us to remove the tree. I should never listened to my partner!! I do not want to be rude, but could this please be looked at with haste?','2774','13','5','1','2');
INSERT INTO request (request_id,request_date,instruction,postcode,client_id,professional_id,service_id,request_status_id) VALUES ('15','2023-06-09 01:53:04.465','Bonjour sir/madam. The partner and I figured it would be best to get a professional to sort out the issue with the tree in the front yard. It is blocking our view of the coast. Look forward to hearing from you.','2602','26',null,'2','1');
INSERT INTO request (request_id,request_date,instruction,postcode,client_id,professional_id,service_id,request_status_id) VALUES ('16','2023-06-07 22:54:42.598','Good Afternoon! I have found an issue with the front yard tree. My partner insisted that we plant a tree in the back yard. Now the council has complained forcing us to remove the tree. I should never listened to my partner!! No rush on the issue.','2124','3','9','4','1');
INSERT INTO request (request_id,request_date,instruction,postcode,client_id,professional_id,service_id,request_status_id) VALUES ('17','2023-05-28 01:14:32.207','This morning I started having trouble with the front yard tree. My partner insisted that we plant a tree in the back yard. Now the council has complained forcing us to remove the tree. I should never listened to my partner!! I do not want to be rude, but could this please be looked at with haste?','2600','22','6','4','4');
INSERT INTO request (request_id,request_date,instruction,postcode,client_id,professional_id,service_id,request_status_id) VALUES ('18','2023-06-13 02:27:59.287','Awh man looks like there is an issue with the broken branch, it is hanging. Kinda looks like it might fall on the house uh... Look forward to hearing from you.','2602','18',null,'3','4');
INSERT INTO request (request_id,request_date,instruction,postcode,client_id,professional_id,service_id,request_status_id) VALUES ('19','2023-05-21 21:07:16.17','This morning I started having trouble with the broken branch, it is hanging. Kinda looks like it might fall on the house uh... If someone could look at this quickly I would be grateful!','2600','22','18','4','3');
INSERT INTO request (request_id,request_date,instruction,postcode,client_id,professional_id,service_id,request_status_id) VALUES ('20','2023-06-15 02:50:56.953','Awh man looks like there is an issue with the tree, it is leaning. Really badly so... No rush on the issue.','2600','23','18','4','4');
INSERT INTO request (request_id,request_date,instruction,postcode,client_id,professional_id,service_id,request_status_id) VALUES ('21','2023-06-10 12:30:30.674','Good Morning! There is an issue with the tree in the front yard. It is blocking our view of the coast. Gotta get this one done quick, interest rates are going right up might run out of funds soon!','2600','21','3','5','1');
INSERT INTO request (request_id,request_date,instruction,postcode,client_id,professional_id,service_id,request_status_id) VALUES ('22','2023-06-13 00:46:08.682','Hello! Currently I have an issues with my front yard tree. My partner insisted that we plant a tree in the back yard. Now the council has complained forcing us to remove the tree. I should never listened to my partner!! I do not want to be rude, but could this please be looked at with haste?','2600','24','10','2','1');
INSERT INTO request (request_id,request_date,instruction,postcode,client_id,professional_id,service_id,request_status_id) VALUES ('23','2023-06-14 14:00:14.073','This morning I started having trouble with the tree, it has fallen on top of the house! Not the damn house! No rush on the issue.','2601','6',null,'2','3');
INSERT INTO request (request_id,request_date,instruction,postcode,client_id,professional_id,service_id,request_status_id) VALUES ('24','2023-05-26 19:50:10.556','To whom this may concern, I have discovered an issue with my front yard tree. My partner insisted that we plant a tree in the back yard. Now the council has complained forcing us to remove the tree. I should never listened to my partner!! Can we please have this sorted quickly?','2600','23','3','2','4');
INSERT INTO request (request_id,request_date,instruction,postcode,client_id,professional_id,service_id,request_status_id) VALUES ('25','2023-06-08 07:09:05.311','Good Morning! There is an issue with the tree, it has fallen on top of the house! Not the damn house! Gotta get this one done quick, interest rates are going right up might run out of funds soon!','2602','26',null,'5','3');
INSERT INTO request (request_id,request_date,instruction,postcode,client_id,professional_id,service_id,request_status_id) VALUES ('26','2023-06-03 20:48:27.967','This morning I started having trouble with the tree, it has has fallen over. Tried to stop it though! If someone could look at this quickly I would be grateful!','2600','19','7','3','2');
INSERT INTO request (request_id,request_date,instruction,postcode,client_id,professional_id,service_id,request_status_id) VALUES ('27','2023-05-21 09:56:44.874','Help me! Problem with the tree, it has fallen on top of the house! Not the damn house! Really wanna get this one fixed before my partner returns from their trip...','2602','8',null,'1','1');
INSERT INTO request (request_id,request_date,instruction,postcode,client_id,professional_id,service_id,request_status_id) VALUES ('28','2023-06-14 15:52:08.359','Bonjour sir/madam. The partner and I figured it would be best to get a professional to sort out the issue with the tree, it is leaning. Really badly so... Gotta get this one done quick, interest rates are going right up might run out of funds soon!','2600','11','3','2','3');
INSERT INTO request (request_id,request_date,instruction,postcode,client_id,professional_id,service_id,request_status_id) VALUES ('29','2023-06-01 14:20:01.989','Hiya, there is a problem with our tree, it is leaning. Really badly so... I do not want to be rude, but could this please be looked at with haste?','2602','26',null,'3','2');
INSERT INTO request (request_id,request_date,instruction,postcode,client_id,professional_id,service_id,request_status_id) VALUES ('30','2023-05-22 08:00:33.773','I am not sure what is going on, but we are having trouble with the tree, it has has fallen over. Tried to stop it though! Gotta get this one done quick, interest rates are going right up might run out of funds soon!','2774','13','14','1','1');
INSERT INTO request (request_id,request_date,instruction,postcode,client_id,professional_id,service_id,request_status_id) VALUES ('31','2023-06-11 10:28:55.816','I am not sure what is going on, but we are having trouble with the tree. Neighbour planted it actually and I hate it! Gotta get this thing removed. Can this please be fixed ASAP!?','2116','9',null,'4','3');
INSERT INTO request (request_id,request_date,instruction,postcode,client_id,professional_id,service_id,request_status_id) VALUES ('32','2023-06-04 22:50:15.819','Hello! Currently I have an issues with my tree in the front yard. It is blocking our view of the coast. No rush on the issue.','2600','23','13','3','4');
INSERT INTO request (request_id,request_date,instruction,postcode,client_id,professional_id,service_id,request_status_id) VALUES ('33','2023-06-06 02:18:56.756','Ayyyyyye pro man or woman, help us with the tree, it is leaning. Really badly so... No rush on the issue.','2602','16',null,'2','1');
INSERT INTO request (request_id,request_date,instruction,postcode,client_id,professional_id,service_id,request_status_id) VALUES ('34','2023-05-24 00:37:48.534','Hello! Currently I have an issues with my tree, it has has fallen over. Tried to stop it though! No rush on the issue.','2600','23','13','3','4');
INSERT INTO request (request_id,request_date,instruction,postcode,client_id,professional_id,service_id,request_status_id) VALUES ('35','2023-05-25 20:44:29.739','To whom this may concern, I have discovered an issue with my broken branch, it is hanging. Kinda looks like it might fall on the house uh... Really wanna get this one fixed before my partner returns from their trip...','2600','10',null,'3','1');
INSERT INTO request (request_id,request_date,instruction,postcode,client_id,professional_id,service_id,request_status_id) VALUES ('36','2023-06-11 09:46:51.538','I am not sure what is going on, but we are having trouble with the tree, it has has fallen over. Tried to stop it though! Look forward to hearing from you.','2600','4','13','5','1');
INSERT INTO request (request_id,request_date,instruction,postcode,client_id,professional_id,service_id,request_status_id) VALUES ('37','2023-05-21 07:48:28.376','Awh man looks like there is an issue with the broken branch, it is hanging. Kinda looks like it might fall on the house uh... Help me if my partner sees this and confirms they were right. This one might be bad haha...','2602','8','19','3','1');
INSERT INTO request (request_id,request_date,instruction,postcode,client_id,professional_id,service_id,request_status_id) VALUES ('38','2023-05-31 04:54:54.618','This morning I started having trouble with the tree, it has fallen on top of the house! Not the damn house! Can we please have this sorted quickly?','2602','8',null,'3','3');
INSERT INTO request (request_id,request_date,instruction,postcode,client_id,professional_id,service_id,request_status_id) VALUES ('39','2023-06-15 20:24:57.66','Help me! Problem with the tree in the front yard. It is blocking our view of the coast. If someone could look at this quickly I would be grateful!','2600','24','3','2','4');
INSERT INTO request (request_id,request_date,instruction,postcode,client_id,professional_id,service_id,request_status_id) VALUES ('40','2023-06-09 22:17:25.572','Awh man looks like there is an issue with the tree, it has fallen on top of the house! Not the damn house! Can this please be fixed ASAP!?','2774','13','14','1','2');
INSERT INTO request (request_id,request_date,instruction,postcode,client_id,professional_id,service_id,request_status_id) VALUES ('41','2023-06-01 19:17:43.78','Bonjour sir/madam. The partner and I figured it would be best to get a professional to sort out the issue with the tree, it is leaning. Really badly so... Look forward to hearing from you.','2600','11','3','2','3');
INSERT INTO request (request_id,request_date,instruction,postcode,client_id,professional_id,service_id,request_status_id) VALUES ('42','2023-06-13 11:00:33.978','Hiya, there is a problem with our front yard tree. My partner insisted that we plant a tree in the back yard. Now the council has complained forcing us to remove the tree. I should never listened to my partner!! If someone could look at this quickly I would be grateful!','2600','24','7','1','3');
INSERT INTO request (request_id,request_date,instruction,postcode,client_id,professional_id,service_id,request_status_id) VALUES ('43','2023-06-01 20:28:20.725','Ayyyyyye pro man or woman, help us with the tree, it has fallen on top of the house! Not the damn house! I do not want to be rude, but could this please be looked at with haste?','2600','21','7','3','2');
INSERT INTO request (request_id,request_date,instruction,postcode,client_id,professional_id,service_id,request_status_id) VALUES ('44','2023-05-20 23:34:54.969','I am not sure what is going on, but we are having trouble with the tree, it has has fallen over. Tried to stop it though! Gotta get this one done quick, interest rates are going right up might run out of funds soon!','2600','23',null,'4','1');
INSERT INTO request (request_id,request_date,instruction,postcode,client_id,professional_id,service_id,request_status_id) VALUES ('45','2023-05-31 05:37:34.259','Good Morning! There is an issue with the tree, it is leaning. Really badly so... Look forward to hearing from you.','2602','14','4','1','4');
INSERT INTO request (request_id,request_date,instruction,postcode,client_id,professional_id,service_id,request_status_id) VALUES ('46','2023-06-02 23:54:24.489','Ayyyyyye pro man or woman, help us with the tree in the front yard. It is blocking our view of the coast. Really wanna get this one fixed before my partner returns from their trip...','2602','14','4','2','1');
INSERT INTO request (request_id,request_date,instruction,postcode,client_id,professional_id,service_id,request_status_id) VALUES ('47','2023-06-14 00:10:38.333','I am not sure what is going on, but we are having trouble with the front yard tree. My partner insisted that we plant a tree in the back yard. Now the council has complained forcing us to remove the tree. I should never listened to my partner!! If someone could look at this quickly I would be grateful!','2601','6',null,'1','3');
INSERT INTO request (request_id,request_date,instruction,postcode,client_id,professional_id,service_id,request_status_id) VALUES ('48','2023-06-11 14:38:26.442','Ayyyyyye pro man or woman, help us with the tree in the front yard. It is blocking our view of the coast. Can we please have this sorted quickly?','2600','23','10','2','1');
INSERT INTO request (request_id,request_date,instruction,postcode,client_id,professional_id,service_id,request_status_id) VALUES ('49','2023-06-12 03:42:44.545','I am not sure what is going on, but we are having trouble with the tree, it is leaning. Really badly so... Can this please be fixed ASAP!?','2602','25',null,'1','4');
INSERT INTO request (request_id,request_date,instruction,postcode,client_id,professional_id,service_id,request_status_id) VALUES ('50','2023-05-26 08:03:05.679','I am not sure what is going on, but we are having trouble with the tree, it has has fallen over. Tried to stop it though! Look forward to hearing from you.','2602','18',null,'2','4');
INSERT INTO request (request_id,request_date,instruction,postcode,client_id,professional_id,service_id,request_status_id) VALUES ('51','2023-06-01 14:58:06.557','To whom this may concern, I have discovered an issue with my tree in the front yard. It is blocking our view of the coast. Look forward to hearing from you.','2600','19',null,'1','3');
INSERT INTO request (request_id,request_date,instruction,postcode,client_id,professional_id,service_id,request_status_id) VALUES ('52','2023-05-29 16:23:01.934','To whom this may concern, I have discovered an issue with my broken branch, it is hanging. Kinda looks like it might fall on the house uh... Look forward to hearing from you.','2602','26',null,'3','1');
INSERT INTO request (request_id,request_date,instruction,postcode,client_id,professional_id,service_id,request_status_id) VALUES ('53','2023-06-03 21:17:01.571','Awh man looks like there is an issue with the front yard tree. My partner insisted that we plant a tree in the back yard. Now the council has complained forcing us to remove the tree. I should never listened to my partner!! If someone could look at this quickly I would be grateful!','2601','17',null,'4','3');
INSERT INTO request (request_id,request_date,instruction,postcode,client_id,professional_id,service_id,request_status_id) VALUES ('54','2023-05-26 02:58:37.396','To whom this may concern, I have discovered an issue with my tree, it is leaning. Really badly so... Can this please be fixed ASAP!?','2600','23',null,'2','3');
INSERT INTO request (request_id,request_date,instruction,postcode,client_id,professional_id,service_id,request_status_id) VALUES ('55','2023-05-27 10:50:50.272','This morning I started having trouble with the front yard tree. My partner insisted that we plant a tree in the back yard. Now the council has complained forcing us to remove the tree. I should never listened to my partner!! Help me if my partner sees this and confirms they were right. This one might be bad haha...','2602','16',null,'4','2');
INSERT INTO request (request_id,request_date,instruction,postcode,client_id,professional_id,service_id,request_status_id) VALUES ('56','2023-06-04 20:11:50.449','Good Morning! There is an issue with the broken branch, it is hanging. Kinda looks like it might fall on the house uh... Can we please have this sorted quickly?','2601','17','20','3','1');
INSERT INTO request (request_id,request_date,instruction,postcode,client_id,professional_id,service_id,request_status_id) VALUES ('57','2023-06-05 01:13:10.521','Help me! Problem with the front yard tree. My partner insisted that we plant a tree in the back yard. Now the council has complained forcing us to remove the tree. I should never listened to my partner!! Can this please be fixed ASAP!?','2602','26','4','1','1');
INSERT INTO request (request_id,request_date,instruction,postcode,client_id,professional_id,service_id,request_status_id) VALUES ('58','2023-05-23 09:49:03.604','Awh man looks like there is an issue with the tree in the front yard. It is blocking our view of the coast. Gotta get this one done quick, interest rates are going right up might run out of funds soon!','2602','25',null,'4','4');
INSERT INTO request (request_id,request_date,instruction,postcode,client_id,professional_id,service_id,request_status_id) VALUES ('59','2023-05-26 00:01:55.387','Good Afternoon! I have found an issue with the tree in the front yard. It is blocking our view of the coast. Really wanna get this one fixed before my partner returns from their trip...','2600','7','13','3','4');
INSERT INTO request (request_id,request_date,instruction,postcode,client_id,professional_id,service_id,request_status_id) VALUES ('60','2023-06-06 21:14:06.969','Bonjour sir/madam. The partner and I figured it would be best to get a professional to sort out the issue with the tree, it is leaning. Really badly so... Really wanna get this one fixed before my partner returns from their trip...','2602','14',null,'2','4');
INSERT INTO request (request_id,request_date,instruction,postcode,client_id,professional_id,service_id,request_status_id) VALUES ('61','2023-06-02 23:07:32.48','Hiya, there is a problem with our tree, it has has fallen over. Tried to stop it though! Help me if my partner sees this and confirms they were right. This one might be bad haha...','2600','22','3','5','4');
INSERT INTO request (request_id,request_date,instruction,postcode,client_id,professional_id,service_id,request_status_id) VALUES ('62','2023-06-14 02:16:58.892','Awh man looks like there is an issue with the tree, it is leaning. Really badly so... If someone could look at this quickly I would be grateful!','2600','11','13','3','4');
INSERT INTO request (request_id,request_date,instruction,postcode,client_id,professional_id,service_id,request_status_id) VALUES ('63','2023-06-03 20:09:36.086','This morning I started having trouble with the tree, it is leaning. Really badly so... Help me if my partner sees this and confirms they were right. This one might be bad haha...','2602','8','4','1','4');
INSERT INTO request (request_id,request_date,instruction,postcode,client_id,professional_id,service_id,request_status_id) VALUES ('64','2023-05-20 21:35:40.794','Ayyyyyye pro man or woman, help us with the tree. Neighbour planted it actually and I hate it! Gotta get this thing removed. Can we please have this sorted quickly?','2601','2','16','1','4');
INSERT INTO request (request_id,request_date,instruction,postcode,client_id,professional_id,service_id,request_status_id) VALUES ('65','2023-06-01 05:58:45.2','To whom this may concern, I have discovered an issue with my front yard tree. My partner insisted that we plant a tree in the back yard. Now the council has complained forcing us to remove the tree. I should never listened to my partner!! If someone could look at this quickly I would be grateful!','2602','5',null,'4','2');
INSERT INTO request (request_id,request_date,instruction,postcode,client_id,professional_id,service_id,request_status_id) VALUES ('66','2023-06-01 18:04:53.658','Hello! Currently I have an issues with my tree in the front yard. It is blocking our view of the coast. No rush on the issue.','2602','25',null,'5','3');
INSERT INTO request (request_id,request_date,instruction,postcode,client_id,professional_id,service_id,request_status_id) VALUES ('67','2023-05-19 19:13:00.021','Ayyyyyye pro man or woman, help us with the tree, it has fallen on top of the house! Not the damn house! Can this please be fixed ASAP!?','2600','22',null,'3','3');
INSERT INTO request (request_id,request_date,instruction,postcode,client_id,professional_id,service_id,request_status_id) VALUES ('68','2023-06-10 04:48:18.209','Good Morning! There is an issue with the tree, it has fallen on top of the house! Not the damn house! No rush on the issue.','2601','2','8','3','4');
INSERT INTO request (request_id,request_date,instruction,postcode,client_id,professional_id,service_id,request_status_id) VALUES ('69','2023-05-25 09:12:08.208','This morning I started having trouble with the front yard tree. My partner insisted that we plant a tree in the back yard. Now the council has complained forcing us to remove the tree. I should never listened to my partner!! No rush on the issue.','2600','15','18','4','1');
INSERT INTO request (request_id,request_date,instruction,postcode,client_id,professional_id,service_id,request_status_id) VALUES ('70','2023-05-28 11:52:41.404','Hiya, there is a problem with our tree, it is leaning. Really badly so... Really wanna get this one fixed before my partner returns from their trip...','2602','14',null,'5','2');
INSERT INTO request (request_id,request_date,instruction,postcode,client_id,professional_id,service_id,request_status_id) VALUES ('71','2023-05-19 05:26:12.641','Awh man looks like there is an issue with the tree, it has has fallen over. Tried to stop it though! No rush on the issue.','2774','13','11','4','3');
INSERT INTO request (request_id,request_date,instruction,postcode,client_id,professional_id,service_id,request_status_id) VALUES ('72','2023-06-07 04:53:57.287','I am not sure what is going on, but we are having trouble with the tree in the front yard. It is blocking our view of the coast. I do not want to be rude, but could this please be looked at with haste?','2774','13','12','1','1');
INSERT INTO request (request_id,request_date,instruction,postcode,client_id,professional_id,service_id,request_status_id) VALUES ('73','2023-05-29 01:51:39.849','Help me! Problem with the tree. Neighbour planted it actually and I hate it! Gotta get this thing removed. Help me if my partner sees this and confirms they were right. This one might be bad haha...','2602','14','19','3','2');
INSERT INTO request (request_id,request_date,instruction,postcode,client_id,professional_id,service_id,request_status_id) VALUES ('74','2023-05-21 17:32:07.313','To whom this may concern, I have discovered an issue with my front yard tree. My partner insisted that we plant a tree in the back yard. Now the council has complained forcing us to remove the tree. I should never listened to my partner!! Look forward to hearing from you.','2774','20','14','1','3');
INSERT INTO request (request_id,request_date,instruction,postcode,client_id,professional_id,service_id,request_status_id) VALUES ('75','2023-06-13 20:28:08.233','Hello! Currently I have an issues with my tree, it has has fallen over. Tried to stop it though! Help me if my partner sees this and confirms they were right. This one might be bad haha...','2600','19',null,'1','4');
INSERT INTO request (request_id,request_date,instruction,postcode,client_id,professional_id,service_id,request_status_id) VALUES ('76','2023-06-07 15:44:56.382','Help me! Problem with the tree in the front yard. It is blocking our view of the coast. I do not want to be rude, but could this please be looked at with haste?','2124','3',null,'3','1');
INSERT INTO request (request_id,request_date,instruction,postcode,client_id,professional_id,service_id,request_status_id) VALUES ('77','2023-06-15 15:56:31.11','This morning I started having trouble with the tree, it has has fallen over. Tried to stop it though! Can we please have this sorted quickly?','2602','25',null,'5','1');
INSERT INTO request (request_id,request_date,instruction,postcode,client_id,professional_id,service_id,request_status_id) VALUES ('78','2023-06-16 18:01:05.237','Bonjour sir/madam. The partner and I figured it would be best to get a professional to sort out the issue with the tree, it has fallen on top of the house! Not the damn house! Gotta get this one done quick, interest rates are going right up might run out of funds soon!','2602','16','19','1','1');
INSERT INTO request (request_id,request_date,instruction,postcode,client_id,professional_id,service_id,request_status_id) VALUES ('79','2023-06-10 23:31:26.926','Good Morning! There is an issue with the tree in the front yard. It is blocking our view of the coast. No rush on the issue.','2774','13','11','3','3');
INSERT INTO request (request_id,request_date,instruction,postcode,client_id,professional_id,service_id,request_status_id) VALUES ('80','2023-05-22 21:03:23.156','I am not sure what is going on, but we are having trouble with the tree. Neighbour planted it actually and I hate it! Gotta get this thing removed. Look forward to hearing from you.','2602','16','4','2','4');
INSERT INTO request (request_id,request_date,instruction,postcode,client_id,professional_id,service_id,request_status_id) VALUES ('81','2023-05-24 06:46:18.213','Ayyyyyye pro man or woman, help us with the tree, it has has fallen over. Tried to stop it though! I do not want to be rude, but could this please be looked at with haste?','2600','24','10','2','1');
INSERT INTO request (request_id,request_date,instruction,postcode,client_id,professional_id,service_id,request_status_id) VALUES ('82','2023-05-22 15:11:45.124','Awh man looks like there is an issue with the tree. Neighbour planted it actually and I hate it! Gotta get this thing removed. I do not want to be rude, but could this please be looked at with haste?','2602','18','19','1','3');
INSERT INTO request (request_id,request_date,instruction,postcode,client_id,professional_id,service_id,request_status_id) VALUES ('83','2023-05-28 22:47:45.687','Ayyyyyye pro man or woman, help us with the tree, it has has fallen over. Tried to stop it though! Really wanna get this one fixed before my partner returns from their trip...','2602','25',null,'5','4');
INSERT INTO request (request_id,request_date,instruction,postcode,client_id,professional_id,service_id,request_status_id) VALUES ('84','2023-05-23 22:24:37.46','Good Morning! There is an issue with the broken branch, it is hanging. Kinda looks like it might fall on the house uh... Can we please have this sorted quickly?','2600','22','18','4','2');
INSERT INTO request (request_id,request_date,instruction,postcode,client_id,professional_id,service_id,request_status_id) VALUES ('85','2023-06-01 08:37:18.562','Hello! Currently I have an issues with my front yard tree. My partner insisted that we plant a tree in the back yard. Now the council has complained forcing us to remove the tree. I should never listened to my partner!! If someone could look at this quickly I would be grateful!','2601','2',null,'5','2');
INSERT INTO request (request_id,request_date,instruction,postcode,client_id,professional_id,service_id,request_status_id) VALUES ('86','2023-06-08 01:58:10.411','Ayyyyyye pro man or woman, help us with the tree, it is leaning. Really badly so... Gotta get this one done quick, interest rates are going right up might run out of funds soon!','2602','25',null,'3','2');
INSERT INTO request (request_id,request_date,instruction,postcode,client_id,professional_id,service_id,request_status_id) VALUES ('87','2023-06-12 19:17:40.956','Ayyyyyye pro man or woman, help us with the broken branch, it is hanging. Kinda looks like it might fall on the house uh... No rush on the issue.','2602','26','19','4','4');
INSERT INTO request (request_id,request_date,instruction,postcode,client_id,professional_id,service_id,request_status_id) VALUES ('88','2023-05-25 13:57:56.907','Good Afternoon! I have found an issue with the tree in the front yard. It is blocking our view of the coast. If someone could look at this quickly I would be grateful!','2602','18','19','4','1');
INSERT INTO request (request_id,request_date,instruction,postcode,client_id,professional_id,service_id,request_status_id) VALUES ('89','2023-05-29 02:07:23.035','Awh man looks like there is an issue with the tree. Neighbour planted it actually and I hate it! Gotta get this thing removed. Can this please be fixed ASAP!?','2601','2','20','3','3');
INSERT INTO request (request_id,request_date,instruction,postcode,client_id,professional_id,service_id,request_status_id) VALUES ('90','2023-05-19 11:47:07.033','Bonjour sir/madam. The partner and I figured it would be best to get a professional to sort out the issue with the tree in the front yard. It is blocking our view of the coast. Can we please have this sorted quickly?','2774','13','11','4','4');
INSERT INTO request (request_id,request_date,instruction,postcode,client_id,professional_id,service_id,request_status_id) VALUES ('91','2023-06-13 22:18:50.697','This morning I started having trouble with the broken branch, it is hanging. Kinda looks like it might fall on the house uh... I do not want to be rude, but could this please be looked at with haste?','2774','13','15','1','4');
INSERT INTO request (request_id,request_date,instruction,postcode,client_id,professional_id,service_id,request_status_id) VALUES ('92','2023-06-12 03:47:49.695','Hello! Currently I have an issues with my broken branch, it is hanging. Kinda looks like it might fall on the house uh... Can this please be fixed ASAP!?','2600','21','13','3','4');
INSERT INTO request (request_id,request_date,instruction,postcode,client_id,professional_id,service_id,request_status_id) VALUES ('93','2023-06-14 23:17:26.481','This morning I started having trouble with the broken branch, it is hanging. Kinda looks like it might fall on the house uh... Look forward to hearing from you.','2600','15',null,'3','4');
INSERT INTO request (request_id,request_date,instruction,postcode,client_id,professional_id,service_id,request_status_id) VALUES ('94','2023-06-11 13:18:07.314','Ayyyyyye pro man or woman, help us with the broken branch, it is hanging. Kinda looks like it might fall on the house uh... Can we please have this sorted quickly?','2601','17',null,'1','3');
INSERT INTO request (request_id,request_date,instruction,postcode,client_id,professional_id,service_id,request_status_id) VALUES ('95','2023-06-10 01:19:54.54','Help me! Problem with the broken branch, it is hanging. Kinda looks like it might fall on the house uh... Help me if my partner sees this and confirms they were right. This one might be bad haha...','2600','24','6','4','3');
INSERT INTO request (request_id,request_date,instruction,postcode,client_id,professional_id,service_id,request_status_id) VALUES ('96','2023-06-03 10:40:27.877','Help me! Problem with the tree, it has has fallen over. Tried to stop it though! Gotta get this one done quick, interest rates are going right up might run out of funds soon!','2602','14','19','4','2');
INSERT INTO request (request_id,request_date,instruction,postcode,client_id,professional_id,service_id,request_status_id) VALUES ('97','2023-06-12 15:31:27.255','To whom this may concern, I have discovered an issue with my tree, it has fallen on top of the house! Not the damn house! If someone could look at this quickly I would be grateful!','2600','15','3','2','2');
INSERT INTO request (request_id,request_date,instruction,postcode,client_id,professional_id,service_id,request_status_id) VALUES ('98','2023-06-16 01:33:39.114','This morning I started having trouble with the front yard tree. My partner insisted that we plant a tree in the back yard. Now the council has complained forcing us to remove the tree. I should never listened to my partner!! I do not want to be rude, but could this please be looked at with haste?','2602','16',null,'1','1');
INSERT INTO request (request_id,request_date,instruction,postcode,client_id,professional_id,service_id,request_status_id) VALUES ('99','2023-05-20 13:06:44.504','Help me! Problem with the tree. Neighbour planted it actually and I hate it! Gotta get this thing removed. Look forward to hearing from you.','2600','24','3','2','1');
INSERT INTO request (request_id,request_date,instruction,postcode,client_id,professional_id,service_id,request_status_id) VALUES ('100','2023-05-22 13:16:20.163','Ayyyyyye pro man or woman, help us with the tree, it is leaning. Really badly so... Can this please be fixed ASAP!?','2600','11','3','5','3');

ALTER TABLE request_bid AUTO_INCREMENT = 1;

INSERT INTO request_bid (request_bid_id,request_id,professional_id,amount,sent_date,bid_status_id) VALUES ('1','1','7','184.4354206034169','2023-05-24 22:02:01.573','2');
INSERT INTO request_bid (request_bid_id,request_id,professional_id,amount,sent_date,bid_status_id) VALUES ('2','1','13','167.6440971099852','2023-06-11 06:33:18.282','3');
INSERT INTO request_bid (request_bid_id,request_id,professional_id,amount,sent_date,bid_status_id) VALUES ('3','1','18','99.00366444161091','2023-06-04 04:00:20.011','3');
INSERT INTO request_bid (request_bid_id,request_id,professional_id,amount,sent_date,bid_status_id) VALUES ('4','2','19','102.7917714308275','2023-05-25 14:00:10.462','2');
INSERT INTO request_bid (request_bid_id,request_id,professional_id,amount,sent_date,bid_status_id) VALUES ('5','3','19','130.02105311474304','2023-05-19 13:38:55.033','1');
INSERT INTO request_bid (request_bid_id,request_id,professional_id,amount,sent_date,bid_status_id) VALUES ('6','3','19','199.343391145143','2023-05-27 22:34:21.239','3');
INSERT INTO request_bid (request_bid_id,request_id,professional_id,amount,sent_date,bid_status_id) VALUES ('7','4','3','190.64758222132298','2023-05-25 11:57:00.601','3');
INSERT INTO request_bid (request_bid_id,request_id,professional_id,amount,sent_date,bid_status_id) VALUES ('8','4','13','24.350739023348158','2023-06-10 22:02:40.289','1');
INSERT INTO request_bid (request_bid_id,request_id,professional_id,amount,sent_date,bid_status_id) VALUES ('9','4','13','15.599494845385987','2023-06-11 11:38:10.515','1');
INSERT INTO request_bid (request_bid_id,request_id,professional_id,amount,sent_date,bid_status_id) VALUES ('10','7','19','16.646544818879182','2023-06-01 14:45:03.116','3');
INSERT INTO request_bid (request_bid_id,request_id,professional_id,amount,sent_date,bid_status_id) VALUES ('11','7','19','141.9179690595652','2023-05-26 08:47:26.339','2');
INSERT INTO request_bid (request_bid_id,request_id,professional_id,amount,sent_date,bid_status_id) VALUES ('12','8','11','160.4614608090147','2023-05-30 08:38:31.01','1');
INSERT INTO request_bid (request_bid_id,request_id,professional_id,amount,sent_date,bid_status_id) VALUES ('13','8','15','184.77002216879416','2023-05-23 03:00:49.197','3');
INSERT INTO request_bid (request_bid_id,request_id,professional_id,amount,sent_date,bid_status_id) VALUES ('14','10','8','77.34623515301787','2023-06-07 20:09:44.941','1');
INSERT INTO request_bid (request_bid_id,request_id,professional_id,amount,sent_date,bid_status_id) VALUES ('15','10','8','107.95286512634402','2023-06-07 14:14:01.185','1');
INSERT INTO request_bid (request_bid_id,request_id,professional_id,amount,sent_date,bid_status_id) VALUES ('16','10','16','27.502172086615584','2023-06-12 19:44:05.081','3');
INSERT INTO request_bid (request_bid_id,request_id,professional_id,amount,sent_date,bid_status_id) VALUES ('17','10','20','138.2558939536358','2023-05-30 01:33:21.006','3');
INSERT INTO request_bid (request_bid_id,request_id,professional_id,amount,sent_date,bid_status_id) VALUES ('18','11','8','150.16977022614418','2023-06-04 17:00:58.866','3');
INSERT INTO request_bid (request_bid_id,request_id,professional_id,amount,sent_date,bid_status_id) VALUES ('19','11','8','29.918868526505502','2023-06-12 05:28:00.153','1');
INSERT INTO request_bid (request_bid_id,request_id,professional_id,amount,sent_date,bid_status_id) VALUES ('20','11','16','162.32489650423932','2023-06-11 11:42:58.684','3');
INSERT INTO request_bid (request_bid_id,request_id,professional_id,amount,sent_date,bid_status_id) VALUES ('21','11','20','29.041994429502374','2023-05-24 11:25:05.625','2');
INSERT INTO request_bid (request_bid_id,request_id,professional_id,amount,sent_date,bid_status_id) VALUES ('22','12','19','105.98953683343315','2023-06-09 04:46:44.443','1');
INSERT INTO request_bid (request_bid_id,request_id,professional_id,amount,sent_date,bid_status_id) VALUES ('23','14','5','17.486940444974266','2023-05-24 18:56:04.004','2');
INSERT INTO request_bid (request_bid_id,request_id,professional_id,amount,sent_date,bid_status_id) VALUES ('24','14','12','110.43067607940472','2023-06-09 00:04:06.219','3');
INSERT INTO request_bid (request_bid_id,request_id,professional_id,amount,sent_date,bid_status_id) VALUES ('25','14','14','101.75868096340656','2023-06-01 01:19:39.022','3');
INSERT INTO request_bid (request_bid_id,request_id,professional_id,amount,sent_date,bid_status_id) VALUES ('26','14','14','114.14660813247022','2023-05-19 21:09:17.777','3');
INSERT INTO request_bid (request_bid_id,request_id,professional_id,amount,sent_date,bid_status_id) VALUES ('27','14','15','15.629060859742674','2023-05-27 12:49:35.196','3');
INSERT INTO request_bid (request_bid_id,request_id,professional_id,amount,sent_date,bid_status_id) VALUES ('28','15','4','186.34714801162505','2023-05-28 00:41:14.854','3');
INSERT INTO request_bid (request_bid_id,request_id,professional_id,amount,sent_date,bid_status_id) VALUES ('29','16','9','121.71706415143923','2023-06-13 11:45:32.539','3');
INSERT INTO request_bid (request_bid_id,request_id,professional_id,amount,sent_date,bid_status_id) VALUES ('30','16','9','66.48017673508981','2023-06-01 16:02:00.953','2');
INSERT INTO request_bid (request_bid_id,request_id,professional_id,amount,sent_date,bid_status_id) VALUES ('31','16','9','82.88268089120514','2023-06-05 03:52:30.245','3');
INSERT INTO request_bid (request_bid_id,request_id,professional_id,amount,sent_date,bid_status_id) VALUES ('32','16','17','15.245010419453827','2023-05-25 01:53:02.054','3');
INSERT INTO request_bid (request_bid_id,request_id,professional_id,amount,sent_date,bid_status_id) VALUES ('33','16','17','189.16724357040346','2023-06-10 22:13:10.282','3');
INSERT INTO request_bid (request_bid_id,request_id,professional_id,amount,sent_date,bid_status_id) VALUES ('34','17','1','86.8940572160648','2023-05-28 18:29:16.01','1');
INSERT INTO request_bid (request_bid_id,request_id,professional_id,amount,sent_date,bid_status_id) VALUES ('35','17','6','140.18152875099577','2023-06-15 04:06:14.247','2');
INSERT INTO request_bid (request_bid_id,request_id,professional_id,amount,sent_date,bid_status_id) VALUES ('36','17','18','57.98072674920607','2023-05-19 13:32:04.151','3');
INSERT INTO request_bid (request_bid_id,request_id,professional_id,amount,sent_date,bid_status_id) VALUES ('37','18','19','139.74289558061065','2023-06-06 18:47:39.31','1');
INSERT INTO request_bid (request_bid_id,request_id,professional_id,amount,sent_date,bid_status_id) VALUES ('38','19','1','189.19337113353345','2023-05-23 10:28:59.342','3');
INSERT INTO request_bid (request_bid_id,request_id,professional_id,amount,sent_date,bid_status_id) VALUES ('39','19','6','28.471793172416003','2023-05-30 05:37:18.675','1');
INSERT INTO request_bid (request_bid_id,request_id,professional_id,amount,sent_date,bid_status_id) VALUES ('40','19','18','87.77158493706393','2023-06-02 02:51:09.108','2');
INSERT INTO request_bid (request_bid_id,request_id,professional_id,amount,sent_date,bid_status_id) VALUES ('41','20','1','86.89675662889388','2023-05-21 22:18:55.722','1');
INSERT INTO request_bid (request_bid_id,request_id,professional_id,amount,sent_date,bid_status_id) VALUES ('42','20','6','108.40304780043861','2023-05-18 00:04:24.282','1');
INSERT INTO request_bid (request_bid_id,request_id,professional_id,amount,sent_date,bid_status_id) VALUES ('43','20','18','137.78906531947874','2023-06-11 22:18:14.339','2');
INSERT INTO request_bid (request_bid_id,request_id,professional_id,amount,sent_date,bid_status_id) VALUES ('44','21','3','74.36327218409257','2023-06-09 08:36:36.427','2');
INSERT INTO request_bid (request_bid_id,request_id,professional_id,amount,sent_date,bid_status_id) VALUES ('45','21','13','181.37834084338087','2023-05-18 18:23:13.335','3');
INSERT INTO request_bid (request_bid_id,request_id,professional_id,amount,sent_date,bid_status_id) VALUES ('46','21','13','179.41533344175053','2023-05-24 11:34:35.657','3');
INSERT INTO request_bid (request_bid_id,request_id,professional_id,amount,sent_date,bid_status_id) VALUES ('47','22','3','132.13850063382267','2023-05-24 08:11:45.258','3');
INSERT INTO request_bid (request_bid_id,request_id,professional_id,amount,sent_date,bid_status_id) VALUES ('48','22','3','54.38623045132793','2023-06-07 02:02:29.791','3');
INSERT INTO request_bid (request_bid_id,request_id,professional_id,amount,sent_date,bid_status_id) VALUES ('49','22','10','151.78411195142448','2023-06-09 13:49:01.223','3');
INSERT INTO request_bid (request_bid_id,request_id,professional_id,amount,sent_date,bid_status_id) VALUES ('50','22','10','50.307145979067776','2023-05-23 10:12:42.269','2');
INSERT INTO request_bid (request_bid_id,request_id,professional_id,amount,sent_date,bid_status_id) VALUES ('51','23','20','23.39330366383769','2023-06-09 05:48:54.716','3');
INSERT INTO request_bid (request_bid_id,request_id,professional_id,amount,sent_date,bid_status_id) VALUES ('52','23','20','43.474947307218486','2023-05-30 08:38:05.873','1');
INSERT INTO request_bid (request_bid_id,request_id,professional_id,amount,sent_date,bid_status_id) VALUES ('53','24','3','196.52817716746029','2023-05-18 20:03:31.738','2');
INSERT INTO request_bid (request_bid_id,request_id,professional_id,amount,sent_date,bid_status_id) VALUES ('54','24','3','66.09720180713411','2023-06-02 23:51:55.333','3');
INSERT INTO request_bid (request_bid_id,request_id,professional_id,amount,sent_date,bid_status_id) VALUES ('55','24','10','133.47564871032307','2023-06-10 23:35:21.278','3');
INSERT INTO request_bid (request_bid_id,request_id,professional_id,amount,sent_date,bid_status_id) VALUES ('56','24','10','152.3837708218617','2023-05-21 11:57:50.963','3');
INSERT INTO request_bid (request_bid_id,request_id,professional_id,amount,sent_date,bid_status_id) VALUES ('57','26','7','139.52341791069333','2023-05-28 14:33:37.776','2');
INSERT INTO request_bid (request_bid_id,request_id,professional_id,amount,sent_date,bid_status_id) VALUES ('58','26','13','31.362848297283787','2023-06-02 07:57:05.85','3');
INSERT INTO request_bid (request_bid_id,request_id,professional_id,amount,sent_date,bid_status_id) VALUES ('59','26','18','173.8024207549725','2023-06-08 04:53:06.234','3');
INSERT INTO request_bid (request_bid_id,request_id,professional_id,amount,sent_date,bid_status_id) VALUES ('60','27','4','35.01880640099814','2023-06-12 05:10:11.056','1');
INSERT INTO request_bid (request_bid_id,request_id,professional_id,amount,sent_date,bid_status_id) VALUES ('61','27','19','143.78247307748137','2023-06-07 09:01:35.651','3');
INSERT INTO request_bid (request_bid_id,request_id,professional_id,amount,sent_date,bid_status_id) VALUES ('62','28','3','120.82095283084556','2023-06-06 22:50:18.55','2');
INSERT INTO request_bid (request_bid_id,request_id,professional_id,amount,sent_date,bid_status_id) VALUES ('63','28','3','43.68406964100647','2023-05-27 13:54:27.878','3');
INSERT INTO request_bid (request_bid_id,request_id,professional_id,amount,sent_date,bid_status_id) VALUES ('64','28','10','179.005486789922','2023-06-14 09:20:53.36','3');
INSERT INTO request_bid (request_bid_id,request_id,professional_id,amount,sent_date,bid_status_id) VALUES ('65','28','10','25.97338067369285','2023-05-21 13:15:23.101','3');
INSERT INTO request_bid (request_bid_id,request_id,professional_id,amount,sent_date,bid_status_id) VALUES ('66','29','19','37.43325366428826','2023-05-27 01:47:24.627','3');
INSERT INTO request_bid (request_bid_id,request_id,professional_id,amount,sent_date,bid_status_id) VALUES ('67','30','5','135.70958070380425','2023-06-02 01:07:04.213','1');
INSERT INTO request_bid (request_bid_id,request_id,professional_id,amount,sent_date,bid_status_id) VALUES ('68','30','12','161.4294522973968','2023-05-20 02:54:47.521','3');
INSERT INTO request_bid (request_bid_id,request_id,professional_id,amount,sent_date,bid_status_id) VALUES ('69','30','14','192.62446629309315','2023-06-07 09:11:18.582','2');
INSERT INTO request_bid (request_bid_id,request_id,professional_id,amount,sent_date,bid_status_id) VALUES ('70','30','14','187.956448788506','2023-06-13 12:46:49.886','3');
INSERT INTO request_bid (request_bid_id,request_id,professional_id,amount,sent_date,bid_status_id) VALUES ('71','30','15','145.5729233054561','2023-06-06 22:15:50.743','3');
INSERT INTO request_bid (request_bid_id,request_id,professional_id,amount,sent_date,bid_status_id) VALUES ('72','32','7','28.684712405968824','2023-06-05 14:34:25.616','1');
INSERT INTO request_bid (request_bid_id,request_id,professional_id,amount,sent_date,bid_status_id) VALUES ('73','32','13','153.14423157586975','2023-05-26 15:51:07.973','2');
INSERT INTO request_bid (request_bid_id,request_id,professional_id,amount,sent_date,bid_status_id) VALUES ('74','32','18','173.97052988262485','2023-05-22 21:29:22.604','3');
INSERT INTO request_bid (request_bid_id,request_id,professional_id,amount,sent_date,bid_status_id) VALUES ('75','33','4','12.722960255010602','2023-06-08 07:03:38.241','1');
INSERT INTO request_bid (request_bid_id,request_id,professional_id,amount,sent_date,bid_status_id) VALUES ('76','34','7','174.78381963045706','2023-05-28 09:35:10.826','1');
INSERT INTO request_bid (request_bid_id,request_id,professional_id,amount,sent_date,bid_status_id) VALUES ('77','34','13','53.301900965059076','2023-05-24 16:39:05.449','2');
INSERT INTO request_bid (request_bid_id,request_id,professional_id,amount,sent_date,bid_status_id) VALUES ('78','34','18','151.3688224880965','2023-06-11 04:15:04.246','3');
INSERT INTO request_bid (request_bid_id,request_id,professional_id,amount,sent_date,bid_status_id) VALUES ('79','35','7','66.95281741667868','2023-06-05 00:52:03.173','3');
INSERT INTO request_bid (request_bid_id,request_id,professional_id,amount,sent_date,bid_status_id) VALUES ('80','35','13','168.5404936607456','2023-05-31 12:57:22.245','1');
INSERT INTO request_bid (request_bid_id,request_id,professional_id,amount,sent_date,bid_status_id) VALUES ('81','35','18','14.612944407329719','2023-06-14 11:41:32.991','1');
INSERT INTO request_bid (request_bid_id,request_id,professional_id,amount,sent_date,bid_status_id) VALUES ('82','36','3','191.43997701076108','2023-05-21 19:23:21.693','3');
INSERT INTO request_bid (request_bid_id,request_id,professional_id,amount,sent_date,bid_status_id) VALUES ('83','36','13','57.16464090666769','2023-05-30 19:48:32.69','1');
INSERT INTO request_bid (request_bid_id,request_id,professional_id,amount,sent_date,bid_status_id) VALUES ('84','36','13','101.97686278699246','2023-05-20 04:04:55.782','2');
INSERT INTO request_bid (request_bid_id,request_id,professional_id,amount,sent_date,bid_status_id) VALUES ('85','37','19','74.31129931535501','2023-06-04 05:51:58.499','2');
INSERT INTO request_bid (request_bid_id,request_id,professional_id,amount,sent_date,bid_status_id) VALUES ('86','38','19','173.52159034089215','2023-06-08 14:09:34.56','1');
INSERT INTO request_bid (request_bid_id,request_id,professional_id,amount,sent_date,bid_status_id) VALUES ('87','39','3','81.28294651703924','2023-05-29 19:13:11.862','3');
INSERT INTO request_bid (request_bid_id,request_id,professional_id,amount,sent_date,bid_status_id) VALUES ('88','39','3','154.13318679671013','2023-05-19 00:20:07.545','2');
INSERT INTO request_bid (request_bid_id,request_id,professional_id,amount,sent_date,bid_status_id) VALUES ('89','39','10','63.9796111592063','2023-06-15 18:12:24.236','3');
INSERT INTO request_bid (request_bid_id,request_id,professional_id,amount,sent_date,bid_status_id) VALUES ('90','39','10','120.94590495365021','2023-05-21 03:56:40.604','3');
INSERT INTO request_bid (request_bid_id,request_id,professional_id,amount,sent_date,bid_status_id) VALUES ('91','40','5','137.73360708078377','2023-05-25 05:27:59.922','1');
INSERT INTO request_bid (request_bid_id,request_id,professional_id,amount,sent_date,bid_status_id) VALUES ('92','40','12','188.81737924349142','2023-05-21 05:51:43.535','1');
INSERT INTO request_bid (request_bid_id,request_id,professional_id,amount,sent_date,bid_status_id) VALUES ('93','40','14','84.26441470484812','2023-05-29 20:43:24.239','2');
INSERT INTO request_bid (request_bid_id,request_id,professional_id,amount,sent_date,bid_status_id) VALUES ('94','40','14','85.91635169054148','2023-06-09 06:33:26.14','3');
INSERT INTO request_bid (request_bid_id,request_id,professional_id,amount,sent_date,bid_status_id) VALUES ('95','40','15','110.7280771264714','2023-05-20 05:19:41.691','3');
INSERT INTO request_bid (request_bid_id,request_id,professional_id,amount,sent_date,bid_status_id) VALUES ('96','41','3','47.41426885594385','2023-05-18 16:27:37.378','2');
INSERT INTO request_bid (request_bid_id,request_id,professional_id,amount,sent_date,bid_status_id) VALUES ('97','41','3','191.61405450282402','2023-05-30 07:15:17.446','3');
INSERT INTO request_bid (request_bid_id,request_id,professional_id,amount,sent_date,bid_status_id) VALUES ('98','41','10','50.43804064549731','2023-06-09 04:27:58.686','3');
INSERT INTO request_bid (request_bid_id,request_id,professional_id,amount,sent_date,bid_status_id) VALUES ('99','41','10','58.03104201809645','2023-06-02 18:18:36.59','3');
INSERT INTO request_bid (request_bid_id,request_id,professional_id,amount,sent_date,bid_status_id) VALUES ('100','42','7','186.88738116716416','2023-06-12 07:08:09.839','2');
INSERT INTO request_bid (request_bid_id,request_id,professional_id,amount,sent_date,bid_status_id) VALUES ('101','42','7','10.543449305587457','2023-05-24 18:36:42.138','3');
INSERT INTO request_bid (request_bid_id,request_id,professional_id,amount,sent_date,bid_status_id) VALUES ('102','42','10','13.260828176971845','2023-05-26 04:03:31.622','3');
INSERT INTO request_bid (request_bid_id,request_id,professional_id,amount,sent_date,bid_status_id) VALUES ('103','42','18','30.087056916330603','2023-05-27 00:20:54.269','3');
INSERT INTO request_bid (request_bid_id,request_id,professional_id,amount,sent_date,bid_status_id) VALUES ('104','43','7','118.349425279397','2023-06-06 07:36:09.387','2');
INSERT INTO request_bid (request_bid_id,request_id,professional_id,amount,sent_date,bid_status_id) VALUES ('105','43','13','46.938037092308086','2023-06-12 17:22:24.741','3');
INSERT INTO request_bid (request_bid_id,request_id,professional_id,amount,sent_date,bid_status_id) VALUES ('106','43','18','114.47761206109811','2023-06-14 12:37:11.543','3');
INSERT INTO request_bid (request_bid_id,request_id,professional_id,amount,sent_date,bid_status_id) VALUES ('107','44','1','35.813150523764634','2023-05-27 08:46:25.932','1');
INSERT INTO request_bid (request_bid_id,request_id,professional_id,amount,sent_date,bid_status_id) VALUES ('108','44','6','124.3646608163798','2023-05-19 11:18:16.196','3');
INSERT INTO request_bid (request_bid_id,request_id,professional_id,amount,sent_date,bid_status_id) VALUES ('109','44','18','130.28467545440793','2023-05-28 17:07:56.888','3');
INSERT INTO request_bid (request_bid_id,request_id,professional_id,amount,sent_date,bid_status_id) VALUES ('110','45','4','51.447423150989984','2023-06-08 02:37:37.107','2');
INSERT INTO request_bid (request_bid_id,request_id,professional_id,amount,sent_date,bid_status_id) VALUES ('111','45','19','70.08315000924777','2023-05-21 13:13:20.657','3');
INSERT INTO request_bid (request_bid_id,request_id,professional_id,amount,sent_date,bid_status_id) VALUES ('112','46','4','108.78464427851797','2023-06-04 16:50:40.71','2');
INSERT INTO request_bid (request_bid_id,request_id,professional_id,amount,sent_date,bid_status_id) VALUES ('113','47','8','98.90382334489722','2023-06-10 17:57:11.077','1');
INSERT INTO request_bid (request_bid_id,request_id,professional_id,amount,sent_date,bid_status_id) VALUES ('114','47','16','88.0203892844768','2023-05-27 16:44:44.556','3');
INSERT INTO request_bid (request_bid_id,request_id,professional_id,amount,sent_date,bid_status_id) VALUES ('115','48','3','192.22389854119086','2023-06-14 02:35:54.114','1');
INSERT INTO request_bid (request_bid_id,request_id,professional_id,amount,sent_date,bid_status_id) VALUES ('116','48','3','50.46594163087737','2023-05-22 08:38:55.247','3');
INSERT INTO request_bid (request_bid_id,request_id,professional_id,amount,sent_date,bid_status_id) VALUES ('117','48','10','74.31178177851098','2023-06-05 13:56:21.637','2');
INSERT INTO request_bid (request_bid_id,request_id,professional_id,amount,sent_date,bid_status_id) VALUES ('118','48','10','83.83310734558704','2023-05-31 06:35:21.793','3');
INSERT INTO request_bid (request_bid_id,request_id,professional_id,amount,sent_date,bid_status_id) VALUES ('119','49','4','118.69800326086552','2023-06-04 10:54:03.08','1');
INSERT INTO request_bid (request_bid_id,request_id,professional_id,amount,sent_date,bid_status_id) VALUES ('120','49','19','98.16486987494048','2023-05-18 05:41:46.59','3');
INSERT INTO request_bid (request_bid_id,request_id,professional_id,amount,sent_date,bid_status_id) VALUES ('121','50','4','168.0452911549037','2023-06-08 12:43:04.395','1');
INSERT INTO request_bid (request_bid_id,request_id,professional_id,amount,sent_date,bid_status_id) VALUES ('122','51','7','111.8599944099627','2023-06-15 16:29:43.146','1');
INSERT INTO request_bid (request_bid_id,request_id,professional_id,amount,sent_date,bid_status_id) VALUES ('123','51','7','143.02173276156435','2023-06-02 17:49:10.034','3');
INSERT INTO request_bid (request_bid_id,request_id,professional_id,amount,sent_date,bid_status_id) VALUES ('124','51','10','150.4914608097797','2023-06-08 16:02:19.516','3');
INSERT INTO request_bid (request_bid_id,request_id,professional_id,amount,sent_date,bid_status_id) VALUES ('125','51','18','62.82547659359476','2023-06-14 02:32:03.44','3');
INSERT INTO request_bid (request_bid_id,request_id,professional_id,amount,sent_date,bid_status_id) VALUES ('126','52','19','71.7747905190405','2023-05-19 03:40:03.397','3');
INSERT INTO request_bid (request_bid_id,request_id,professional_id,amount,sent_date,bid_status_id) VALUES ('127','53','16','198.94169819216987','2023-06-08 15:35:23.487','3');
INSERT INTO request_bid (request_bid_id,request_id,professional_id,amount,sent_date,bid_status_id) VALUES ('128','54','3','44.710851521409474','2023-05-25 17:53:52.903','3');
INSERT INTO request_bid (request_bid_id,request_id,professional_id,amount,sent_date,bid_status_id) VALUES ('129','54','3','176.00203296858774','2023-06-01 12:10:04.238','1');
INSERT INTO request_bid (request_bid_id,request_id,professional_id,amount,sent_date,bid_status_id) VALUES ('130','54','10','144.78669697924008','2023-05-22 06:36:42.437','3');
INSERT INTO request_bid (request_bid_id,request_id,professional_id,amount,sent_date,bid_status_id) VALUES ('131','54','10','42.525373258280396','2023-06-11 06:06:37.16','1');
INSERT INTO request_bid (request_bid_id,request_id,professional_id,amount,sent_date,bid_status_id) VALUES ('132','55','19','144.21140291379592','2023-05-18 15:49:01.337','3');
INSERT INTO request_bid (request_bid_id,request_id,professional_id,amount,sent_date,bid_status_id) VALUES ('133','55','19','101.9718373456597','2023-05-18 12:46:18.804','3');
INSERT INTO request_bid (request_bid_id,request_id,professional_id,amount,sent_date,bid_status_id) VALUES ('134','56','8','51.879200144335144','2023-05-21 17:27:57.125','3');
INSERT INTO request_bid (request_bid_id,request_id,professional_id,amount,sent_date,bid_status_id) VALUES ('135','56','20','174.38420739307315','2023-06-15 21:01:57.137','2');
INSERT INTO request_bid (request_bid_id,request_id,professional_id,amount,sent_date,bid_status_id) VALUES ('136','57','4','11.648726000001586','2023-06-14 13:01:17.595','2');
INSERT INTO request_bid (request_bid_id,request_id,professional_id,amount,sent_date,bid_status_id) VALUES ('137','57','19','51.18341374591855','2023-06-07 09:43:25.299','3');
INSERT INTO request_bid (request_bid_id,request_id,professional_id,amount,sent_date,bid_status_id) VALUES ('138','58','19','30.623102457740575','2023-05-24 22:20:44.375','1');
INSERT INTO request_bid (request_bid_id,request_id,professional_id,amount,sent_date,bid_status_id) VALUES ('139','58','19','65.5923081119086','2023-06-15 13:50:41.843','1');
INSERT INTO request_bid (request_bid_id,request_id,professional_id,amount,sent_date,bid_status_id) VALUES ('140','59','7','141.16758341217326','2023-06-14 16:15:25.828','3');
INSERT INTO request_bid (request_bid_id,request_id,professional_id,amount,sent_date,bid_status_id) VALUES ('141','59','13','129.69904788275352','2023-05-30 08:18:03.851','2');
INSERT INTO request_bid (request_bid_id,request_id,professional_id,amount,sent_date,bid_status_id) VALUES ('142','59','18','65.9445528889651','2023-06-09 04:09:52.872','3');
INSERT INTO request_bid (request_bid_id,request_id,professional_id,amount,sent_date,bid_status_id) VALUES ('143','60','4','65.63606835808486','2023-05-29 13:55:15.477','1');
INSERT INTO request_bid (request_bid_id,request_id,professional_id,amount,sent_date,bid_status_id) VALUES ('144','61','3','198.9051757406261','2023-05-19 16:21:26.76','2');
INSERT INTO request_bid (request_bid_id,request_id,professional_id,amount,sent_date,bid_status_id) VALUES ('145','61','13','191.0312041264062','2023-06-14 12:07:42.427','3');
INSERT INTO request_bid (request_bid_id,request_id,professional_id,amount,sent_date,bid_status_id) VALUES ('146','61','13','155.45753292776402','2023-06-11 11:17:32.677','3');
INSERT INTO request_bid (request_bid_id,request_id,professional_id,amount,sent_date,bid_status_id) VALUES ('147','62','7','66.47732019911527','2023-05-22 07:50:11.59','3');
INSERT INTO request_bid (request_bid_id,request_id,professional_id,amount,sent_date,bid_status_id) VALUES ('148','62','13','178.12097379309495','2023-06-15 00:20:27.289','2');
INSERT INTO request_bid (request_bid_id,request_id,professional_id,amount,sent_date,bid_status_id) VALUES ('149','62','18','99.1874375458384','2023-05-24 17:24:51.744','3');
INSERT INTO request_bid (request_bid_id,request_id,professional_id,amount,sent_date,bid_status_id) VALUES ('150','63','4','194.99434588719595','2023-06-04 19:30:50.211','2');
INSERT INTO request_bid (request_bid_id,request_id,professional_id,amount,sent_date,bid_status_id) VALUES ('151','63','19','34.06232054490935','2023-05-30 19:06:39.571','3');
INSERT INTO request_bid (request_bid_id,request_id,professional_id,amount,sent_date,bid_status_id) VALUES ('152','64','8','47.56730682362084','2023-05-19 15:51:12.154','1');
INSERT INTO request_bid (request_bid_id,request_id,professional_id,amount,sent_date,bid_status_id) VALUES ('153','64','16','113.84422811342502','2023-06-10 21:33:10.112','2');
INSERT INTO request_bid (request_bid_id,request_id,professional_id,amount,sent_date,bid_status_id) VALUES ('154','65','19','102.49381100964968','2023-06-06 05:47:54.301','1');
INSERT INTO request_bid (request_bid_id,request_id,professional_id,amount,sent_date,bid_status_id) VALUES ('155','65','19','131.41185414822257','2023-05-23 22:21:35.899','1');
INSERT INTO request_bid (request_bid_id,request_id,professional_id,amount,sent_date,bid_status_id) VALUES ('156','67','7','124.52351078448143','2023-05-18 19:46:52.055','3');
INSERT INTO request_bid (request_bid_id,request_id,professional_id,amount,sent_date,bid_status_id) VALUES ('157','67','13','39.76621991059493','2023-06-09 17:09:02.485','1');
INSERT INTO request_bid (request_bid_id,request_id,professional_id,amount,sent_date,bid_status_id) VALUES ('158','67','18','68.33284142500261','2023-06-08 18:03:21.004','1');
INSERT INTO request_bid (request_bid_id,request_id,professional_id,amount,sent_date,bid_status_id) VALUES ('159','68','8','184.61387848732522','2023-05-20 01:07:50.976','2');
INSERT INTO request_bid (request_bid_id,request_id,professional_id,amount,sent_date,bid_status_id) VALUES ('160','68','20','12.02316105099155','2023-06-05 23:02:36.658','3');
INSERT INTO request_bid (request_bid_id,request_id,professional_id,amount,sent_date,bid_status_id) VALUES ('161','69','1','126.72472533558393','2023-05-30 09:16:09.125','1');
INSERT INTO request_bid (request_bid_id,request_id,professional_id,amount,sent_date,bid_status_id) VALUES ('162','69','6','184.99297321151687','2023-06-11 18:18:27.816','1');
INSERT INTO request_bid (request_bid_id,request_id,professional_id,amount,sent_date,bid_status_id) VALUES ('163','69','18','199.2496932597682','2023-05-27 04:57:12.305','2');
INSERT INTO request_bid (request_bid_id,request_id,professional_id,amount,sent_date,bid_status_id) VALUES ('164','71','11','168.55525143358105','2023-06-02 08:15:08.649','2');
INSERT INTO request_bid (request_bid_id,request_id,professional_id,amount,sent_date,bid_status_id) VALUES ('165','71','11','45.85768984518577','2023-05-25 16:52:22.939','3');
INSERT INTO request_bid (request_bid_id,request_id,professional_id,amount,sent_date,bid_status_id) VALUES ('166','71','12','46.40767274711011','2023-06-10 06:24:27.696','3');
INSERT INTO request_bid (request_bid_id,request_id,professional_id,amount,sent_date,bid_status_id) VALUES ('167','71','15','91.34283984270314','2023-05-22 04:53:43.249','3');
INSERT INTO request_bid (request_bid_id,request_id,professional_id,amount,sent_date,bid_status_id) VALUES ('168','72','5','145.40017218439203','2023-06-04 01:47:19.179','3');
INSERT INTO request_bid (request_bid_id,request_id,professional_id,amount,sent_date,bid_status_id) VALUES ('169','72','12','167.52986814259347','2023-06-10 13:52:47.296','2');
INSERT INTO request_bid (request_bid_id,request_id,professional_id,amount,sent_date,bid_status_id) VALUES ('170','72','14','142.3368856152083','2023-05-27 00:22:41.928','3');
INSERT INTO request_bid (request_bid_id,request_id,professional_id,amount,sent_date,bid_status_id) VALUES ('171','72','14','192.52196745352305','2023-06-03 22:47:36.583','3');
INSERT INTO request_bid (request_bid_id,request_id,professional_id,amount,sent_date,bid_status_id) VALUES ('172','72','15','22.95969789368884','2023-05-31 16:05:07.348','3');
INSERT INTO request_bid (request_bid_id,request_id,professional_id,amount,sent_date,bid_status_id) VALUES ('173','73','19','166.61010537121436','2023-06-09 14:05:42.783','2');
INSERT INTO request_bid (request_bid_id,request_id,professional_id,amount,sent_date,bid_status_id) VALUES ('174','74','5','161.9328303410253','2023-05-30 16:56:31.972','3');
INSERT INTO request_bid (request_bid_id,request_id,professional_id,amount,sent_date,bid_status_id) VALUES ('175','74','12','62.0232918775134','2023-05-25 12:42:23.909','1');
INSERT INTO request_bid (request_bid_id,request_id,professional_id,amount,sent_date,bid_status_id) VALUES ('176','74','14','26.639370550369','2023-05-29 11:50:53.745','2');
INSERT INTO request_bid (request_bid_id,request_id,professional_id,amount,sent_date,bid_status_id) VALUES ('177','74','14','71.59806931418062','2023-05-27 04:04:34.515','3');
INSERT INTO request_bid (request_bid_id,request_id,professional_id,amount,sent_date,bid_status_id) VALUES ('178','74','15','191.81300706172146','2023-05-30 22:26:21.475','3');
INSERT INTO request_bid (request_bid_id,request_id,professional_id,amount,sent_date,bid_status_id) VALUES ('179','75','7','151.72242488325196','2023-06-05 04:37:44.358','3');
INSERT INTO request_bid (request_bid_id,request_id,professional_id,amount,sent_date,bid_status_id) VALUES ('180','75','7','83.94740053449938','2023-06-06 11:49:40.251','1');
INSERT INTO request_bid (request_bid_id,request_id,professional_id,amount,sent_date,bid_status_id) VALUES ('181','75','10','104.3865359647359','2023-06-13 11:50:24.291','1');
INSERT INTO request_bid (request_bid_id,request_id,professional_id,amount,sent_date,bid_status_id) VALUES ('182','75','18','186.26535609110846','2023-06-11 07:25:05.368','3');
INSERT INTO request_bid (request_bid_id,request_id,professional_id,amount,sent_date,bid_status_id) VALUES ('183','78','4','41.03016848530044','2023-05-18 18:09:04.285','3');
INSERT INTO request_bid (request_bid_id,request_id,professional_id,amount,sent_date,bid_status_id) VALUES ('184','78','19','148.2950156948585','2023-05-29 21:59:14.557','2');
INSERT INTO request_bid (request_bid_id,request_id,professional_id,amount,sent_date,bid_status_id) VALUES ('185','79','11','74.48320325692625','2023-05-26 00:32:22.917','2');
INSERT INTO request_bid (request_bid_id,request_id,professional_id,amount,sent_date,bid_status_id) VALUES ('186','79','15','43.03242633688678','2023-05-26 15:16:45.426','3');
INSERT INTO request_bid (request_bid_id,request_id,professional_id,amount,sent_date,bid_status_id) VALUES ('187','80','4','52.35299399702866','2023-06-02 22:01:42.373','2');
INSERT INTO request_bid (request_bid_id,request_id,professional_id,amount,sent_date,bid_status_id) VALUES ('188','81','3','87.99688747113751','2023-06-10 10:43:50.201','3');
INSERT INTO request_bid (request_bid_id,request_id,professional_id,amount,sent_date,bid_status_id) VALUES ('189','81','3','35.068207813892116','2023-05-28 22:46:02.92','3');
INSERT INTO request_bid (request_bid_id,request_id,professional_id,amount,sent_date,bid_status_id) VALUES ('190','81','10','76.15809679612283','2023-05-20 22:32:10.966','1');
INSERT INTO request_bid (request_bid_id,request_id,professional_id,amount,sent_date,bid_status_id) VALUES ('191','81','10','191.97693097137656','2023-06-02 05:03:40.082','2');
INSERT INTO request_bid (request_bid_id,request_id,professional_id,amount,sent_date,bid_status_id) VALUES ('192','82','4','73.44609905866075','2023-06-14 09:48:52.873','3');
INSERT INTO request_bid (request_bid_id,request_id,professional_id,amount,sent_date,bid_status_id) VALUES ('193','82','19','97.216936128187','2023-05-22 16:37:54.339','2');
INSERT INTO request_bid (request_bid_id,request_id,professional_id,amount,sent_date,bid_status_id) VALUES ('194','84','1','93.53922884464316','2023-05-27 01:43:45.266','1');
INSERT INTO request_bid (request_bid_id,request_id,professional_id,amount,sent_date,bid_status_id) VALUES ('195','84','6','24.884528065361383','2023-05-19 09:30:00.557','1');
INSERT INTO request_bid (request_bid_id,request_id,professional_id,amount,sent_date,bid_status_id) VALUES ('196','84','18','68.76897161979034','2023-06-04 23:51:42.828','2');
INSERT INTO request_bid (request_bid_id,request_id,professional_id,amount,sent_date,bid_status_id) VALUES ('197','85','8','86.43331639766242','2023-06-11 23:17:28.59','3');
INSERT INTO request_bid (request_bid_id,request_id,professional_id,amount,sent_date,bid_status_id) VALUES ('198','85','8','112.81070038178228','2023-06-06 05:09:19.961','3');
INSERT INTO request_bid (request_bid_id,request_id,professional_id,amount,sent_date,bid_status_id) VALUES ('199','85','16','91.19804990622728','2023-06-07 02:51:34.921','1');
INSERT INTO request_bid (request_bid_id,request_id,professional_id,amount,sent_date,bid_status_id) VALUES ('200','85','20','78.2716739276018','2023-06-11 03:57:01.019','1');
INSERT INTO request_bid (request_bid_id,request_id,professional_id,amount,sent_date,bid_status_id) VALUES ('201','86','19','20.391104747168683','2023-06-02 16:26:57.793','1');
INSERT INTO request_bid (request_bid_id,request_id,professional_id,amount,sent_date,bid_status_id) VALUES ('202','87','19','131.93304589612057','2023-05-24 16:46:10.644','3');
INSERT INTO request_bid (request_bid_id,request_id,professional_id,amount,sent_date,bid_status_id) VALUES ('203','87','19','192.46138107699562','2023-05-18 05:42:10.862','2');
INSERT INTO request_bid (request_bid_id,request_id,professional_id,amount,sent_date,bid_status_id) VALUES ('204','88','19','177.77999944057265','2023-05-21 05:30:15.783','2');
INSERT INTO request_bid (request_bid_id,request_id,professional_id,amount,sent_date,bid_status_id) VALUES ('205','88','19','173.47483043074712','2023-05-19 07:40:23.347','3');
INSERT INTO request_bid (request_bid_id,request_id,professional_id,amount,sent_date,bid_status_id) VALUES ('206','89','8','153.87276559649473','2023-06-05 23:27:51.441','3');
INSERT INTO request_bid (request_bid_id,request_id,professional_id,amount,sent_date,bid_status_id) VALUES ('207','89','20','17.123885650207313','2023-05-18 01:30:15.734','2');
INSERT INTO request_bid (request_bid_id,request_id,professional_id,amount,sent_date,bid_status_id) VALUES ('208','90','11','156.12486843003524','2023-06-13 06:04:49.934','2');
INSERT INTO request_bid (request_bid_id,request_id,professional_id,amount,sent_date,bid_status_id) VALUES ('209','90','11','97.9373107285041','2023-05-28 07:10:10.314','3');
INSERT INTO request_bid (request_bid_id,request_id,professional_id,amount,sent_date,bid_status_id) VALUES ('210','90','12','159.59885026025785','2023-06-09 22:20:36.732','3');
INSERT INTO request_bid (request_bid_id,request_id,professional_id,amount,sent_date,bid_status_id) VALUES ('211','90','15','143.41871325858457','2023-05-21 02:37:39.645','3');
INSERT INTO request_bid (request_bid_id,request_id,professional_id,amount,sent_date,bid_status_id) VALUES ('212','91','5','116.46255654088263','2023-05-30 19:42:35.295','1');
INSERT INTO request_bid (request_bid_id,request_id,professional_id,amount,sent_date,bid_status_id) VALUES ('213','91','12','134.01556770769622','2023-06-12 19:01:26.62','1');
INSERT INTO request_bid (request_bid_id,request_id,professional_id,amount,sent_date,bid_status_id) VALUES ('214','91','14','144.61132754589272','2023-06-08 16:01:34.039','1');
INSERT INTO request_bid (request_bid_id,request_id,professional_id,amount,sent_date,bid_status_id) VALUES ('215','91','14','161.74972717135944','2023-06-03 04:00:06.325','3');
INSERT INTO request_bid (request_bid_id,request_id,professional_id,amount,sent_date,bid_status_id) VALUES ('216','91','15','12.673101651401861','2023-06-07 10:13:46.368','2');
INSERT INTO request_bid (request_bid_id,request_id,professional_id,amount,sent_date,bid_status_id) VALUES ('217','92','7','65.76197366524866','2023-06-14 09:01:17.734','1');
INSERT INTO request_bid (request_bid_id,request_id,professional_id,amount,sent_date,bid_status_id) VALUES ('218','92','13','33.57665958666698','2023-05-31 15:34:45.633','2');
INSERT INTO request_bid (request_bid_id,request_id,professional_id,amount,sent_date,bid_status_id) VALUES ('219','92','18','183.40958006139377','2023-05-29 23:44:28.348','3');
INSERT INTO request_bid (request_bid_id,request_id,professional_id,amount,sent_date,bid_status_id) VALUES ('220','93','7','151.01756193671054','2023-05-21 17:31:21.201','1');
INSERT INTO request_bid (request_bid_id,request_id,professional_id,amount,sent_date,bid_status_id) VALUES ('221','93','13','182.91616248935864','2023-06-16 01:55:48.08','3');
INSERT INTO request_bid (request_bid_id,request_id,professional_id,amount,sent_date,bid_status_id) VALUES ('222','93','18','140.85014929588394','2023-05-23 23:24:11.814','3');
INSERT INTO request_bid (request_bid_id,request_id,professional_id,amount,sent_date,bid_status_id) VALUES ('223','94','8','67.68663156952826','2023-05-21 17:22:16.727','1');
INSERT INTO request_bid (request_bid_id,request_id,professional_id,amount,sent_date,bid_status_id) VALUES ('224','94','16','84.70047975479028','2023-06-05 03:35:13.669','3');
INSERT INTO request_bid (request_bid_id,request_id,professional_id,amount,sent_date,bid_status_id) VALUES ('225','95','1','54.92619477657901','2023-05-27 21:13:58.321','1');
INSERT INTO request_bid (request_bid_id,request_id,professional_id,amount,sent_date,bid_status_id) VALUES ('226','95','6','118.26477298672488','2023-05-27 10:28:24.145','2');
INSERT INTO request_bid (request_bid_id,request_id,professional_id,amount,sent_date,bid_status_id) VALUES ('227','95','18','181.92826748802287','2023-05-18 23:56:36.965','3');
INSERT INTO request_bid (request_bid_id,request_id,professional_id,amount,sent_date,bid_status_id) VALUES ('228','96','19','107.20659541941694','2023-05-24 20:09:40.982','3');
INSERT INTO request_bid (request_bid_id,request_id,professional_id,amount,sent_date,bid_status_id) VALUES ('229','96','19','67.68482373724189','2023-06-06 10:08:28.726','2');
INSERT INTO request_bid (request_bid_id,request_id,professional_id,amount,sent_date,bid_status_id) VALUES ('230','97','3','196.63780397808395','2023-05-29 15:21:59.464','2');
INSERT INTO request_bid (request_bid_id,request_id,professional_id,amount,sent_date,bid_status_id) VALUES ('231','97','3','87.09757650093857','2023-06-12 14:00:59.059','3');
INSERT INTO request_bid (request_bid_id,request_id,professional_id,amount,sent_date,bid_status_id) VALUES ('232','97','10','170.25718234029193','2023-06-01 10:04:14.77','3');
INSERT INTO request_bid (request_bid_id,request_id,professional_id,amount,sent_date,bid_status_id) VALUES ('233','97','10','162.65748549791803','2023-06-03 22:41:13.086','3');
INSERT INTO request_bid (request_bid_id,request_id,professional_id,amount,sent_date,bid_status_id) VALUES ('234','98','4','166.15272945556393','2023-05-26 06:31:19.966','3');
INSERT INTO request_bid (request_bid_id,request_id,professional_id,amount,sent_date,bid_status_id) VALUES ('235','98','19','173.48618889790228','2023-05-29 22:46:47.442','1');
INSERT INTO request_bid (request_bid_id,request_id,professional_id,amount,sent_date,bid_status_id) VALUES ('236','99','3','179.51421482968163','2023-05-19 13:40:52.433','2');
INSERT INTO request_bid (request_bid_id,request_id,professional_id,amount,sent_date,bid_status_id) VALUES ('237','99','3','119.55308752699848','2023-05-24 14:06:06.224','3');
INSERT INTO request_bid (request_bid_id,request_id,professional_id,amount,sent_date,bid_status_id) VALUES ('238','99','10','53.90447843855581','2023-05-24 13:40:25.665','3');
INSERT INTO request_bid (request_bid_id,request_id,professional_id,amount,sent_date,bid_status_id) VALUES ('239','99','10','195.5406060349695','2023-06-14 12:09:23.417','3');
INSERT INTO request_bid (request_bid_id,request_id,professional_id,amount,sent_date,bid_status_id) VALUES ('240','100','3','69.43279736901225','2023-05-22 04:25:25.344','2');
INSERT INTO request_bid (request_bid_id,request_id,professional_id,amount,sent_date,bid_status_id) VALUES ('241','100','13','53.83588930193554','2023-06-13 13:18:33.242','3');
INSERT INTO request_bid (request_bid_id,request_id,professional_id,amount,sent_date,bid_status_id) VALUES ('242','100','13','66.07197015693492','2023-05-20 04:08:12.017','3');
