USE Project;

ALTER TABLE user AUTO_INCREMENT = 1;

INSERT INTO user (user_id,first_name,last_name,email_address,mobile,password) VALUES ('1','Israel','Feest','nell.carroll@outlook.com','(850) 228-3098 x8597','1e1fda9a69c24837a5ab579319c57810');
INSERT INTO user (user_id,first_name,last_name,email_address,mobile,password) VALUES ('2','Colby','Crist','kristan.muller@outlook.com','(509) 980-8781 x7025','1e1fda9a69c24837a5ab579319c57810');
INSERT INTO user (user_id,first_name,last_name,email_address,mobile,password) VALUES ('3','Kim','Grimes','rickie.flatley@outlook.com','(805) 786-8417 x2624','1e1fda9a69c24837a5ab579319c57810');
INSERT INTO user (user_id,first_name,last_name,email_address,mobile,password) VALUES ('4','Natisha','Lehner','yuk.bergnaum@outlook.com','(804) 206-5029','1e1fda9a69c24837a5ab579319c57810');
INSERT INTO user (user_id,first_name,last_name,email_address,mobile,password) VALUES ('5','Nia','Batz','marco.watsica@outlook.com','(641) 464-0077 x3546','1e1fda9a69c24837a5ab579319c57810');
INSERT INTO user (user_id,first_name,last_name,email_address,mobile,password) VALUES ('6','Tom','Gottlieb','tony.renner@outlook.com','(903) 580-0233','1e1fda9a69c24837a5ab579319c57810');
INSERT INTO user (user_id,first_name,last_name,email_address,mobile,password) VALUES ('7','Carson','King','otelia.romaguera@outlook.com','(215) 724-2841','1e1fda9a69c24837a5ab579319c57810');
INSERT INTO user (user_id,first_name,last_name,email_address,mobile,password) VALUES ('8','Abby','Johnson','harry.dietrich@outlook.com','(952) 219-1596','1e1fda9a69c24837a5ab579319c57810');
INSERT INTO user (user_id,first_name,last_name,email_address,mobile,password) VALUES ('9','Argelia','Gutkowski','danna.pagac@outlook.com','(309) 406-1722','1e1fda9a69c24837a5ab579319c57810');
INSERT INTO user (user_id,first_name,last_name,email_address,mobile,password) VALUES ('10','Sonny','Ritchie','garret.osinski@outlook.com','(479) 352-8061','1e1fda9a69c24837a5ab579319c57810');
INSERT INTO user (user_id,first_name,last_name,email_address,mobile,password) VALUES ('11','Federico','Muller','kena.swift@outlook.com','(347) 507-6198','1e1fda9a69c24837a5ab579319c57810');
INSERT INTO user (user_id,first_name,last_name,email_address,mobile,password) VALUES ('12','Hester','Dickinson','chris.cremin@outlook.com','(734) 585-0924','1e1fda9a69c24837a5ab579319c57810');
INSERT INTO user (user_id,first_name,last_name,email_address,mobile,password) VALUES ('13','Jonas','Hegmann','marlin.hills@outlook.com','(424) 339-8958 x1307','1e1fda9a69c24837a5ab579319c57810');
INSERT INTO user (user_id,first_name,last_name,email_address,mobile,password) VALUES ('14','Connie','Huels','barrett.white@outlook.com','(979) 870-6653','1e1fda9a69c24837a5ab579319c57810');
INSERT INTO user (user_id,first_name,last_name,email_address,mobile,password) VALUES ('15','Marnie','Robel','ezra.strosin@outlook.com','(609) 339-5402 x1545','1e1fda9a69c24837a5ab579319c57810');
INSERT INTO user (user_id,first_name,last_name,email_address,mobile,password) VALUES ('16','Tristan','Conn','steve.schmeler@outlook.com','(630) 470-2057','1e1fda9a69c24837a5ab579319c57810');
INSERT INTO user (user_id,first_name,last_name,email_address,mobile,password) VALUES ('17','Honey','Rempel','bradford.heaney@outlook.com','(620) 562-1886 x1383','1e1fda9a69c24837a5ab579319c57810');
INSERT INTO user (user_id,first_name,last_name,email_address,mobile,password) VALUES ('18','Lisette','Bernhard','digna.rippin@outlook.com','(361) 334-1941 x5689','1e1fda9a69c24837a5ab579319c57810');
INSERT INTO user (user_id,first_name,last_name,email_address,mobile,password) VALUES ('19','Patsy','Schaden','robbie.hodkiewicz@outlook.com','(608) 773-8597 x0144','1e1fda9a69c24837a5ab579319c57810');
INSERT INTO user (user_id,first_name,last_name,email_address,mobile,password) VALUES ('20','Johnnie','Donnelly','morris.flatley@outlook.com','(864) 541-3513','1e1fda9a69c24837a5ab579319c57810');
INSERT INTO user (user_id,first_name,last_name,email_address,mobile,password) VALUES ('21','Blake','Mante','suzanne.reilly@outlook.com','(217) 850-1800','1e1fda9a69c24837a5ab579319c57810');
INSERT INTO user (user_id,first_name,last_name,email_address,mobile,password) VALUES ('22','Kimbery','Metz','britney.sporer@outlook.com','(860) 309-2345 x9899','1e1fda9a69c24837a5ab579319c57810');
INSERT INTO user (user_id,first_name,last_name,email_address,mobile,password) VALUES ('23','Petronila','Gerhold','roxann.oconnell@outlook.com','(214) 615-7826','1e1fda9a69c24837a5ab579319c57810');
INSERT INTO user (user_id,first_name,last_name,email_address,mobile,password) VALUES ('24','Carey','Dooley','ervin.ullrich@outlook.com','(415) 734-4396','1e1fda9a69c24837a5ab579319c57810');
INSERT INTO user (user_id,first_name,last_name,email_address,mobile,password) VALUES ('25','Leland','Cremin','johnny.gulgowski@outlook.com','(425) 406-9311','1e1fda9a69c24837a5ab579319c57810');
INSERT INTO user (user_id,first_name,last_name,email_address,mobile,password) VALUES ('26','Hayden','Sipes','shelba.heaney@outlook.com','(434) 518-6908 x8761','1e1fda9a69c24837a5ab579319c57810');
INSERT INTO user (user_id,first_name,last_name,email_address,mobile,password) VALUES ('27','Rusty','Quigley','kiyoko.gleichner@outlook.com','(231) 520-3665 x8213','1e1fda9a69c24837a5ab579319c57810');
INSERT INTO user (user_id,first_name,last_name,email_address,mobile,password) VALUES ('28','Leonardo','Cremin','rodney.bernhard@outlook.com','(360) 202-9364 x8864','1e1fda9a69c24837a5ab579319c57810');
INSERT INTO user (user_id,first_name,last_name,email_address,mobile,password) VALUES ('29','Twanda','Schuster','emily.schinner@outlook.com','(573) 513-5475 x0211','1e1fda9a69c24837a5ab579319c57810');
INSERT INTO user (user_id,first_name,last_name,email_address,mobile,password) VALUES ('30','Octavia','Schiller','donald.kozey@outlook.com','(661) 301-2350 x9620','1e1fda9a69c24837a5ab579319c57810');
INSERT INTO user (user_id,first_name,last_name,email_address,mobile,password) VALUES ('31','Gregorio','Hagenes','quentin.rosenbaum@outlook.com','(610) 202-2210','1e1fda9a69c24837a5ab579319c57810');
INSERT INTO user (user_id,first_name,last_name,email_address,mobile,password) VALUES ('32','Celine','Bergstrom','chrystal.durgan@outlook.com','(253) 561-3324 x9863','1e1fda9a69c24837a5ab579319c57810');
INSERT INTO user (user_id,first_name,last_name,email_address,mobile,password) VALUES ('33','Page','Powlowski','werner.schmidt@outlook.com','(843) 540-7688 x2109','1e1fda9a69c24837a5ab579319c57810');
INSERT INTO user (user_id,first_name,last_name,email_address,mobile,password) VALUES ('34','Bethanie','Corwin','kevin.hill@outlook.com','(321) 520-3443','1e1fda9a69c24837a5ab579319c57810');
INSERT INTO user (user_id,first_name,last_name,email_address,mobile,password) VALUES ('35','Scarlett','Rau','kip.ward@outlook.com','(334) 623-8368 x5095','1e1fda9a69c24837a5ab579319c57810');
INSERT INTO user (user_id,first_name,last_name,email_address,mobile,password) VALUES ('36','Jaime','Goyette','arianna.kshlerin@outlook.com','(318) 415-2266','1e1fda9a69c24837a5ab579319c57810');
INSERT INTO user (user_id,first_name,last_name,email_address,mobile,password) VALUES ('37','Alfredo','Goldner','sherman.ohara@outlook.com','(361) 317-8977','1e1fda9a69c24837a5ab579319c57810');
INSERT INTO user (user_id,first_name,last_name,email_address,mobile,password) VALUES ('38','Kathie','Bednar','ruthe.wehner@outlook.com','(904) 618-5710 x6044','1e1fda9a69c24837a5ab579319c57810');
INSERT INTO user (user_id,first_name,last_name,email_address,mobile,password) VALUES ('39','Timmy','Kutch','larry.sipes@outlook.com','(440) 602-4662 x5073','1e1fda9a69c24837a5ab579319c57810');
INSERT INTO user (user_id,first_name,last_name,email_address,mobile,password) VALUES ('40','Verdell','Kuhlman','dalene.denesik@outlook.com','(650) 540-2738','1e1fda9a69c24837a5ab579319c57810');

ALTER TABLE address AUTO_INCREMENT = 1;

INSERT INTO address (address_id,street_number,street_name,suburb,postcode,user_id) VALUES ('1','190','Mariel Prairie','Watson','2602','1');
INSERT INTO address (address_id,street_number,street_name,suburb,postcode,user_id) VALUES ('2','192','Michel Street','Ainslie','2602','2');
INSERT INTO address (address_id,street_number,street_name,suburb,postcode,user_id) VALUES ('3','17','Humberto Crest','Canberra','2600','3');
INSERT INTO address (address_id,street_number,street_name,suburb,postcode,user_id) VALUES ('4','25','Wiza Shore','Harman','2600','4');
INSERT INTO address (address_id,street_number,street_name,suburb,postcode,user_id) VALUES ('5','186','Hand Pike','Hackett','2602','5');
INSERT INTO address (address_id,street_number,street_name,suburb,postcode,user_id) VALUES ('6','67','Cole Vista','Canberra','2600','6');
INSERT INTO address (address_id,street_number,street_name,suburb,postcode,user_id) VALUES ('7','51','Homenick Curve','Dickson','2602','7');
INSERT INTO address (address_id,street_number,street_name,suburb,postcode,user_id) VALUES ('8','171','Jesenia Flats','Russell','2600','8');
INSERT INTO address (address_id,street_number,street_name,suburb,postcode,user_id) VALUES ('9','31','King Alley','Black Mountain','2601','9');
INSERT INTO address (address_id,street_number,street_name,suburb,postcode,user_id) VALUES ('10','9','Theodore Ramp','Parkes','2600','10');
INSERT INTO address (address_id,street_number,street_name,suburb,postcode,user_id) VALUES ('11','32','Barrows Oval','Hackett','2602','11');
INSERT INTO address (address_id,street_number,street_name,suburb,postcode,user_id) VALUES ('12','17','Sid Mountains','Dickson','2602','12');
INSERT INTO address (address_id,street_number,street_name,suburb,postcode,user_id) VALUES ('13','123','Normand Club','Black Mountain','2601','13');
INSERT INTO address (address_id,street_number,street_name,suburb,postcode,user_id) VALUES ('14','18','Hudson Square','Yarralumla','2600','14');
INSERT INTO address (address_id,street_number,street_name,suburb,postcode,user_id) VALUES ('15','182','Carroll Mills','Deakin','2600','15');
INSERT INTO address (address_id,street_number,street_name,suburb,postcode,user_id) VALUES ('16','170','Kuvalis Pine','Oconnor','2602','16');
INSERT INTO address (address_id,street_number,street_name,suburb,postcode,user_id) VALUES ('17','188','Babara Row','Parliament House','2600','17');
INSERT INTO address (address_id,street_number,street_name,suburb,postcode,user_id) VALUES ('18','93','Stefany Stream','Warrimoo','2774','18');
INSERT INTO address (address_id,street_number,street_name,suburb,postcode,user_id) VALUES ('19','158','Sporer Tunnel','Duntroon','2600','19');
INSERT INTO address (address_id,street_number,street_name,suburb,postcode,user_id) VALUES ('20','168','Schaden Lights','Hackett','2602','20');
INSERT INTO address (address_id,street_number,street_name,suburb,postcode,user_id) VALUES ('21','137','Forrest Expressway','Canberra','2600','21');
INSERT INTO address (address_id,street_number,street_name,suburb,postcode,user_id) VALUES ('22','15','Ira Common','Blaxlands Ridge','2774','22');
INSERT INTO address (address_id,street_number,street_name,suburb,postcode,user_id) VALUES ('23','17','Spencer Village','Barton','2600','23');
INSERT INTO address (address_id,street_number,street_name,suburb,postcode,user_id) VALUES ('24','93','Murray Motorway','Barton','2600','24');
INSERT INTO address (address_id,street_number,street_name,suburb,postcode,user_id) VALUES ('25','22','Evie Shores','Blaxland East','2774','25');
INSERT INTO address (address_id,street_number,street_name,suburb,postcode,user_id) VALUES ('26','153','Deloise Keys','Yarralumla','2600','26');
INSERT INTO address (address_id,street_number,street_name,suburb,postcode,user_id) VALUES ('27','42','Dach Streets','Black Mountain','2601','27');
INSERT INTO address (address_id,street_number,street_name,suburb,postcode,user_id) VALUES ('28','33','Satterfield Station','Harman','2600','28');
INSERT INTO address (address_id,street_number,street_name,suburb,postcode,user_id) VALUES ('29','188','Schaefer Route','Acton','2601','29');
INSERT INTO address (address_id,street_number,street_name,suburb,postcode,user_id) VALUES ('30','160','OReilly Forks','Watson','2602','30');
INSERT INTO address (address_id,street_number,street_name,suburb,postcode,user_id) VALUES ('31','194','Borer Light','Russell Hill','2600','31');
INSERT INTO address (address_id,street_number,street_name,suburb,postcode,user_id) VALUES ('32','134','Bethel Ferry','Russell Hill','2600','32');
INSERT INTO address (address_id,street_number,street_name,suburb,postcode,user_id) VALUES ('33','115','Stokes Isle','Acton','2601','33');
INSERT INTO address (address_id,street_number,street_name,suburb,postcode,user_id) VALUES ('34','139','Herman Viaduct','City','2601','34');
INSERT INTO address (address_id,street_number,street_name,suburb,postcode,user_id) VALUES ('35','85','Renato Alley','Yarralumla','2600','35');
INSERT INTO address (address_id,street_number,street_name,suburb,postcode,user_id) VALUES ('36','100','Vania Meadow','Parkes','2600','36');
INSERT INTO address (address_id,street_number,street_name,suburb,postcode,user_id) VALUES ('37','35','Altenwerth Estates','Downer','2602','37');
INSERT INTO address (address_id,street_number,street_name,suburb,postcode,user_id) VALUES ('38','177','Ivan Freeway','Parliament House','2600','38');
INSERT INTO address (address_id,street_number,street_name,suburb,postcode,user_id) VALUES ('39','33','Schneider Trail','Deakin','2600','39');
INSERT INTO address (address_id,street_number,street_name,suburb,postcode,user_id) VALUES ('40','15','Blick Crossing','Fairbairn Raaf','2600','40');

ALTER TABLE client AUTO_INCREMENT = 1;

INSERT INTO client (client_id,user_id,subscription_id) VALUES ('1','15','2');
INSERT INTO client (client_id,user_id,subscription_id) VALUES ('2','16','2');
INSERT INTO client (client_id,user_id,subscription_id) VALUES ('3','17','1');
INSERT INTO client (client_id,user_id,subscription_id) VALUES ('4','18','1');
INSERT INTO client (client_id,user_id,subscription_id) VALUES ('5','19','1');
INSERT INTO client (client_id,user_id,subscription_id) VALUES ('6','20','2');
INSERT INTO client (client_id,user_id,subscription_id) VALUES ('7','21','2');
INSERT INTO client (client_id,user_id,subscription_id) VALUES ('8','22','1');
INSERT INTO client (client_id,user_id,subscription_id) VALUES ('9','23','1');
INSERT INTO client (client_id,user_id,subscription_id) VALUES ('10','24','1');
INSERT INTO client (client_id,user_id,subscription_id) VALUES ('11','25','1');
INSERT INTO client (client_id,user_id,subscription_id) VALUES ('12','26','2');
INSERT INTO client (client_id,user_id,subscription_id) VALUES ('13','27','2');
INSERT INTO client (client_id,user_id,subscription_id) VALUES ('14','28','1');
INSERT INTO client (client_id,user_id,subscription_id) VALUES ('15','29','1');
INSERT INTO client (client_id,user_id,subscription_id) VALUES ('16','30','2');
INSERT INTO client (client_id,user_id,subscription_id) VALUES ('17','31','2');
INSERT INTO client (client_id,user_id,subscription_id) VALUES ('18','32','2');
INSERT INTO client (client_id,user_id,subscription_id) VALUES ('19','33','1');
INSERT INTO client (client_id,user_id,subscription_id) VALUES ('20','34','2');
INSERT INTO client (client_id,user_id,subscription_id) VALUES ('21','35','1');
INSERT INTO client (client_id,user_id,subscription_id) VALUES ('22','36','1');
INSERT INTO client (client_id,user_id,subscription_id) VALUES ('23','37','1');
INSERT INTO client (client_id,user_id,subscription_id) VALUES ('24','38','2');
INSERT INTO client (client_id,user_id,subscription_id) VALUES ('25','39','1');
INSERT INTO client (client_id,user_id,subscription_id) VALUES ('26','40','2');

ALTER TABLE professional AUTO_INCREMENT = 1;

INSERT INTO professional (professional_id,subscription_id,user_id) VALUES ('1','2','1');
INSERT INTO professional (professional_id,subscription_id,user_id) VALUES ('2','1','2');
INSERT INTO professional (professional_id,subscription_id,user_id) VALUES ('3','2','3');
INSERT INTO professional (professional_id,subscription_id,user_id) VALUES ('4','2','4');
INSERT INTO professional (professional_id,subscription_id,user_id) VALUES ('5','1','5');
INSERT INTO professional (professional_id,subscription_id,user_id) VALUES ('6','2','6');
INSERT INTO professional (professional_id,subscription_id,user_id) VALUES ('7','2','7');
INSERT INTO professional (professional_id,subscription_id,user_id) VALUES ('8','2','8');
INSERT INTO professional (professional_id,subscription_id,user_id) VALUES ('9','2','9');
INSERT INTO professional (professional_id,subscription_id,user_id) VALUES ('10','1','10');
INSERT INTO professional (professional_id,subscription_id,user_id) VALUES ('11','1','11');
INSERT INTO professional (professional_id,subscription_id,user_id) VALUES ('12','2','12');
INSERT INTO professional (professional_id,subscription_id,user_id) VALUES ('13','2','13');
INSERT INTO professional (professional_id,subscription_id,user_id) VALUES ('14','2','14');
INSERT INTO professional (professional_id,subscription_id,user_id) VALUES ('15','2','15');
INSERT INTO professional (professional_id,subscription_id,user_id) VALUES ('16','1','16');
INSERT INTO professional (professional_id,subscription_id,user_id) VALUES ('17','1','17');
INSERT INTO professional (professional_id,subscription_id,user_id) VALUES ('18','2','18');
INSERT INTO professional (professional_id,subscription_id,user_id) VALUES ('19','1','19');
INSERT INTO professional (professional_id,subscription_id,user_id) VALUES ('20','2','20');

ALTER TABLE request AUTO_INCREMENT = 1;

INSERT INTO request (request_id,request_date,instruction,postcode,client_id,professional_id,service_id,request_status_id) VALUES ('1','2023-06-07 03:24:21.169','Awh man looks like there is an issue with the tree, it has fallen on top of the house! Not the damn house! Can this please be fixed ASAP!?','2600','24','4','3','2');
INSERT INTO request (request_id,request_date,instruction,postcode,client_id,professional_id,service_id,request_status_id) VALUES ('2','2023-05-26 15:49:41.948','Ayyyyyye pro man or woman, help us with the tree in the front yard. It is blocking our view of the coast. Can this please be fixed ASAP!?','2602','6',null,'4','2');
INSERT INTO request (request_id,request_date,instruction,postcode,client_id,professional_id,service_id,request_status_id) VALUES ('3','2023-06-11 05:53:44.404','Good Afternoon! I have found an issue with the tree, it is leaning. Really badly so... Can this please be fixed ASAP!?','2600','25','3','5','2');
INSERT INTO request (request_id,request_date,instruction,postcode,client_id,professional_id,service_id,request_status_id) VALUES ('4','2023-06-08 03:58:27.242','Good Afternoon! I have found an issue with the tree in the front yard. It is blocking our view of the coast. Help me if my partner sees this and confirms they were right. This one might be bad haha...','2602','23',null,'2','2');
INSERT INTO request (request_id,request_date,instruction,postcode,client_id,professional_id,service_id,request_status_id) VALUES ('5','2023-06-11 02:59:09.772','This morning I started having trouble with the front yard tree. My partner insisted that we plant a tree in the back yard. Now the council has complained forcing us to remove the tree. I should never listened to my partner!! Really wanna get this one fixed before my partner returns from their trip...','2600','12',null,'3','2');
INSERT INTO request (request_id,request_date,instruction,postcode,client_id,professional_id,service_id,request_status_id) VALUES ('6','2023-06-15 17:11:04.195','Awh man looks like there is an issue with the tree, it has fallen on top of the house! Not the damn house! Can we please have this sorted quickly?','2600','5','3','1','4');
INSERT INTO request (request_id,request_date,instruction,postcode,client_id,professional_id,service_id,request_status_id) VALUES ('7','2023-05-27 05:22:58.795','Hiya, there is a problem with our tree. Neighbour planted it actually and I hate it! Gotta get this thing removed. No rush on the issue.','2600','25','10','4','2');
INSERT INTO request (request_id,request_date,instruction,postcode,client_id,professional_id,service_id,request_status_id) VALUES ('8','2023-06-04 06:22:04.586','Good Afternoon! I have found an issue with the broken branch, it is hanging. Kinda looks like it might fall on the house uh... Look forward to hearing from you.','2602','16',null,'5','1');
INSERT INTO request (request_id,request_date,instruction,postcode,client_id,professional_id,service_id,request_status_id) VALUES ('9','2023-06-03 22:52:08.976','This morning I started having trouble with the broken branch, it is hanging. Kinda looks like it might fall on the house uh... Help me if my partner sees this and confirms they were right. This one might be bad haha...','2600','9',null,'5','4');
INSERT INTO request (request_id,request_date,instruction,postcode,client_id,professional_id,service_id,request_status_id) VALUES ('10','2023-05-26 14:50:49.753','Good Afternoon! I have found an issue with the tree, it has fallen on top of the house! Not the damn house! Can we please have this sorted quickly?','2774','8',null,'5','4');
INSERT INTO request (request_id,request_date,instruction,postcode,client_id,professional_id,service_id,request_status_id) VALUES ('11','2023-05-23 14:27:08.669','Bonjour sir/madam. The partner and I figured it would be best to get a professional to sort out the issue with the tree, it is leaning. Really badly so... I do not want to be rude, but could this please be looked at with haste?','2601','15','9','4','1');
INSERT INTO request (request_id,request_date,instruction,postcode,client_id,professional_id,service_id,request_status_id) VALUES ('12','2023-05-31 17:03:03.187','Hello! Currently I have an issues with my tree, it is leaning. Really badly so... If someone could look at this quickly I would be grateful!','2600','17',null,'1','3');
INSERT INTO request (request_id,request_date,instruction,postcode,client_id,professional_id,service_id,request_status_id) VALUES ('13','2023-06-13 05:49:53.621','Hiya, there is a problem with our tree. Neighbour planted it actually and I hate it! Gotta get this thing removed. Can this please be fixed ASAP!?','2600','18','19','2','4');
INSERT INTO request (request_id,request_date,instruction,postcode,client_id,professional_id,service_id,request_status_id) VALUES ('14','2023-06-03 23:41:55.832','This morning I started having trouble with the tree, it has has fallen over. Tried to stop it though! No rush on the issue.','2602','2','7','4','2');
INSERT INTO request (request_id,request_date,instruction,postcode,client_id,professional_id,service_id,request_status_id) VALUES ('15','2023-06-08 15:37:04.642','I am not sure what is going on, but we are having trouble with the tree, it has has fallen over. Tried to stop it though! Can this please be fixed ASAP!?','2601','15',null,'4','1');
INSERT INTO request (request_id,request_date,instruction,postcode,client_id,professional_id,service_id,request_status_id) VALUES ('16','2023-06-09 14:30:10.901','Awh man looks like there is an issue with the tree, it is leaning. Really badly so... Can we please have this sorted quickly?','2601','15',null,'3','3');
INSERT INTO request (request_id,request_date,instruction,postcode,client_id,professional_id,service_id,request_status_id) VALUES ('17','2023-06-03 05:14:10.132','Good Morning! There is an issue with the tree, it is leaning. Really badly so... If someone could look at this quickly I would be grateful!','2600','9',null,'2','1');
INSERT INTO request (request_id,request_date,instruction,postcode,client_id,professional_id,service_id,request_status_id) VALUES ('18','2023-06-08 16:51:45.171','I am not sure what is going on, but we are having trouble with the broken branch, it is hanging. Kinda looks like it might fall on the house uh... I do not want to be rude, but could this please be looked at with haste?','2602','16','12','3','3');
INSERT INTO request (request_id,request_date,instruction,postcode,client_id,professional_id,service_id,request_status_id) VALUES ('19','2023-06-08 18:19:40.811','Bonjour sir/madam. The partner and I figured it would be best to get a professional to sort out the issue with the tree, it is leaning. Really badly so... Look forward to hearing from you.','2601','19','9','4','2');
INSERT INTO request (request_id,request_date,instruction,postcode,client_id,professional_id,service_id,request_status_id) VALUES ('20','2023-06-02 00:01:17.271','Good Afternoon! I have found an issue with the tree. Neighbour planted it actually and I hate it! Gotta get this thing removed. Look forward to hearing from you.','2601','13',null,'3','3');
INSERT INTO request (request_id,request_date,instruction,postcode,client_id,professional_id,service_id,request_status_id) VALUES ('21','2023-05-25 18:33:57.101','Hello! Currently I have an issues with my tree, it is leaning. Really badly so... Really wanna get this one fixed before my partner returns from their trip...','2600','14','8','3','2');
INSERT INTO request (request_id,request_date,instruction,postcode,client_id,professional_id,service_id,request_status_id) VALUES ('22','2023-05-20 20:07:55.062','Good Morning! There is an issue with the broken branch, it is hanging. Kinda looks like it might fall on the house uh... Look forward to hearing from you.','2601','20',null,'1','3');
INSERT INTO request (request_id,request_date,instruction,postcode,client_id,professional_id,service_id,request_status_id) VALUES ('23','2023-05-26 18:17:24.905','I am not sure what is going on, but we are having trouble with the front yard tree. My partner insisted that we plant a tree in the back yard. Now the council has complained forcing us to remove the tree. I should never listened to my partner!! Really wanna get this one fixed before my partner returns from their trip...','2602','23','7','4','4');
INSERT INTO request (request_id,request_date,instruction,postcode,client_id,professional_id,service_id,request_status_id) VALUES ('24','2023-06-11 13:11:05.456','Help me! Problem with the tree, it is leaning. Really badly so... If someone could look at this quickly I would be grateful!','2600','18','19','4','1');
INSERT INTO request (request_id,request_date,instruction,postcode,client_id,professional_id,service_id,request_status_id) VALUES ('25','2023-06-12 04:08:46.788','Awh man looks like there is an issue with the tree in the front yard. It is blocking our view of the coast. Really wanna get this one fixed before my partner returns from their trip...','2601','15',null,'4','1');
INSERT INTO request (request_id,request_date,instruction,postcode,client_id,professional_id,service_id,request_status_id) VALUES ('26','2023-06-02 06:37:50.59','I am not sure what is going on, but we are having trouble with the broken branch, it is hanging. Kinda looks like it might fall on the house uh... Help me if my partner sees this and confirms they were right. This one might be bad haha...','2601','13',null,'3','4');
INSERT INTO request (request_id,request_date,instruction,postcode,client_id,professional_id,service_id,request_status_id) VALUES ('27','2023-06-13 22:36:08.278','Bonjour sir/madam. The partner and I figured it would be best to get a professional to sort out the issue with the tree in the front yard. It is blocking our view of the coast. Can we please have this sorted quickly?','2602','6',null,'2','3');
INSERT INTO request (request_id,request_date,instruction,postcode,client_id,professional_id,service_id,request_status_id) VALUES ('28','2023-06-14 03:21:58.611','Ayyyyyye pro man or woman, help us with the tree. Neighbour planted it actually and I hate it! Gotta get this thing removed. Can we please have this sorted quickly?','2600','12','8','3','3');
INSERT INTO request (request_id,request_date,instruction,postcode,client_id,professional_id,service_id,request_status_id) VALUES ('29','2023-06-11 20:09:40.64','Bonjour sir/madam. The partner and I figured it would be best to get a professional to sort out the issue with the broken branch, it is hanging. Kinda looks like it might fall on the house uh... If someone could look at this quickly I would be grateful!','2602','23','20','3','3');
INSERT INTO request (request_id,request_date,instruction,postcode,client_id,professional_id,service_id,request_status_id) VALUES ('30','2023-05-28 08:56:34.072','Ayyyyyye pro man or woman, help us with the tree. Neighbour planted it actually and I hate it! Gotta get this thing removed. Really wanna get this one fixed before my partner returns from their trip...','2600','14','3','1','3');
INSERT INTO request (request_id,request_date,instruction,postcode,client_id,professional_id,service_id,request_status_id) VALUES ('31','2023-06-06 03:18:54.364','Good Morning! There is an issue with the tree, it has fallen on top of the house! Not the damn house! If someone could look at this quickly I would be grateful!','2602','6','16','5','3');
INSERT INTO request (request_id,request_date,instruction,postcode,client_id,professional_id,service_id,request_status_id) VALUES ('32','2023-06-01 02:35:57.764','Awh man looks like there is an issue with the broken branch, it is hanging. Kinda looks like it might fall on the house uh... Help me if my partner sees this and confirms they were right. This one might be bad haha...','2602','23',null,'2','4');
INSERT INTO request (request_id,request_date,instruction,postcode,client_id,professional_id,service_id,request_status_id) VALUES ('33','2023-05-29 23:26:05.155','Bonjour sir/madam. The partner and I figured it would be best to get a professional to sort out the issue with the tree in the front yard. It is blocking our view of the coast. No rush on the issue.','2600','3','3','2','3');
INSERT INTO request (request_id,request_date,instruction,postcode,client_id,professional_id,service_id,request_status_id) VALUES ('34','2023-06-14 18:57:14.268','Bonjour sir/madam. The partner and I figured it would be best to get a professional to sort out the issue with the tree, it has has fallen over. Tried to stop it though! Look forward to hearing from you.','2774','4',null,'4','1');
INSERT INTO request (request_id,request_date,instruction,postcode,client_id,professional_id,service_id,request_status_id) VALUES ('35','2023-05-25 21:29:20.597','Good Afternoon! I have found an issue with the tree in the front yard. It is blocking our view of the coast. Help me if my partner sees this and confirms they were right. This one might be bad haha...','2601','20',null,'3','3');
INSERT INTO request (request_id,request_date,instruction,postcode,client_id,professional_id,service_id,request_status_id) VALUES ('36','2023-05-24 18:52:56.896','Hiya, there is a problem with our tree in the front yard. It is blocking our view of the coast. If someone could look at this quickly I would be grateful!','2600','18',null,'5','1');
INSERT INTO request (request_id,request_date,instruction,postcode,client_id,professional_id,service_id,request_status_id) VALUES ('37','2023-06-02 10:45:50.689','To whom this may concern, I have discovered an issue with my tree, it is leaning. Really badly so... Really wanna get this one fixed before my partner returns from their trip...','2602','16','16','5','1');
INSERT INTO request (request_id,request_date,instruction,postcode,client_id,professional_id,service_id,request_status_id) VALUES ('38','2023-06-04 22:15:08.959','To whom this may concern, I have discovered an issue with my tree, it is leaning. Really badly so... Help me if my partner sees this and confirms they were right. This one might be bad haha...','2601','19',null,'2','3');
INSERT INTO request (request_id,request_date,instruction,postcode,client_id,professional_id,service_id,request_status_id) VALUES ('39','2023-05-18 06:13:22.706','I am not sure what is going on, but we are having trouble with the broken branch, it is hanging. Kinda looks like it might fall on the house uh... I do not want to be rude, but could this please be looked at with haste?','2600','5','3','1','4');
INSERT INTO request (request_id,request_date,instruction,postcode,client_id,professional_id,service_id,request_status_id) VALUES ('40','2023-06-09 23:34:03.596','Good Morning! There is an issue with the broken branch, it is hanging. Kinda looks like it might fall on the house uh... I do not want to be rude, but could this please be looked at with haste?','2600','26','8','4','3');
INSERT INTO request (request_id,request_date,instruction,postcode,client_id,professional_id,service_id,request_status_id) VALUES ('41','2023-05-27 05:53:51.425','This morning I started having trouble with the tree, it is leaning. Really badly so... Can we please have this sorted quickly?','2600','22',null,'5','1');
INSERT INTO request (request_id,request_date,instruction,postcode,client_id,professional_id,service_id,request_status_id) VALUES ('42','2023-05-27 08:45:43.886','I am not sure what is going on, but we are having trouble with the tree, it has has fallen over. Tried to stop it though! No rush on the issue.','2600','18','8','5','4');
INSERT INTO request (request_id,request_date,instruction,postcode,client_id,professional_id,service_id,request_status_id) VALUES ('43','2023-05-25 16:49:42.307','Hiya, there is a problem with our broken branch, it is hanging. Kinda looks like it might fall on the house uh... Help me if my partner sees this and confirms they were right. This one might be bad haha...','2601','13',null,'5','4');
INSERT INTO request (request_id,request_date,instruction,postcode,client_id,professional_id,service_id,request_status_id) VALUES ('44','2023-05-24 22:40:53.046','Good Morning! There is an issue with the front yard tree. My partner insisted that we plant a tree in the back yard. Now the council has complained forcing us to remove the tree. I should never listened to my partner!! Can we please have this sorted quickly?','2774','11',null,'4','2');
INSERT INTO request (request_id,request_date,instruction,postcode,client_id,professional_id,service_id,request_status_id) VALUES ('45','2023-05-26 12:57:16.151','Help me! Problem with the tree, it has has fallen over. Tried to stop it though! Can this please be fixed ASAP!?','2602','2',null,'5','3');
INSERT INTO request (request_id,request_date,instruction,postcode,client_id,professional_id,service_id,request_status_id) VALUES ('46','2023-06-12 05:03:28.917','Hello! Currently I have an issues with my tree in the front yard. It is blocking our view of the coast. If someone could look at this quickly I would be grateful!','2602','16','1','2','4');
INSERT INTO request (request_id,request_date,instruction,postcode,client_id,professional_id,service_id,request_status_id) VALUES ('47','2023-05-21 04:54:37.325','Good Morning! There is an issue with the broken branch, it is hanging. Kinda looks like it might fall on the house uh... No rush on the issue.','2600','17',null,'1','2');
INSERT INTO request (request_id,request_date,instruction,postcode,client_id,professional_id,service_id,request_status_id) VALUES ('48','2023-06-07 16:03:04.223','I am not sure what is going on, but we are having trouble with the tree, it is leaning. Really badly so... If someone could look at this quickly I would be grateful!','2601','13','13','5','3');
INSERT INTO request (request_id,request_date,instruction,postcode,client_id,professional_id,service_id,request_status_id) VALUES ('49','2023-06-04 21:15:03.566','Help me! Problem with the tree, it has has fallen over. Tried to stop it though! No rush on the issue.','2600','21','15','2','1');
INSERT INTO request (request_id,request_date,instruction,postcode,client_id,professional_id,service_id,request_status_id) VALUES ('50','2023-05-23 12:33:42.208','Help me! Problem with the tree, it has fallen on top of the house! Not the damn house! No rush on the issue.','2601','15','13','5','4');
INSERT INTO request (request_id,request_date,instruction,postcode,client_id,professional_id,service_id,request_status_id) VALUES ('51','2023-05-31 06:39:30.104','I am not sure what is going on, but we are having trouble with the tree, it has fallen on top of the house! Not the damn house! I do not want to be rude, but could this please be looked at with haste?','2600','25','15','2','1');
INSERT INTO request (request_id,request_date,instruction,postcode,client_id,professional_id,service_id,request_status_id) VALUES ('52','2023-05-26 13:45:41.403','I am not sure what is going on, but we are having trouble with the tree. Neighbour planted it actually and I hate it! Gotta get this thing removed. No rush on the issue.','2600','14','8','3','1');
INSERT INTO request (request_id,request_date,instruction,postcode,client_id,professional_id,service_id,request_status_id) VALUES ('53','2023-06-03 00:42:38.264','Bonjour sir/madam. The partner and I figured it would be best to get a professional to sort out the issue with the tree. Neighbour planted it actually and I hate it! Gotta get this thing removed. Look forward to hearing from you.','2601','20','9','4','4');
INSERT INTO request (request_id,request_date,instruction,postcode,client_id,professional_id,service_id,request_status_id) VALUES ('54','2023-05-24 17:33:54.614','I am not sure what is going on, but we are having trouble with the broken branch, it is hanging. Kinda looks like it might fall on the house uh... If someone could look at this quickly I would be grateful!','2774','8',null,'2','4');
INSERT INTO request (request_id,request_date,instruction,postcode,client_id,professional_id,service_id,request_status_id) VALUES ('55','2023-06-05 00:32:22.276','Hiya, there is a problem with our tree, it is leaning. Really badly so... If someone could look at this quickly I would be grateful!','2601','15',null,'2','3');
INSERT INTO request (request_id,request_date,instruction,postcode,client_id,professional_id,service_id,request_status_id) VALUES ('56','2023-06-12 15:21:41.421','Hello! Currently I have an issues with my tree, it has fallen on top of the house! Not the damn house! Can we please have this sorted quickly?','2774','11','18','3','2');
INSERT INTO request (request_id,request_date,instruction,postcode,client_id,professional_id,service_id,request_status_id) VALUES ('57','2023-05-29 16:52:11.721','Help me! Problem with the tree in the front yard. It is blocking our view of the coast. Really wanna get this one fixed before my partner returns from their trip...','2602','23','7','1','3');
INSERT INTO request (request_id,request_date,instruction,postcode,client_id,professional_id,service_id,request_status_id) VALUES ('58','2023-06-11 22:05:29.867','Help me! Problem with the tree, it has has fallen over. Tried to stop it though! Can we please have this sorted quickly?','2601','20',null,'1','1');
INSERT INTO request (request_id,request_date,instruction,postcode,client_id,professional_id,service_id,request_status_id) VALUES ('59','2023-06-14 12:43:49.618','Help me! Problem with the tree, it has fallen on top of the house! Not the damn house! Gotta get this one done quick, interest rates are going right up might run out of funds soon!','2774','11',null,'1','4');
INSERT INTO request (request_id,request_date,instruction,postcode,client_id,professional_id,service_id,request_status_id) VALUES ('60','2023-05-31 23:33:49.133','Awh man looks like there is an issue with the front yard tree. My partner insisted that we plant a tree in the back yard. Now the council has complained forcing us to remove the tree. I should never listened to my partner!! No rush on the issue.','2600','10','3','2','4');
INSERT INTO request (request_id,request_date,instruction,postcode,client_id,professional_id,service_id,request_status_id) VALUES ('61','2023-05-29 08:05:39.006','I am not sure what is going on, but we are having trouble with the tree, it has has fallen over. Tried to stop it though! Can we please have this sorted quickly?','2601','20','9','1','4');
INSERT INTO request (request_id,request_date,instruction,postcode,client_id,professional_id,service_id,request_status_id) VALUES ('62','2023-06-05 11:13:58.187','Awh man looks like there is an issue with the tree, it has fallen on top of the house! Not the damn house! Can we please have this sorted quickly?','2774','11',null,'5','3');
INSERT INTO request (request_id,request_date,instruction,postcode,client_id,professional_id,service_id,request_status_id) VALUES ('63','2023-06-14 16:56:46.563','Awh man looks like there is an issue with the tree, it is leaning. Really badly so... Can this please be fixed ASAP!?','2600','26','4','4','3');
INSERT INTO request (request_id,request_date,instruction,postcode,client_id,professional_id,service_id,request_status_id) VALUES ('64','2023-06-16 21:09:23.623','Hello! Currently I have an issues with my tree. Neighbour planted it actually and I hate it! Gotta get this thing removed. Gotta get this one done quick, interest rates are going right up might run out of funds soon!','2601','19','9','1','3');
INSERT INTO request (request_id,request_date,instruction,postcode,client_id,professional_id,service_id,request_status_id) VALUES ('65','2023-06-12 06:37:04.913','I am not sure what is going on, but we are having trouble with the broken branch, it is hanging. Kinda looks like it might fall on the house uh... Gotta get this one done quick, interest rates are going right up might run out of funds soon!','2600','21','3','2','3');
INSERT INTO request (request_id,request_date,instruction,postcode,client_id,professional_id,service_id,request_status_id) VALUES ('66','2023-05-30 10:19:45.663','Ayyyyyye pro man or woman, help us with the tree, it is leaning. Really badly so... Help me if my partner sees this and confirms they were right. This one might be bad haha...','2600','12',null,'2','1');
INSERT INTO request (request_id,request_date,instruction,postcode,client_id,professional_id,service_id,request_status_id) VALUES ('67','2023-06-14 12:52:47.419','Ayyyyyye pro man or woman, help us with the tree, it has has fallen over. Tried to stop it though! No rush on the issue.','2600','21','10','4','4');
INSERT INTO request (request_id,request_date,instruction,postcode,client_id,professional_id,service_id,request_status_id) VALUES ('68','2023-06-16 13:26:31.767','To whom this may concern, I have discovered an issue with my tree in the front yard. It is blocking our view of the coast. Help me if my partner sees this and confirms they were right. This one might be bad haha...','2601','13',null,'4','2');
INSERT INTO request (request_id,request_date,instruction,postcode,client_id,professional_id,service_id,request_status_id) VALUES ('69','2023-05-20 22:24:48.286','Hello! Currently I have an issues with my tree. Neighbour planted it actually and I hate it! Gotta get this thing removed. Can this please be fixed ASAP!?','2600','26','4','3','3');
INSERT INTO request (request_id,request_date,instruction,postcode,client_id,professional_id,service_id,request_status_id) VALUES ('70','2023-06-10 16:45:18.917','This morning I started having trouble with the tree. Neighbour planted it actually and I hate it! Gotta get this thing removed. I do not want to be rude, but could this please be looked at with haste?','2601','13',null,'2','1');
INSERT INTO request (request_id,request_date,instruction,postcode,client_id,professional_id,service_id,request_status_id) VALUES ('71','2023-05-29 16:43:07.175','Bonjour sir/madam. The partner and I figured it would be best to get a professional to sort out the issue with the tree. Neighbour planted it actually and I hate it! Gotta get this thing removed. Help me if my partner sees this and confirms they were right. This one might be bad haha...','2600','3','19','2','3');
INSERT INTO request (request_id,request_date,instruction,postcode,client_id,professional_id,service_id,request_status_id) VALUES ('72','2023-05-21 22:03:28.734','Good Afternoon! I have found an issue with the broken branch, it is hanging. Kinda looks like it might fall on the house uh... Can we please have this sorted quickly?','2600','21','4','4','2');
INSERT INTO request (request_id,request_date,instruction,postcode,client_id,professional_id,service_id,request_status_id) VALUES ('73','2023-06-09 06:44:10.364','To whom this may concern, I have discovered an issue with my tree, it is leaning. Really badly so... Look forward to hearing from you.','2600','18','15','3','2');
INSERT INTO request (request_id,request_date,instruction,postcode,client_id,professional_id,service_id,request_status_id) VALUES ('74','2023-05-23 15:28:20.779','I am not sure what is going on, but we are having trouble with the broken branch, it is hanging. Kinda looks like it might fall on the house uh... I do not want to be rude, but could this please be looked at with haste?','2774','4',null,'1','4');
INSERT INTO request (request_id,request_date,instruction,postcode,client_id,professional_id,service_id,request_status_id) VALUES ('75','2023-05-27 06:13:22.576','Ayyyyyye pro man or woman, help us with the front yard tree. My partner insisted that we plant a tree in the back yard. Now the council has complained forcing us to remove the tree. I should never listened to my partner!! Really wanna get this one fixed before my partner returns from their trip...','2600','25','8','5','3');
INSERT INTO request (request_id,request_date,instruction,postcode,client_id,professional_id,service_id,request_status_id) VALUES ('76','2023-05-19 17:09:33.078','Hiya, there is a problem with our tree. Neighbour planted it actually and I hate it! Gotta get this thing removed. Help me if my partner sees this and confirms they were right. This one might be bad haha...','2600','9','8','4','3');
INSERT INTO request (request_id,request_date,instruction,postcode,client_id,professional_id,service_id,request_status_id) VALUES ('77','2023-05-27 00:43:35.363','Ayyyyyye pro man or woman, help us with the tree, it is leaning. Really badly so... No rush on the issue.','2600','25','4','4','2');
INSERT INTO request (request_id,request_date,instruction,postcode,client_id,professional_id,service_id,request_status_id) VALUES ('78','2023-05-19 13:01:17.773','I am not sure what is going on, but we are having trouble with the tree. Neighbour planted it actually and I hate it! Gotta get this thing removed. No rush on the issue.','2602','23','16','2','3');
INSERT INTO request (request_id,request_date,instruction,postcode,client_id,professional_id,service_id,request_status_id) VALUES ('79','2023-06-08 10:31:50.762','Good Afternoon! I have found an issue with the tree, it has fallen on top of the house! Not the damn house! Can we please have this sorted quickly?','2600','22','10','4','4');
INSERT INTO request (request_id,request_date,instruction,postcode,client_id,professional_id,service_id,request_status_id) VALUES ('80','2023-06-02 03:33:47.005','Ayyyyyye pro man or woman, help us with the tree, it is leaning. Really badly so... Help me if my partner sees this and confirms they were right. This one might be bad haha...','2601','20','13','5','1');
INSERT INTO request (request_id,request_date,instruction,postcode,client_id,professional_id,service_id,request_status_id) VALUES ('81','2023-06-03 22:33:33.681','I am not sure what is going on, but we are having trouble with the tree. Neighbour planted it actually and I hate it! Gotta get this thing removed. No rush on the issue.','2600','26',null,'3','3');
INSERT INTO request (request_id,request_date,instruction,postcode,client_id,professional_id,service_id,request_status_id) VALUES ('82','2023-05-21 19:10:51.323','To whom this may concern, I have discovered an issue with my tree in the front yard. It is blocking our view of the coast. Look forward to hearing from you.','2600','22','3','2','1');
INSERT INTO request (request_id,request_date,instruction,postcode,client_id,professional_id,service_id,request_status_id) VALUES ('83','2023-06-10 13:57:57.583','Hello! Currently I have an issues with my tree in the front yard. It is blocking our view of the coast. No rush on the issue.','2600','18','19','2','3');
INSERT INTO request (request_id,request_date,instruction,postcode,client_id,professional_id,service_id,request_status_id) VALUES ('84','2023-06-01 20:22:37.837','Hello! Currently I have an issues with my broken branch, it is hanging. Kinda looks like it might fall on the house uh... If someone could look at this quickly I would be grateful!','2602','6','11','3','2');
INSERT INTO request (request_id,request_date,instruction,postcode,client_id,professional_id,service_id,request_status_id) VALUES ('85','2023-05-28 12:59:46.118','Hiya, there is a problem with our tree, it is leaning. Really badly so... Can this please be fixed ASAP!?','2600','3','8','5','3');
INSERT INTO request (request_id,request_date,instruction,postcode,client_id,professional_id,service_id,request_status_id) VALUES ('86','2023-06-05 09:56:03.844','Ayyyyyye pro man or woman, help us with the tree, it has fallen on top of the house! Not the damn house! Gotta get this one done quick, interest rates are going right up might run out of funds soon!','2600','24',null,'5','3');
INSERT INTO request (request_id,request_date,instruction,postcode,client_id,professional_id,service_id,request_status_id) VALUES ('87','2023-06-13 18:10:29.85','Good Afternoon! I have found an issue with the tree. Neighbour planted it actually and I hate it! Gotta get this thing removed. Look forward to hearing from you.','2600','24','4','3','2');
INSERT INTO request (request_id,request_date,instruction,postcode,client_id,professional_id,service_id,request_status_id) VALUES ('88','2023-06-04 07:08:18.702','Hello! Currently I have an issues with my broken branch, it is hanging. Kinda looks like it might fall on the house uh... Help me if my partner sees this and confirms they were right. This one might be bad haha...','2600','12','15','3','4');
INSERT INTO request (request_id,request_date,instruction,postcode,client_id,professional_id,service_id,request_status_id) VALUES ('89','2023-05-28 07:31:28.416','This morning I started having trouble with the tree, it is leaning. Really badly so... Look forward to hearing from you.','2600','5','3','5','2');
INSERT INTO request (request_id,request_date,instruction,postcode,client_id,professional_id,service_id,request_status_id) VALUES ('90','2023-05-31 18:26:39.595','To whom this may concern, I have discovered an issue with my tree, it has fallen on top of the house! Not the damn house! Can this please be fixed ASAP!?','2601','20',null,'2','2');
INSERT INTO request (request_id,request_date,instruction,postcode,client_id,professional_id,service_id,request_status_id) VALUES ('91','2023-06-08 21:50:35.491','To whom this may concern, I have discovered an issue with my tree in the front yard. It is blocking our view of the coast. Can this please be fixed ASAP!?','2600','3',null,'5','1');
INSERT INTO request (request_id,request_date,instruction,postcode,client_id,professional_id,service_id,request_status_id) VALUES ('92','2023-05-18 11:13:29.803','Good Afternoon! I have found an issue with the tree, it has has fallen over. Tried to stop it though! Look forward to hearing from you.','2602','6','16','2','1');
INSERT INTO request (request_id,request_date,instruction,postcode,client_id,professional_id,service_id,request_status_id) VALUES ('93','2023-05-26 20:10:11.215','Hello! Currently I have an issues with my tree. Neighbour planted it actually and I hate it! Gotta get this thing removed. If someone could look at this quickly I would be grateful!','2600','26','15','3','3');
INSERT INTO request (request_id,request_date,instruction,postcode,client_id,professional_id,service_id,request_status_id) VALUES ('94','2023-05-22 01:40:03.085','Bonjour sir/madam. The partner and I figured it would be best to get a professional to sort out the issue with the tree, it has fallen on top of the house! Not the damn house! If someone could look at this quickly I would be grateful!','2600','10',null,'3','2');
INSERT INTO request (request_id,request_date,instruction,postcode,client_id,professional_id,service_id,request_status_id) VALUES ('95','2023-06-10 00:27:31.461','Ayyyyyye pro man or woman, help us with the tree, it is leaning. Really badly so... Gotta get this one done quick, interest rates are going right up might run out of funds soon!','2600','21','8','4','1');
INSERT INTO request (request_id,request_date,instruction,postcode,client_id,professional_id,service_id,request_status_id) VALUES ('96','2023-06-14 19:24:21.093','I am not sure what is going on, but we are having trouble with the tree in the front yard. It is blocking our view of the coast. Gotta get this one done quick, interest rates are going right up might run out of funds soon!','2600','9','19','4','1');
INSERT INTO request (request_id,request_date,instruction,postcode,client_id,professional_id,service_id,request_status_id) VALUES ('97','2023-05-21 14:59:15.737','Good Morning! There is an issue with the front yard tree. My partner insisted that we plant a tree in the back yard. Now the council has complained forcing us to remove the tree. I should never listened to my partner!! Look forward to hearing from you.','2602','16','12','3','1');
INSERT INTO request (request_id,request_date,instruction,postcode,client_id,professional_id,service_id,request_status_id) VALUES ('98','2023-05-30 20:10:34.19','I am not sure what is going on, but we are having trouble with the tree. Neighbour planted it actually and I hate it! Gotta get this thing removed. Really wanna get this one fixed before my partner returns from their trip...','2600','3','8','3','1');
INSERT INTO request (request_id,request_date,instruction,postcode,client_id,professional_id,service_id,request_status_id) VALUES ('99','2023-05-25 04:03:33.6','This morning I started having trouble with the front yard tree. My partner insisted that we plant a tree in the back yard. Now the council has complained forcing us to remove the tree. I should never listened to my partner!! Gotta get this one done quick, interest rates are going right up might run out of funds soon!','2600','5','8','3','3');
INSERT INTO request (request_id,request_date,instruction,postcode,client_id,professional_id,service_id,request_status_id) VALUES ('100','2023-06-13 01:24:20.434','To whom this may concern, I have discovered an issue with my tree in the front yard. It is blocking our view of the coast. Look forward to hearing from you.','2600','5',null,'1','2');

ALTER TABLE request_bid AUTO_INCREMENT = 1;

INSERT INTO request_bid (request_bid_id,request_id,professional_id,amount,sent_date,bid_status_id) VALUES ('1','1','4','186.4370790488562','2023-05-23 19:34:27.758','2');
INSERT INTO request_bid (request_bid_id,request_id,professional_id,amount,sent_date,bid_status_id) VALUES ('2','1','8','160.70230926041316','2023-05-30 05:49:22.707','3');
INSERT INTO request_bid (request_bid_id,request_id,professional_id,amount,sent_date,bid_status_id) VALUES ('3','1','15','117.38066168044165','2023-05-19 01:28:13.555','3');
INSERT INTO request_bid (request_bid_id,request_id,professional_id,amount,sent_date,bid_status_id) VALUES ('4','2','5','28.069875413159203','2023-05-31 05:57:42.986','3');
INSERT INTO request_bid (request_bid_id,request_id,professional_id,amount,sent_date,bid_status_id) VALUES ('5','2','7','78.36398142117979','2023-05-21 14:51:27.527','3');
INSERT INTO request_bid (request_bid_id,request_id,professional_id,amount,sent_date,bid_status_id) VALUES ('6','2','7','17.419586578951698','2023-06-10 20:15:13.431','1');
INSERT INTO request_bid (request_bid_id,request_id,professional_id,amount,sent_date,bid_status_id) VALUES ('7','2','16','37.151370934722905','2023-06-01 15:43:37.316','3');
INSERT INTO request_bid (request_bid_id,request_id,professional_id,amount,sent_date,bid_status_id) VALUES ('8','3','3','92.99706294840284','2023-06-06 01:13:55.529','2');
INSERT INTO request_bid (request_bid_id,request_id,professional_id,amount,sent_date,bid_status_id) VALUES ('9','3','8','38.55916586811692','2023-06-03 21:39:23.482','3');
INSERT INTO request_bid (request_bid_id,request_id,professional_id,amount,sent_date,bid_status_id) VALUES ('10','3','14','16.383864675374003','2023-06-05 07:56:21.802','3');
INSERT INTO request_bid (request_bid_id,request_id,professional_id,amount,sent_date,bid_status_id) VALUES ('11','4','1','17.26662495270568','2023-05-27 05:22:03.917','3');
INSERT INTO request_bid (request_bid_id,request_id,professional_id,amount,sent_date,bid_status_id) VALUES ('12','4','2','17.699187970112305','2023-05-19 21:53:17.156','1');
INSERT INTO request_bid (request_bid_id,request_id,professional_id,amount,sent_date,bid_status_id) VALUES ('13','4','7','45.164955811763605','2023-05-21 18:35:51.155','1');
INSERT INTO request_bid (request_bid_id,request_id,professional_id,amount,sent_date,bid_status_id) VALUES ('14','4','16','130.70876934453872','2023-06-04 16:45:54.622','1');
INSERT INTO request_bid (request_bid_id,request_id,professional_id,amount,sent_date,bid_status_id) VALUES ('15','5','4','103.18104385652059','2023-05-18 06:27:26.657','1');
INSERT INTO request_bid (request_bid_id,request_id,professional_id,amount,sent_date,bid_status_id) VALUES ('16','5','8','104.40492516179117','2023-05-28 10:36:34.586','1');
INSERT INTO request_bid (request_bid_id,request_id,professional_id,amount,sent_date,bid_status_id) VALUES ('17','5','15','69.07409704457638','2023-06-02 14:28:31.859','3');
INSERT INTO request_bid (request_bid_id,request_id,professional_id,amount,sent_date,bid_status_id) VALUES ('18','6','3','46.576383118569545','2023-06-16 22:09:29.167','3');
INSERT INTO request_bid (request_bid_id,request_id,professional_id,amount,sent_date,bid_status_id) VALUES ('19','6','3','16.710349448379304','2023-05-18 20:38:15.687','2');
INSERT INTO request_bid (request_bid_id,request_id,professional_id,amount,sent_date,bid_status_id) VALUES ('20','6','6','131.57243829079695','2023-05-20 07:17:23.257','3');
INSERT INTO request_bid (request_bid_id,request_id,professional_id,amount,sent_date,bid_status_id) VALUES ('21','6','17','164.53275602119726','2023-06-12 20:45:27.506','3');
INSERT INTO request_bid (request_bid_id,request_id,professional_id,amount,sent_date,bid_status_id) VALUES ('22','7','4','125.35668191666807','2023-06-10 23:42:58.471','1');
INSERT INTO request_bid (request_bid_id,request_id,professional_id,amount,sent_date,bid_status_id) VALUES ('23','7','8','106.04341233243285','2023-06-02 00:15:21.175','1');
INSERT INTO request_bid (request_bid_id,request_id,professional_id,amount,sent_date,bid_status_id) VALUES ('24','7','10','18.404694545434587','2023-06-16 18:36:37.952','2');
INSERT INTO request_bid (request_bid_id,request_id,professional_id,amount,sent_date,bid_status_id) VALUES ('25','7','14','88.19056852263004','2023-05-24 14:50:16.785','3');
INSERT INTO request_bid (request_bid_id,request_id,professional_id,amount,sent_date,bid_status_id) VALUES ('26','7','15','38.33521592080648','2023-06-01 22:57:01.074','3');
INSERT INTO request_bid (request_bid_id,request_id,professional_id,amount,sent_date,bid_status_id) VALUES ('27','7','17','198.4948971445057','2023-06-01 19:45:36.506','3');
INSERT INTO request_bid (request_bid_id,request_id,professional_id,amount,sent_date,bid_status_id) VALUES ('28','7','19','107.22404579855116','2023-06-02 02:36:49.3','3');
INSERT INTO request_bid (request_bid_id,request_id,professional_id,amount,sent_date,bid_status_id) VALUES ('29','8','5','100.73925802493625','2023-05-22 08:50:19.041','1');
INSERT INTO request_bid (request_bid_id,request_id,professional_id,amount,sent_date,bid_status_id) VALUES ('30','8','11','32.31045600005345','2023-05-28 20:30:14.655','1');
INSERT INTO request_bid (request_bid_id,request_id,professional_id,amount,sent_date,bid_status_id) VALUES ('31','8','12','176.2210121722352','2023-06-06 15:53:49.622','1');
INSERT INTO request_bid (request_bid_id,request_id,professional_id,amount,sent_date,bid_status_id) VALUES ('32','8','16','25.8390308963299','2023-06-07 23:23:46.823','3');
INSERT INTO request_bid (request_bid_id,request_id,professional_id,amount,sent_date,bid_status_id) VALUES ('33','9','3','46.55759459020202','2023-06-10 16:04:46.32','1');
INSERT INTO request_bid (request_bid_id,request_id,professional_id,amount,sent_date,bid_status_id) VALUES ('34','9','8','88.7996169972567','2023-06-05 16:52:35.213','3');
INSERT INTO request_bid (request_bid_id,request_id,professional_id,amount,sent_date,bid_status_id) VALUES ('35','9','14','150.5844488691057','2023-06-14 19:35:16.987','3');
INSERT INTO request_bid (request_bid_id,request_id,professional_id,amount,sent_date,bid_status_id) VALUES ('36','11','9','63.49868928749354','2023-05-19 16:40:55.654','2');
INSERT INTO request_bid (request_bid_id,request_id,professional_id,amount,sent_date,bid_status_id) VALUES ('37','12','3','38.63172601250882','2023-06-05 14:07:36.393','3');
INSERT INTO request_bid (request_bid_id,request_id,professional_id,amount,sent_date,bid_status_id) VALUES ('38','12','3','101.18831938305739','2023-05-31 15:19:13.545','3');
INSERT INTO request_bid (request_bid_id,request_id,professional_id,amount,sent_date,bid_status_id) VALUES ('39','12','6','179.20338567149196','2023-06-16 13:23:04.113','1');
INSERT INTO request_bid (request_bid_id,request_id,professional_id,amount,sent_date,bid_status_id) VALUES ('40','12','17','129.72132167167652','2023-05-31 14:46:10.759','1');
INSERT INTO request_bid (request_bid_id,request_id,professional_id,amount,sent_date,bid_status_id) VALUES ('41','13','3','187.72086555784279','2023-05-29 07:00:51.61','3');
INSERT INTO request_bid (request_bid_id,request_id,professional_id,amount,sent_date,bid_status_id) VALUES ('42','13','15','57.37685944441718','2023-06-06 13:33:27.794','3');
INSERT INTO request_bid (request_bid_id,request_id,professional_id,amount,sent_date,bid_status_id) VALUES ('43','13','17','57.66544561847145','2023-06-09 18:53:53.114','3');
INSERT INTO request_bid (request_bid_id,request_id,professional_id,amount,sent_date,bid_status_id) VALUES ('44','13','19','43.22091899478406','2023-05-23 08:56:20.085','2');
INSERT INTO request_bid (request_bid_id,request_id,professional_id,amount,sent_date,bid_status_id) VALUES ('45','14','5','190.24367200265414','2023-06-02 21:26:39.95','1');
INSERT INTO request_bid (request_bid_id,request_id,professional_id,amount,sent_date,bid_status_id) VALUES ('46','14','7','160.5863807209522','2023-05-23 18:13:12.957','3');
INSERT INTO request_bid (request_bid_id,request_id,professional_id,amount,sent_date,bid_status_id) VALUES ('47','14','7','162.37271318145778','2023-06-04 03:15:22.717','2');
INSERT INTO request_bid (request_bid_id,request_id,professional_id,amount,sent_date,bid_status_id) VALUES ('48','14','16','51.7823150950223','2023-06-11 10:56:48.709','3');
INSERT INTO request_bid (request_bid_id,request_id,professional_id,amount,sent_date,bid_status_id) VALUES ('49','15','9','66.3289426690805','2023-06-14 18:34:26.106','3');
INSERT INTO request_bid (request_bid_id,request_id,professional_id,amount,sent_date,bid_status_id) VALUES ('50','17','3','198.68511596432327','2023-05-19 08:55:52.926','1');
INSERT INTO request_bid (request_bid_id,request_id,professional_id,amount,sent_date,bid_status_id) VALUES ('51','17','15','145.88089095674567','2023-05-27 11:02:04.396','1');
INSERT INTO request_bid (request_bid_id,request_id,professional_id,amount,sent_date,bid_status_id) VALUES ('52','17','17','105.89658393459287','2023-05-20 21:39:53.956','3');
INSERT INTO request_bid (request_bid_id,request_id,professional_id,amount,sent_date,bid_status_id) VALUES ('53','17','19','179.59202308569812','2023-06-11 00:20:03.594','1');
INSERT INTO request_bid (request_bid_id,request_id,professional_id,amount,sent_date,bid_status_id) VALUES ('54','18','1','72.21082858444385','2023-06-10 03:09:30.923','1');
INSERT INTO request_bid (request_bid_id,request_id,professional_id,amount,sent_date,bid_status_id) VALUES ('55','18','11','190.71265240167102','2023-05-26 00:42:59.999','1');
INSERT INTO request_bid (request_bid_id,request_id,professional_id,amount,sent_date,bid_status_id) VALUES ('56','18','12','117.59750226175797','2023-06-14 11:59:26.802','3');
INSERT INTO request_bid (request_bid_id,request_id,professional_id,amount,sent_date,bid_status_id) VALUES ('57','18','12','109.41497930479709','2023-05-23 20:04:01.717','2');
INSERT INTO request_bid (request_bid_id,request_id,professional_id,amount,sent_date,bid_status_id) VALUES ('58','18','20','83.44332992475516','2023-05-18 17:24:00.923','3');
INSERT INTO request_bid (request_bid_id,request_id,professional_id,amount,sent_date,bid_status_id) VALUES ('59','19','9','95.56612058712335','2023-06-10 20:27:21.056','2');
INSERT INTO request_bid (request_bid_id,request_id,professional_id,amount,sent_date,bid_status_id) VALUES ('60','21','4','84.95879334044585','2023-05-31 22:14:23.855','1');
INSERT INTO request_bid (request_bid_id,request_id,professional_id,amount,sent_date,bid_status_id) VALUES ('61','21','8','146.391928705394','2023-05-20 23:29:24.075','2');
INSERT INTO request_bid (request_bid_id,request_id,professional_id,amount,sent_date,bid_status_id) VALUES ('62','21','15','65.49632875773167','2023-06-14 03:50:41.402','3');
INSERT INTO request_bid (request_bid_id,request_id,professional_id,amount,sent_date,bid_status_id) VALUES ('63','22','9','65.8703679002592','2023-06-13 17:42:35.171','1');
INSERT INTO request_bid (request_bid_id,request_id,professional_id,amount,sent_date,bid_status_id) VALUES ('64','22','9','115.21339910881028','2023-06-12 01:36:25.544','3');
INSERT INTO request_bid (request_bid_id,request_id,professional_id,amount,sent_date,bid_status_id) VALUES ('65','23','5','125.00242030305172','2023-05-30 17:30:40.449','1');
INSERT INTO request_bid (request_bid_id,request_id,professional_id,amount,sent_date,bid_status_id) VALUES ('66','23','7','187.75201303840993','2023-06-03 09:40:33.591','3');
INSERT INTO request_bid (request_bid_id,request_id,professional_id,amount,sent_date,bid_status_id) VALUES ('67','23','7','95.57779536510883','2023-06-16 04:55:06.075','2');
INSERT INTO request_bid (request_bid_id,request_id,professional_id,amount,sent_date,bid_status_id) VALUES ('68','23','16','139.39765698709425','2023-06-01 09:35:24.724','3');
INSERT INTO request_bid (request_bid_id,request_id,professional_id,amount,sent_date,bid_status_id) VALUES ('69','24','4','64.97114721286835','2023-05-27 11:57:51.485','1');
INSERT INTO request_bid (request_bid_id,request_id,professional_id,amount,sent_date,bid_status_id) VALUES ('70','24','8','197.325079321142','2023-05-20 02:02:03.707','3');
INSERT INTO request_bid (request_bid_id,request_id,professional_id,amount,sent_date,bid_status_id) VALUES ('71','24','10','50.82220597006687','2023-05-22 16:02:38.421','1');
INSERT INTO request_bid (request_bid_id,request_id,professional_id,amount,sent_date,bid_status_id) VALUES ('72','24','14','161.59092766371393','2023-06-05 21:33:45.663','1');
INSERT INTO request_bid (request_bid_id,request_id,professional_id,amount,sent_date,bid_status_id) VALUES ('73','24','15','140.2212048264794','2023-06-13 10:36:45.132','3');
INSERT INTO request_bid (request_bid_id,request_id,professional_id,amount,sent_date,bid_status_id) VALUES ('74','24','17','151.97546346358612','2023-05-31 09:39:56.53','3');
INSERT INTO request_bid (request_bid_id,request_id,professional_id,amount,sent_date,bid_status_id) VALUES ('75','24','19','11.649880707825545','2023-06-10 06:51:31.732','2');
INSERT INTO request_bid (request_bid_id,request_id,professional_id,amount,sent_date,bid_status_id) VALUES ('76','25','9','39.395643947343515','2023-05-23 06:31:45.089','3');
INSERT INTO request_bid (request_bid_id,request_id,professional_id,amount,sent_date,bid_status_id) VALUES ('77','27','1','121.5166351343346','2023-06-02 00:49:38.095','3');
INSERT INTO request_bid (request_bid_id,request_id,professional_id,amount,sent_date,bid_status_id) VALUES ('78','27','2','12.469166511047058','2023-06-15 10:19:32.026','1');
INSERT INTO request_bid (request_bid_id,request_id,professional_id,amount,sent_date,bid_status_id) VALUES ('79','27','7','112.17255109403936','2023-06-10 02:37:16.234','1');
INSERT INTO request_bid (request_bid_id,request_id,professional_id,amount,sent_date,bid_status_id) VALUES ('80','27','16','77.49840793232904','2023-06-10 10:32:29.185','1');
INSERT INTO request_bid (request_bid_id,request_id,professional_id,amount,sent_date,bid_status_id) VALUES ('81','28','4','83.84625781940098','2023-05-20 22:08:34.568','1');
INSERT INTO request_bid (request_bid_id,request_id,professional_id,amount,sent_date,bid_status_id) VALUES ('82','28','8','174.74016652607983','2023-05-18 08:22:32.382','2');
INSERT INTO request_bid (request_bid_id,request_id,professional_id,amount,sent_date,bid_status_id) VALUES ('83','28','15','193.3120209580629','2023-05-22 10:47:33.709','3');
INSERT INTO request_bid (request_bid_id,request_id,professional_id,amount,sent_date,bid_status_id) VALUES ('84','29','1','59.28340690195128','2023-05-19 04:54:59.39','1');
INSERT INTO request_bid (request_bid_id,request_id,professional_id,amount,sent_date,bid_status_id) VALUES ('85','29','11','148.35179978454093','2023-06-14 13:09:40.974','1');
INSERT INTO request_bid (request_bid_id,request_id,professional_id,amount,sent_date,bid_status_id) VALUES ('86','29','12','181.44882447003667','2023-05-27 00:57:53.011','1');
INSERT INTO request_bid (request_bid_id,request_id,professional_id,amount,sent_date,bid_status_id) VALUES ('87','29','12','77.41207849907924','2023-06-06 19:41:05.504','3');
INSERT INTO request_bid (request_bid_id,request_id,professional_id,amount,sent_date,bid_status_id) VALUES ('88','29','20','12.34252602690455','2023-06-07 02:49:49.188','2');
INSERT INTO request_bid (request_bid_id,request_id,professional_id,amount,sent_date,bid_status_id) VALUES ('89','30','3','133.48775831453986','2023-06-03 08:34:35.901','2');
INSERT INTO request_bid (request_bid_id,request_id,professional_id,amount,sent_date,bid_status_id) VALUES ('90','30','3','76.91999002364295','2023-06-02 20:57:59.82','3');
INSERT INTO request_bid (request_bid_id,request_id,professional_id,amount,sent_date,bid_status_id) VALUES ('91','30','6','66.62084055401675','2023-05-26 07:03:19.847','3');
INSERT INTO request_bid (request_bid_id,request_id,professional_id,amount,sent_date,bid_status_id) VALUES ('92','30','17','68.63991662233157','2023-06-12 17:14:04.87','3');
INSERT INTO request_bid (request_bid_id,request_id,professional_id,amount,sent_date,bid_status_id) VALUES ('93','31','5','119.69355602776449','2023-05-21 00:07:52.183','3');
INSERT INTO request_bid (request_bid_id,request_id,professional_id,amount,sent_date,bid_status_id) VALUES ('94','31','11','33.83955153345346','2023-06-15 14:58:48.229','3');
INSERT INTO request_bid (request_bid_id,request_id,professional_id,amount,sent_date,bid_status_id) VALUES ('95','31','12','73.22548679165894','2023-05-28 04:06:16.678','1');
INSERT INTO request_bid (request_bid_id,request_id,professional_id,amount,sent_date,bid_status_id) VALUES ('96','31','16','137.42013347810624','2023-06-03 09:08:38.129','2');
INSERT INTO request_bid (request_bid_id,request_id,professional_id,amount,sent_date,bid_status_id) VALUES ('97','32','1','59.49951362110298','2023-06-07 06:25:57.747','3');
INSERT INTO request_bid (request_bid_id,request_id,professional_id,amount,sent_date,bid_status_id) VALUES ('98','32','2','23.820982469111648','2023-06-09 14:39:14.523','3');
INSERT INTO request_bid (request_bid_id,request_id,professional_id,amount,sent_date,bid_status_id) VALUES ('99','32','7','68.20627326217718','2023-06-08 00:46:12.294','3');
INSERT INTO request_bid (request_bid_id,request_id,professional_id,amount,sent_date,bid_status_id) VALUES ('100','32','16','128.24643755581695','2023-06-02 20:19:37.308','3');
INSERT INTO request_bid (request_bid_id,request_id,professional_id,amount,sent_date,bid_status_id) VALUES ('101','33','3','47.7811193211551','2023-05-24 21:11:45.927','2');
INSERT INTO request_bid (request_bid_id,request_id,professional_id,amount,sent_date,bid_status_id) VALUES ('102','33','15','70.01244904306799','2023-05-31 03:08:01.647','3');
INSERT INTO request_bid (request_bid_id,request_id,professional_id,amount,sent_date,bid_status_id) VALUES ('103','33','17','141.97545255582125','2023-05-19 16:26:41.775','3');
INSERT INTO request_bid (request_bid_id,request_id,professional_id,amount,sent_date,bid_status_id) VALUES ('104','33','19','162.16479368940023','2023-05-31 22:13:45.357','3');
INSERT INTO request_bid (request_bid_id,request_id,professional_id,amount,sent_date,bid_status_id) VALUES ('105','36','3','42.43254744990396','2023-06-08 23:38:41.204','1');
INSERT INTO request_bid (request_bid_id,request_id,professional_id,amount,sent_date,bid_status_id) VALUES ('106','36','8','170.8057251846231','2023-06-05 20:33:07.901','3');
INSERT INTO request_bid (request_bid_id,request_id,professional_id,amount,sent_date,bid_status_id) VALUES ('107','36','14','138.03429359692782','2023-05-27 12:34:25.002','3');
INSERT INTO request_bid (request_bid_id,request_id,professional_id,amount,sent_date,bid_status_id) VALUES ('108','37','5','48.25563004489612','2023-06-11 20:50:52.346','1');
INSERT INTO request_bid (request_bid_id,request_id,professional_id,amount,sent_date,bid_status_id) VALUES ('109','37','11','65.92922468032747','2023-05-29 17:30:50.508','1');
INSERT INTO request_bid (request_bid_id,request_id,professional_id,amount,sent_date,bid_status_id) VALUES ('110','37','12','124.83942428391813','2023-05-20 01:37:41.076','1');
INSERT INTO request_bid (request_bid_id,request_id,professional_id,amount,sent_date,bid_status_id) VALUES ('111','37','16','110.27872038941133','2023-06-07 20:12:39.204','2');
INSERT INTO request_bid (request_bid_id,request_id,professional_id,amount,sent_date,bid_status_id) VALUES ('112','39','3','113.55251763520575','2023-05-29 10:39:09.907','2');
INSERT INTO request_bid (request_bid_id,request_id,professional_id,amount,sent_date,bid_status_id) VALUES ('113','39','3','114.39781362363625','2023-06-04 09:23:53.28','3');
INSERT INTO request_bid (request_bid_id,request_id,professional_id,amount,sent_date,bid_status_id) VALUES ('114','39','6','47.893957293177436','2023-05-21 03:51:17.25','3');
INSERT INTO request_bid (request_bid_id,request_id,professional_id,amount,sent_date,bid_status_id) VALUES ('115','39','17','65.13745186598625','2023-05-23 07:03:56.305','3');
INSERT INTO request_bid (request_bid_id,request_id,professional_id,amount,sent_date,bid_status_id) VALUES ('116','40','4','22.40283745997767','2023-06-02 13:14:32.739','1');
INSERT INTO request_bid (request_bid_id,request_id,professional_id,amount,sent_date,bid_status_id) VALUES ('117','40','8','73.11833824380804','2023-05-19 09:20:37.406','2');
INSERT INTO request_bid (request_bid_id,request_id,professional_id,amount,sent_date,bid_status_id) VALUES ('118','40','10','73.53681969311336','2023-05-29 08:50:28.283','3');
INSERT INTO request_bid (request_bid_id,request_id,professional_id,amount,sent_date,bid_status_id) VALUES ('119','40','14','199.02610025250112','2023-05-27 15:59:34.572','3');
INSERT INTO request_bid (request_bid_id,request_id,professional_id,amount,sent_date,bid_status_id) VALUES ('120','40','15','96.54958188559256','2023-06-10 01:10:13.458','3');
INSERT INTO request_bid (request_bid_id,request_id,professional_id,amount,sent_date,bid_status_id) VALUES ('121','40','17','108.13017541796472','2023-06-11 09:28:25.605','3');
INSERT INTO request_bid (request_bid_id,request_id,professional_id,amount,sent_date,bid_status_id) VALUES ('122','40','19','36.90269985270302','2023-06-14 00:38:50.623','3');
INSERT INTO request_bid (request_bid_id,request_id,professional_id,amount,sent_date,bid_status_id) VALUES ('123','41','3','121.23306381325139','2023-06-08 06:32:49.337','1');
INSERT INTO request_bid (request_bid_id,request_id,professional_id,amount,sent_date,bid_status_id) VALUES ('124','41','8','142.42875406521645','2023-05-27 16:49:49.526','1');
INSERT INTO request_bid (request_bid_id,request_id,professional_id,amount,sent_date,bid_status_id) VALUES ('125','41','14','96.63629453521611','2023-05-30 22:26:29.122','3');
INSERT INTO request_bid (request_bid_id,request_id,professional_id,amount,sent_date,bid_status_id) VALUES ('126','42','3','60.81725873250225','2023-06-05 19:53:56.142','3');
INSERT INTO request_bid (request_bid_id,request_id,professional_id,amount,sent_date,bid_status_id) VALUES ('127','42','8','67.8743834116558','2023-06-09 07:53:42.288','2');
INSERT INTO request_bid (request_bid_id,request_id,professional_id,amount,sent_date,bid_status_id) VALUES ('128','42','14','75.54213261288275','2023-06-01 07:12:35.945','3');
INSERT INTO request_bid (request_bid_id,request_id,professional_id,amount,sent_date,bid_status_id) VALUES ('129','43','9','43.305213735772206','2023-05-24 16:48:53.097','1');
INSERT INTO request_bid (request_bid_id,request_id,professional_id,amount,sent_date,bid_status_id) VALUES ('130','43','13','79.98865375349392','2023-06-13 11:02:41.311','1');
INSERT INTO request_bid (request_bid_id,request_id,professional_id,amount,sent_date,bid_status_id) VALUES ('131','43','13','168.9868733085473','2023-05-28 12:29:56.999','1');
INSERT INTO request_bid (request_bid_id,request_id,professional_id,amount,sent_date,bid_status_id) VALUES ('132','45','5','118.46463336328705','2023-05-28 01:19:37.293','1');
INSERT INTO request_bid (request_bid_id,request_id,professional_id,amount,sent_date,bid_status_id) VALUES ('133','45','11','21.298384465355554','2023-05-20 20:36:29.077','1');
INSERT INTO request_bid (request_bid_id,request_id,professional_id,amount,sent_date,bid_status_id) VALUES ('134','45','12','89.63340721953315','2023-05-29 12:49:45.377','1');
INSERT INTO request_bid (request_bid_id,request_id,professional_id,amount,sent_date,bid_status_id) VALUES ('135','45','16','18.473100545148235','2023-05-29 10:44:45.814','3');
INSERT INTO request_bid (request_bid_id,request_id,professional_id,amount,sent_date,bid_status_id) VALUES ('136','46','1','193.85667936691564','2023-06-08 05:24:01.756','2');
INSERT INTO request_bid (request_bid_id,request_id,professional_id,amount,sent_date,bid_status_id) VALUES ('137','46','2','42.23919010372927','2023-06-04 21:12:12.781','3');
INSERT INTO request_bid (request_bid_id,request_id,professional_id,amount,sent_date,bid_status_id) VALUES ('138','46','7','39.25544581661097','2023-05-25 00:35:54.754','3');
INSERT INTO request_bid (request_bid_id,request_id,professional_id,amount,sent_date,bid_status_id) VALUES ('139','46','16','176.11660607225636','2023-06-16 12:15:38.382','3');
INSERT INTO request_bid (request_bid_id,request_id,professional_id,amount,sent_date,bid_status_id) VALUES ('140','47','3','150.43153414562255','2023-06-07 23:56:17.046','3');
INSERT INTO request_bid (request_bid_id,request_id,professional_id,amount,sent_date,bid_status_id) VALUES ('141','47','3','192.0301116591287','2023-05-18 23:10:22.273','3');
INSERT INTO request_bid (request_bid_id,request_id,professional_id,amount,sent_date,bid_status_id) VALUES ('142','47','6','21.47107597338463','2023-05-23 02:25:04.35','1');
INSERT INTO request_bid (request_bid_id,request_id,professional_id,amount,sent_date,bid_status_id) VALUES ('143','47','17','104.35061175936232','2023-05-21 12:28:54.252','1');
INSERT INTO request_bid (request_bid_id,request_id,professional_id,amount,sent_date,bid_status_id) VALUES ('144','48','9','48.04687327832895','2023-06-16 16:16:10.37','1');
INSERT INTO request_bid (request_bid_id,request_id,professional_id,amount,sent_date,bid_status_id) VALUES ('145','48','13','161.89561661155258','2023-06-04 09:59:26.755','1');
INSERT INTO request_bid (request_bid_id,request_id,professional_id,amount,sent_date,bid_status_id) VALUES ('146','48','13','87.72228359054506','2023-06-04 16:44:30.579','2');
INSERT INTO request_bid (request_bid_id,request_id,professional_id,amount,sent_date,bid_status_id) VALUES ('147','49','3','102.645699281803','2023-06-13 00:38:19.169','3');
INSERT INTO request_bid (request_bid_id,request_id,professional_id,amount,sent_date,bid_status_id) VALUES ('148','49','15','158.98235353446006','2023-05-28 22:59:28.397','2');
INSERT INTO request_bid (request_bid_id,request_id,professional_id,amount,sent_date,bid_status_id) VALUES ('149','49','17','130.7262091639741','2023-05-26 04:58:40.986','3');
INSERT INTO request_bid (request_bid_id,request_id,professional_id,amount,sent_date,bid_status_id) VALUES ('150','49','19','11.533623581046722','2023-05-19 20:37:39.402','3');
INSERT INTO request_bid (request_bid_id,request_id,professional_id,amount,sent_date,bid_status_id) VALUES ('151','50','9','48.51120921378385','2023-06-04 18:32:06.676','3');
INSERT INTO request_bid (request_bid_id,request_id,professional_id,amount,sent_date,bid_status_id) VALUES ('152','50','13','122.7606467790449','2023-06-14 22:01:05.215','2');
INSERT INTO request_bid (request_bid_id,request_id,professional_id,amount,sent_date,bid_status_id) VALUES ('153','50','13','58.485240947158786','2023-06-01 17:26:28.668','3');
INSERT INTO request_bid (request_bid_id,request_id,professional_id,amount,sent_date,bid_status_id) VALUES ('154','51','3','100.80613914724402','2023-06-15 22:02:13.928','1');
INSERT INTO request_bid (request_bid_id,request_id,professional_id,amount,sent_date,bid_status_id) VALUES ('155','51','15','92.20981029642887','2023-05-18 23:48:17.276','2');
INSERT INTO request_bid (request_bid_id,request_id,professional_id,amount,sent_date,bid_status_id) VALUES ('156','51','17','85.1485471026968','2023-06-05 00:24:33.801','3');
INSERT INTO request_bid (request_bid_id,request_id,professional_id,amount,sent_date,bid_status_id) VALUES ('157','51','19','195.13210084173312','2023-05-28 15:41:45.619','3');
INSERT INTO request_bid (request_bid_id,request_id,professional_id,amount,sent_date,bid_status_id) VALUES ('158','52','4','71.67779113569416','2023-06-11 15:38:53.875','3');
INSERT INTO request_bid (request_bid_id,request_id,professional_id,amount,sent_date,bid_status_id) VALUES ('159','52','8','130.54579283915214','2023-05-27 05:26:17.443','2');
INSERT INTO request_bid (request_bid_id,request_id,professional_id,amount,sent_date,bid_status_id) VALUES ('160','52','15','185.862746195478','2023-05-26 18:57:05.684','3');
INSERT INTO request_bid (request_bid_id,request_id,professional_id,amount,sent_date,bid_status_id) VALUES ('161','53','9','123.20689389122411','2023-06-10 07:24:34.163','2');
INSERT INTO request_bid (request_bid_id,request_id,professional_id,amount,sent_date,bid_status_id) VALUES ('162','56','18','60.87528362496497','2023-05-29 10:15:29.477','2');
INSERT INTO request_bid (request_bid_id,request_id,professional_id,amount,sent_date,bid_status_id) VALUES ('163','57','1','36.63588249894846','2023-06-10 03:08:43.873','1');
INSERT INTO request_bid (request_bid_id,request_id,professional_id,amount,sent_date,bid_status_id) VALUES ('164','57','7','87.57784940301494','2023-05-28 13:39:51.065','2');
INSERT INTO request_bid (request_bid_id,request_id,professional_id,amount,sent_date,bid_status_id) VALUES ('165','57','11','41.760043032030005','2023-06-06 10:25:55.557','3');
INSERT INTO request_bid (request_bid_id,request_id,professional_id,amount,sent_date,bid_status_id) VALUES ('166','57','20','26.326203080005747','2023-06-07 01:25:41.869','3');
INSERT INTO request_bid (request_bid_id,request_id,professional_id,amount,sent_date,bid_status_id) VALUES ('167','58','9','156.6259595417508','2023-05-18 16:49:25.357','1');
INSERT INTO request_bid (request_bid_id,request_id,professional_id,amount,sent_date,bid_status_id) VALUES ('168','58','9','95.01844485195284','2023-05-25 18:06:14.058','3');
INSERT INTO request_bid (request_bid_id,request_id,professional_id,amount,sent_date,bid_status_id) VALUES ('169','60','3','28.73345184835039','2023-06-07 01:23:23.846','2');
INSERT INTO request_bid (request_bid_id,request_id,professional_id,amount,sent_date,bid_status_id) VALUES ('170','60','15','153.2149631251595','2023-05-27 16:09:57.402','3');
INSERT INTO request_bid (request_bid_id,request_id,professional_id,amount,sent_date,bid_status_id) VALUES ('171','60','17','126.74547715478319','2023-06-12 14:42:25.82','3');
INSERT INTO request_bid (request_bid_id,request_id,professional_id,amount,sent_date,bid_status_id) VALUES ('172','60','19','93.64576380818964','2023-05-26 00:51:10.246','3');
INSERT INTO request_bid (request_bid_id,request_id,professional_id,amount,sent_date,bid_status_id) VALUES ('173','61','9','149.49330324619993','2023-05-23 13:46:04.392','1');
INSERT INTO request_bid (request_bid_id,request_id,professional_id,amount,sent_date,bid_status_id) VALUES ('174','61','9','81.58199182398221','2023-05-29 22:27:02.047','2');
INSERT INTO request_bid (request_bid_id,request_id,professional_id,amount,sent_date,bid_status_id) VALUES ('175','63','4','109.27148896376754','2023-05-20 13:04:34.336','2');
INSERT INTO request_bid (request_bid_id,request_id,professional_id,amount,sent_date,bid_status_id) VALUES ('176','63','8','68.36321128842857','2023-06-14 05:29:17.524','3');
INSERT INTO request_bid (request_bid_id,request_id,professional_id,amount,sent_date,bid_status_id) VALUES ('177','63','10','48.16035731500448','2023-06-16 15:55:55.452','3');
INSERT INTO request_bid (request_bid_id,request_id,professional_id,amount,sent_date,bid_status_id) VALUES ('178','63','14','163.0791968057212','2023-05-26 14:52:47.729','3');
INSERT INTO request_bid (request_bid_id,request_id,professional_id,amount,sent_date,bid_status_id) VALUES ('179','63','15','137.90179845004684','2023-06-05 21:06:49.196','3');
INSERT INTO request_bid (request_bid_id,request_id,professional_id,amount,sent_date,bid_status_id) VALUES ('180','63','17','91.879540274671','2023-05-30 13:33:05.984','3');
INSERT INTO request_bid (request_bid_id,request_id,professional_id,amount,sent_date,bid_status_id) VALUES ('181','63','19','51.8242133974993','2023-06-04 08:16:27.208','3');
INSERT INTO request_bid (request_bid_id,request_id,professional_id,amount,sent_date,bid_status_id) VALUES ('182','64','9','92.91389870460678','2023-06-11 19:24:26.836','2');
INSERT INTO request_bid (request_bid_id,request_id,professional_id,amount,sent_date,bid_status_id) VALUES ('183','64','9','70.74807520421153','2023-05-25 10:59:32.778','3');
INSERT INTO request_bid (request_bid_id,request_id,professional_id,amount,sent_date,bid_status_id) VALUES ('184','65','3','195.50351964276433','2023-06-07 04:23:43.793','2');
INSERT INTO request_bid (request_bid_id,request_id,professional_id,amount,sent_date,bid_status_id) VALUES ('185','65','15','100.46887204042781','2023-05-22 14:25:52.885','3');
INSERT INTO request_bid (request_bid_id,request_id,professional_id,amount,sent_date,bid_status_id) VALUES ('186','65','17','163.5096818744014','2023-06-10 03:51:47.521','3');
INSERT INTO request_bid (request_bid_id,request_id,professional_id,amount,sent_date,bid_status_id) VALUES ('187','65','19','143.29042721975998','2023-05-22 00:11:05.572','3');
INSERT INTO request_bid (request_bid_id,request_id,professional_id,amount,sent_date,bid_status_id) VALUES ('188','66','3','74.042011902932','2023-05-24 04:27:18.863','1');
INSERT INTO request_bid (request_bid_id,request_id,professional_id,amount,sent_date,bid_status_id) VALUES ('189','66','15','146.2028702885145','2023-05-28 07:59:06.977','1');
INSERT INTO request_bid (request_bid_id,request_id,professional_id,amount,sent_date,bid_status_id) VALUES ('190','66','17','137.03044675506916','2023-05-26 20:06:05.893','1');
INSERT INTO request_bid (request_bid_id,request_id,professional_id,amount,sent_date,bid_status_id) VALUES ('191','66','19','72.48063389945077','2023-06-07 18:12:43.004','3');
INSERT INTO request_bid (request_bid_id,request_id,professional_id,amount,sent_date,bid_status_id) VALUES ('192','67','4','159.12793299279522','2023-06-13 06:47:53.891','3');
INSERT INTO request_bid (request_bid_id,request_id,professional_id,amount,sent_date,bid_status_id) VALUES ('193','67','8','178.42755513693754','2023-06-15 18:42:28.064','1');
INSERT INTO request_bid (request_bid_id,request_id,professional_id,amount,sent_date,bid_status_id) VALUES ('194','67','10','97.81030974442098','2023-05-19 17:30:50.007','2');
INSERT INTO request_bid (request_bid_id,request_id,professional_id,amount,sent_date,bid_status_id) VALUES ('195','67','14','196.7232462732951','2023-05-29 11:56:27.787','3');
INSERT INTO request_bid (request_bid_id,request_id,professional_id,amount,sent_date,bid_status_id) VALUES ('196','67','15','188.5844015613873','2023-05-28 15:49:20.766','3');
INSERT INTO request_bid (request_bid_id,request_id,professional_id,amount,sent_date,bid_status_id) VALUES ('197','67','17','169.144745517785','2023-06-10 23:05:01.821','3');
INSERT INTO request_bid (request_bid_id,request_id,professional_id,amount,sent_date,bid_status_id) VALUES ('198','67','19','108.66250600656916','2023-06-06 17:26:53.841','3');
INSERT INTO request_bid (request_bid_id,request_id,professional_id,amount,sent_date,bid_status_id) VALUES ('199','68','9','146.46684034825412','2023-06-16 22:33:31.422','1');
INSERT INTO request_bid (request_bid_id,request_id,professional_id,amount,sent_date,bid_status_id) VALUES ('200','69','4','125.75000268654718','2023-06-09 17:17:40.322','2');
INSERT INTO request_bid (request_bid_id,request_id,professional_id,amount,sent_date,bid_status_id) VALUES ('201','69','8','16.198308672942023','2023-06-08 08:30:54.484','3');
INSERT INTO request_bid (request_bid_id,request_id,professional_id,amount,sent_date,bid_status_id) VALUES ('202','69','15','110.62499364926265','2023-06-02 02:59:44.969','3');
INSERT INTO request_bid (request_bid_id,request_id,professional_id,amount,sent_date,bid_status_id) VALUES ('203','71','3','167.0642063390432','2023-06-16 10:20:02.619','3');
INSERT INTO request_bid (request_bid_id,request_id,professional_id,amount,sent_date,bid_status_id) VALUES ('204','71','15','30.44064038154661','2023-05-28 09:56:19.708','1');
INSERT INTO request_bid (request_bid_id,request_id,professional_id,amount,sent_date,bid_status_id) VALUES ('205','71','17','33.70889931693311','2023-05-25 17:41:07.05','3');
INSERT INTO request_bid (request_bid_id,request_id,professional_id,amount,sent_date,bid_status_id) VALUES ('206','71','19','122.55873736277995','2023-05-21 02:30:27.015','2');
INSERT INTO request_bid (request_bid_id,request_id,professional_id,amount,sent_date,bid_status_id) VALUES ('207','72','4','104.68401432206193','2023-05-22 22:04:54.29','2');
INSERT INTO request_bid (request_bid_id,request_id,professional_id,amount,sent_date,bid_status_id) VALUES ('208','72','8','167.84011066938228','2023-05-26 08:50:32.034','3');
INSERT INTO request_bid (request_bid_id,request_id,professional_id,amount,sent_date,bid_status_id) VALUES ('209','72','10','88.97559178365303','2023-05-25 00:39:22.618','3');
INSERT INTO request_bid (request_bid_id,request_id,professional_id,amount,sent_date,bid_status_id) VALUES ('210','72','14','141.72114765306938','2023-06-06 22:37:28.046','3');
INSERT INTO request_bid (request_bid_id,request_id,professional_id,amount,sent_date,bid_status_id) VALUES ('211','72','15','109.46356844073918','2023-06-09 23:14:52.599','3');
INSERT INTO request_bid (request_bid_id,request_id,professional_id,amount,sent_date,bid_status_id) VALUES ('212','72','17','26.660059401234925','2023-06-04 05:58:54.9','3');
INSERT INTO request_bid (request_bid_id,request_id,professional_id,amount,sent_date,bid_status_id) VALUES ('213','72','19','93.53191448351228','2023-05-28 22:57:17.827','3');
INSERT INTO request_bid (request_bid_id,request_id,professional_id,amount,sent_date,bid_status_id) VALUES ('214','73','4','113.56400427328542','2023-05-30 07:31:33.012','1');
INSERT INTO request_bid (request_bid_id,request_id,professional_id,amount,sent_date,bid_status_id) VALUES ('215','73','8','137.39335193927232','2023-05-20 00:19:29.899','1');
INSERT INTO request_bid (request_bid_id,request_id,professional_id,amount,sent_date,bid_status_id) VALUES ('216','73','15','50.32135826691108','2023-06-09 02:41:05.273','2');
INSERT INTO request_bid (request_bid_id,request_id,professional_id,amount,sent_date,bid_status_id) VALUES ('217','75','3','196.61725697787503','2023-06-07 11:43:27.617','1');
INSERT INTO request_bid (request_bid_id,request_id,professional_id,amount,sent_date,bid_status_id) VALUES ('218','75','8','27.43097853088818','2023-06-09 06:33:46.998','2');
INSERT INTO request_bid (request_bid_id,request_id,professional_id,amount,sent_date,bid_status_id) VALUES ('219','75','14','52.81085596042048','2023-06-14 22:43:08.751','3');
INSERT INTO request_bid (request_bid_id,request_id,professional_id,amount,sent_date,bid_status_id) VALUES ('220','76','4','189.98540350756366','2023-05-22 06:43:30.803','3');
INSERT INTO request_bid (request_bid_id,request_id,professional_id,amount,sent_date,bid_status_id) VALUES ('221','76','8','96.33227032110744','2023-05-18 00:40:01.623','2');
INSERT INTO request_bid (request_bid_id,request_id,professional_id,amount,sent_date,bid_status_id) VALUES ('222','76','10','158.44465941839258','2023-06-04 17:44:30.934','3');
INSERT INTO request_bid (request_bid_id,request_id,professional_id,amount,sent_date,bid_status_id) VALUES ('223','76','14','17.976392461999716','2023-06-16 14:57:18.54','3');
INSERT INTO request_bid (request_bid_id,request_id,professional_id,amount,sent_date,bid_status_id) VALUES ('224','76','15','65.90675251226538','2023-06-02 17:19:19.399','3');
INSERT INTO request_bid (request_bid_id,request_id,professional_id,amount,sent_date,bid_status_id) VALUES ('225','76','17','21.78159135378344','2023-05-26 19:51:12.527','3');
INSERT INTO request_bid (request_bid_id,request_id,professional_id,amount,sent_date,bid_status_id) VALUES ('226','76','19','43.7276608021891','2023-06-14 07:07:33.467','3');
INSERT INTO request_bid (request_bid_id,request_id,professional_id,amount,sent_date,bid_status_id) VALUES ('227','77','4','93.62061376959184','2023-05-20 06:17:17.753','2');
INSERT INTO request_bid (request_bid_id,request_id,professional_id,amount,sent_date,bid_status_id) VALUES ('228','77','8','96.03182653536216','2023-06-04 21:04:45.822','3');
INSERT INTO request_bid (request_bid_id,request_id,professional_id,amount,sent_date,bid_status_id) VALUES ('229','77','10','50.503523355207435','2023-05-31 07:24:55.292','3');
INSERT INTO request_bid (request_bid_id,request_id,professional_id,amount,sent_date,bid_status_id) VALUES ('230','77','14','76.12643333108312','2023-06-13 06:25:15.297','3');
INSERT INTO request_bid (request_bid_id,request_id,professional_id,amount,sent_date,bid_status_id) VALUES ('231','77','15','109.90471776418028','2023-05-30 01:34:47.22','3');
INSERT INTO request_bid (request_bid_id,request_id,professional_id,amount,sent_date,bid_status_id) VALUES ('232','77','17','162.41077081673936','2023-06-13 18:02:35.677','3');
INSERT INTO request_bid (request_bid_id,request_id,professional_id,amount,sent_date,bid_status_id) VALUES ('233','77','19','108.44190050346859','2023-06-02 23:20:09.052','3');
INSERT INTO request_bid (request_bid_id,request_id,professional_id,amount,sent_date,bid_status_id) VALUES ('234','78','1','31.342796787444534','2023-05-29 07:13:32.029','3');
INSERT INTO request_bid (request_bid_id,request_id,professional_id,amount,sent_date,bid_status_id) VALUES ('235','78','2','23.12224133437857','2023-06-03 13:56:12.887','3');
INSERT INTO request_bid (request_bid_id,request_id,professional_id,amount,sent_date,bid_status_id) VALUES ('236','78','7','93.25729198167892','2023-06-06 15:29:34.998','1');
INSERT INTO request_bid (request_bid_id,request_id,professional_id,amount,sent_date,bid_status_id) VALUES ('237','78','16','143.91619746373678','2023-06-08 07:44:47.052','2');
INSERT INTO request_bid (request_bid_id,request_id,professional_id,amount,sent_date,bid_status_id) VALUES ('238','79','4','176.94726470157136','2023-06-08 01:06:17.119','3');
INSERT INTO request_bid (request_bid_id,request_id,professional_id,amount,sent_date,bid_status_id) VALUES ('239','79','8','111.04546371205427','2023-06-12 11:47:08.811','3');
INSERT INTO request_bid (request_bid_id,request_id,professional_id,amount,sent_date,bid_status_id) VALUES ('240','79','10','122.0419385773379','2023-05-31 16:52:44.613','2');
INSERT INTO request_bid (request_bid_id,request_id,professional_id,amount,sent_date,bid_status_id) VALUES ('241','79','14','126.08407106296193','2023-06-02 15:59:22.218','3');
INSERT INTO request_bid (request_bid_id,request_id,professional_id,amount,sent_date,bid_status_id) VALUES ('242','79','15','19.589756320291986','2023-06-02 00:08:04.558','3');
INSERT INTO request_bid (request_bid_id,request_id,professional_id,amount,sent_date,bid_status_id) VALUES ('243','79','17','198.83120035028833','2023-05-23 12:44:38.403','3');
INSERT INTO request_bid (request_bid_id,request_id,professional_id,amount,sent_date,bid_status_id) VALUES ('244','79','19','80.70164443832147','2023-06-13 07:39:38.603','3');
INSERT INTO request_bid (request_bid_id,request_id,professional_id,amount,sent_date,bid_status_id) VALUES ('245','80','9','67.35543846067009','2023-06-13 13:20:34.359','1');
INSERT INTO request_bid (request_bid_id,request_id,professional_id,amount,sent_date,bid_status_id) VALUES ('246','80','13','37.71200784328394','2023-06-02 18:56:58.879','1');
INSERT INTO request_bid (request_bid_id,request_id,professional_id,amount,sent_date,bid_status_id) VALUES ('247','80','13','46.48472391612464','2023-06-09 14:15:16.764','2');
INSERT INTO request_bid (request_bid_id,request_id,professional_id,amount,sent_date,bid_status_id) VALUES ('248','81','4','101.6006540097075','2023-06-04 01:48:59.921','1');
INSERT INTO request_bid (request_bid_id,request_id,professional_id,amount,sent_date,bid_status_id) VALUES ('249','81','8','134.0021314233855','2023-06-07 17:32:39.516','1');
INSERT INTO request_bid (request_bid_id,request_id,professional_id,amount,sent_date,bid_status_id) VALUES ('250','81','15','189.057690437799','2023-05-19 17:23:43.066','1');
INSERT INTO request_bid (request_bid_id,request_id,professional_id,amount,sent_date,bid_status_id) VALUES ('251','82','3','120.7794816144073','2023-06-03 02:04:25.055','2');
INSERT INTO request_bid (request_bid_id,request_id,professional_id,amount,sent_date,bid_status_id) VALUES ('252','82','15','174.41930393511782','2023-05-31 16:51:01.754','3');
INSERT INTO request_bid (request_bid_id,request_id,professional_id,amount,sent_date,bid_status_id) VALUES ('253','82','17','58.48399170227127','2023-05-19 17:52:36.785','3');
INSERT INTO request_bid (request_bid_id,request_id,professional_id,amount,sent_date,bid_status_id) VALUES ('254','82','19','127.52990633341001','2023-05-20 08:56:40.498','3');
INSERT INTO request_bid (request_bid_id,request_id,professional_id,amount,sent_date,bid_status_id) VALUES ('255','83','3','47.52979714120742','2023-06-09 02:56:36.918','1');
INSERT INTO request_bid (request_bid_id,request_id,professional_id,amount,sent_date,bid_status_id) VALUES ('256','83','15','191.0140802240987','2023-05-22 20:11:30.353','3');
INSERT INTO request_bid (request_bid_id,request_id,professional_id,amount,sent_date,bid_status_id) VALUES ('257','83','17','128.215790892562','2023-06-13 23:48:05.362','3');
INSERT INTO request_bid (request_bid_id,request_id,professional_id,amount,sent_date,bid_status_id) VALUES ('258','83','19','170.77054915233842','2023-05-30 15:32:02.829','2');
INSERT INTO request_bid (request_bid_id,request_id,professional_id,amount,sent_date,bid_status_id) VALUES ('259','84','1','145.32061416013204','2023-05-31 11:39:18.307','3');
INSERT INTO request_bid (request_bid_id,request_id,professional_id,amount,sent_date,bid_status_id) VALUES ('260','84','11','149.1135858396272','2023-05-18 12:32:13.516','2');
INSERT INTO request_bid (request_bid_id,request_id,professional_id,amount,sent_date,bid_status_id) VALUES ('261','84','12','95.55503701377967','2023-06-12 03:49:31.912','3');
INSERT INTO request_bid (request_bid_id,request_id,professional_id,amount,sent_date,bid_status_id) VALUES ('262','84','12','67.06530890937799','2023-06-11 15:15:50.177','3');
INSERT INTO request_bid (request_bid_id,request_id,professional_id,amount,sent_date,bid_status_id) VALUES ('263','84','20','24.237037066803072','2023-05-22 06:39:08.176','3');
INSERT INTO request_bid (request_bid_id,request_id,professional_id,amount,sent_date,bid_status_id) VALUES ('264','85','3','120.52449817086838','2023-05-19 11:34:38.236','3');
INSERT INTO request_bid (request_bid_id,request_id,professional_id,amount,sent_date,bid_status_id) VALUES ('265','85','8','35.57032400163387','2023-05-29 08:02:21.963','2');
INSERT INTO request_bid (request_bid_id,request_id,professional_id,amount,sent_date,bid_status_id) VALUES ('266','85','14','99.73075508225523','2023-05-26 04:30:23.234','3');
INSERT INTO request_bid (request_bid_id,request_id,professional_id,amount,sent_date,bid_status_id) VALUES ('267','86','3','126.13131172176732','2023-06-06 14:29:14.418','1');
INSERT INTO request_bid (request_bid_id,request_id,professional_id,amount,sent_date,bid_status_id) VALUES ('268','86','8','109.74195493755145','2023-06-04 04:38:56.965','3');
INSERT INTO request_bid (request_bid_id,request_id,professional_id,amount,sent_date,bid_status_id) VALUES ('269','86','14','119.53243059321088','2023-06-08 01:18:24.285','3');
INSERT INTO request_bid (request_bid_id,request_id,professional_id,amount,sent_date,bid_status_id) VALUES ('270','87','4','71.05189333035068','2023-06-03 03:15:24.858','2');
INSERT INTO request_bid (request_bid_id,request_id,professional_id,amount,sent_date,bid_status_id) VALUES ('271','87','8','64.61603141293509','2023-06-14 07:22:20.542','3');
INSERT INTO request_bid (request_bid_id,request_id,professional_id,amount,sent_date,bid_status_id) VALUES ('272','87','15','137.84956545461722','2023-06-11 05:05:07.095','3');
INSERT INTO request_bid (request_bid_id,request_id,professional_id,amount,sent_date,bid_status_id) VALUES ('273','88','4','155.90507281195406','2023-05-29 19:31:01.22','1');
INSERT INTO request_bid (request_bid_id,request_id,professional_id,amount,sent_date,bid_status_id) VALUES ('274','88','8','186.77608642880762','2023-06-12 15:12:19.587','1');
INSERT INTO request_bid (request_bid_id,request_id,professional_id,amount,sent_date,bid_status_id) VALUES ('275','88','15','106.37791946519152','2023-06-11 08:52:48.444','2');
INSERT INTO request_bid (request_bid_id,request_id,professional_id,amount,sent_date,bid_status_id) VALUES ('276','89','3','169.6759799669128','2023-06-11 20:08:48.818','2');
INSERT INTO request_bid (request_bid_id,request_id,professional_id,amount,sent_date,bid_status_id) VALUES ('277','89','8','12.098248746004408','2023-05-30 00:46:41.401','3');
INSERT INTO request_bid (request_bid_id,request_id,professional_id,amount,sent_date,bid_status_id) VALUES ('278','89','14','26.216565962819974','2023-06-04 12:47:34.825','3');
INSERT INTO request_bid (request_bid_id,request_id,professional_id,amount,sent_date,bid_status_id) VALUES ('279','91','3','99.85146607122928','2023-06-16 13:16:13.881','1');
INSERT INTO request_bid (request_bid_id,request_id,professional_id,amount,sent_date,bid_status_id) VALUES ('280','91','8','74.97786271993475','2023-06-05 09:03:48.193','1');
INSERT INTO request_bid (request_bid_id,request_id,professional_id,amount,sent_date,bid_status_id) VALUES ('281','91','14','15.854624386688029','2023-06-08 13:59:34.166','3');
INSERT INTO request_bid (request_bid_id,request_id,professional_id,amount,sent_date,bid_status_id) VALUES ('282','92','1','142.97853182292837','2023-06-07 16:24:40.782','3');
INSERT INTO request_bid (request_bid_id,request_id,professional_id,amount,sent_date,bid_status_id) VALUES ('283','92','2','117.38394399593942','2023-05-29 00:47:00.775','1');
INSERT INTO request_bid (request_bid_id,request_id,professional_id,amount,sent_date,bid_status_id) VALUES ('284','92','7','36.829369219812776','2023-05-26 09:39:57.241','3');
INSERT INTO request_bid (request_bid_id,request_id,professional_id,amount,sent_date,bid_status_id) VALUES ('285','92','16','112.35325887505506','2023-05-31 11:19:39.756','2');
INSERT INTO request_bid (request_bid_id,request_id,professional_id,amount,sent_date,bid_status_id) VALUES ('286','93','4','171.0635878882571','2023-05-30 03:51:57.808','1');
INSERT INTO request_bid (request_bid_id,request_id,professional_id,amount,sent_date,bid_status_id) VALUES ('287','93','8','135.170009929961','2023-06-02 22:05:49.645','3');
INSERT INTO request_bid (request_bid_id,request_id,professional_id,amount,sent_date,bid_status_id) VALUES ('288','93','15','97.76341365482047','2023-06-06 20:17:56.442','2');
INSERT INTO request_bid (request_bid_id,request_id,professional_id,amount,sent_date,bid_status_id) VALUES ('289','94','4','81.30717142790812','2023-05-23 05:16:52.926','3');
INSERT INTO request_bid (request_bid_id,request_id,professional_id,amount,sent_date,bid_status_id) VALUES ('290','94','8','150.1231484171513','2023-05-21 18:33:07.047','3');
INSERT INTO request_bid (request_bid_id,request_id,professional_id,amount,sent_date,bid_status_id) VALUES ('291','94','15','156.0414492503066','2023-06-15 14:46:55.774','1');
INSERT INTO request_bid (request_bid_id,request_id,professional_id,amount,sent_date,bid_status_id) VALUES ('292','95','4','106.79220797460665','2023-05-30 15:54:51.065','3');
INSERT INTO request_bid (request_bid_id,request_id,professional_id,amount,sent_date,bid_status_id) VALUES ('293','95','8','65.01905438837977','2023-05-30 00:25:57.168','2');
INSERT INTO request_bid (request_bid_id,request_id,professional_id,amount,sent_date,bid_status_id) VALUES ('294','95','10','68.8676776569383','2023-06-03 09:47:54.885','3');
INSERT INTO request_bid (request_bid_id,request_id,professional_id,amount,sent_date,bid_status_id) VALUES ('295','95','14','170.5934018190253','2023-06-06 06:31:23.483','3');
INSERT INTO request_bid (request_bid_id,request_id,professional_id,amount,sent_date,bid_status_id) VALUES ('296','95','15','76.74478316205743','2023-06-12 04:22:03.756','3');
INSERT INTO request_bid (request_bid_id,request_id,professional_id,amount,sent_date,bid_status_id) VALUES ('297','95','17','83.95038921823853','2023-05-21 14:20:57.05','3');
INSERT INTO request_bid (request_bid_id,request_id,professional_id,amount,sent_date,bid_status_id) VALUES ('298','95','19','114.75165177015435','2023-05-19 08:07:30.865','3');
INSERT INTO request_bid (request_bid_id,request_id,professional_id,amount,sent_date,bid_status_id) VALUES ('299','96','4','13.171884532623064','2023-05-29 13:35:07.973','3');
INSERT INTO request_bid (request_bid_id,request_id,professional_id,amount,sent_date,bid_status_id) VALUES ('300','96','8','162.54074410546832','2023-06-16 13:43:19.73','1');
INSERT INTO request_bid (request_bid_id,request_id,professional_id,amount,sent_date,bid_status_id) VALUES ('301','96','10','33.48631495360898','2023-05-22 20:42:16.649','1');
INSERT INTO request_bid (request_bid_id,request_id,professional_id,amount,sent_date,bid_status_id) VALUES ('302','96','14','44.756830459792816','2023-05-23 07:05:26.393','3');
INSERT INTO request_bid (request_bid_id,request_id,professional_id,amount,sent_date,bid_status_id) VALUES ('303','96','15','177.9970076786602','2023-06-09 20:40:36.906','1');
INSERT INTO request_bid (request_bid_id,request_id,professional_id,amount,sent_date,bid_status_id) VALUES ('304','96','17','165.62457038174057','2023-05-20 06:06:49.522','3');
INSERT INTO request_bid (request_bid_id,request_id,professional_id,amount,sent_date,bid_status_id) VALUES ('305','96','19','10.966401389071365','2023-06-06 11:07:05.41','2');
INSERT INTO request_bid (request_bid_id,request_id,professional_id,amount,sent_date,bid_status_id) VALUES ('306','97','1','41.004901643943626','2023-05-28 11:11:00.78','3');
INSERT INTO request_bid (request_bid_id,request_id,professional_id,amount,sent_date,bid_status_id) VALUES ('307','97','11','79.0391973593825','2023-05-22 20:08:42.442','1');
INSERT INTO request_bid (request_bid_id,request_id,professional_id,amount,sent_date,bid_status_id) VALUES ('308','97','12','12.496566854978024','2023-05-25 05:18:24.194','2');
INSERT INTO request_bid (request_bid_id,request_id,professional_id,amount,sent_date,bid_status_id) VALUES ('309','97','12','161.27086984707523','2023-06-13 15:42:57.085','3');
INSERT INTO request_bid (request_bid_id,request_id,professional_id,amount,sent_date,bid_status_id) VALUES ('310','97','20','78.20945772283861','2023-06-12 02:49:50.09','3');
INSERT INTO request_bid (request_bid_id,request_id,professional_id,amount,sent_date,bid_status_id) VALUES ('311','98','4','41.33577210685446','2023-06-16 06:59:44.109','3');
INSERT INTO request_bid (request_bid_id,request_id,professional_id,amount,sent_date,bid_status_id) VALUES ('312','98','8','71.12748310408114','2023-06-11 16:36:40.155','2');
INSERT INTO request_bid (request_bid_id,request_id,professional_id,amount,sent_date,bid_status_id) VALUES ('313','98','15','166.25358583091756','2023-06-13 06:54:16.899','3');
INSERT INTO request_bid (request_bid_id,request_id,professional_id,amount,sent_date,bid_status_id) VALUES ('314','99','4','119.3049932440303','2023-06-14 14:54:30.671','3');
INSERT INTO request_bid (request_bid_id,request_id,professional_id,amount,sent_date,bid_status_id) VALUES ('315','99','8','11.18185387302301','2023-05-31 08:31:23.203','2');
INSERT INTO request_bid (request_bid_id,request_id,professional_id,amount,sent_date,bid_status_id) VALUES ('316','99','15','148.65345742209706','2023-05-24 18:45:56.645','3');
INSERT INTO request_bid (request_bid_id,request_id,professional_id,amount,sent_date,bid_status_id) VALUES ('317','100','3','186.24578363484179','2023-06-13 17:24:39.48','1');
INSERT INTO request_bid (request_bid_id,request_id,professional_id,amount,sent_date,bid_status_id) VALUES ('318','100','3','49.95549743308196','2023-06-05 16:43:54.234','1');
INSERT INTO request_bid (request_bid_id,request_id,professional_id,amount,sent_date,bid_status_id) VALUES ('319','100','6','91.76186788067503','2023-06-13 04:24:50.718','1');
INSERT INTO request_bid (request_bid_id,request_id,professional_id,amount,sent_date,bid_status_id) VALUES ('320','100','17','148.56015636650412','2023-05-20 22:37:25.251','3');
