USE Project;

ALTER TABLE user AUTO_INCREMENT = 1;

INSERT INTO user (user_id,first_name,last_name,email_address,mobile,password) VALUES ('1','Courtney','Boyle','yuonne.cormier@outlook.com','(717) 564-0545 x5217','1e1fda9a69c24837a5ab579319c57810');
INSERT INTO user (user_id,first_name,last_name,email_address,mobile,password) VALUES ('2','Delia','Parisian','muriel.windler@outlook.com','(337) 504-2608','1e1fda9a69c24837a5ab579319c57810');
INSERT INTO user (user_id,first_name,last_name,email_address,mobile,password) VALUES ('3','Gertha','McClure','krystina.deckow@outlook.com','(843) 712-4998 x1058','1e1fda9a69c24837a5ab579319c57810');
INSERT INTO user (user_id,first_name,last_name,email_address,mobile,password) VALUES ('4','Willie','Lindgren','stacey.wilkinson@outlook.com','(917) 509-1854','1e1fda9a69c24837a5ab579319c57810');
INSERT INTO user (user_id,first_name,last_name,email_address,mobile,password) VALUES ('5','Jamey','Monahan','diego.hudson@outlook.com','(386) 878-6114','1e1fda9a69c24837a5ab579319c57810');
INSERT INTO user (user_id,first_name,last_name,email_address,mobile,password) VALUES ('6','Anita','Doyle','lasonya.huels@outlook.com','(248) 971-9582','1e1fda9a69c24837a5ab579319c57810');
INSERT INTO user (user_id,first_name,last_name,email_address,mobile,password) VALUES ('7','Sebrina','Hayes','arlen.lindgren@outlook.com','(781) 973-9006','1e1fda9a69c24837a5ab579319c57810');
INSERT INTO user (user_id,first_name,last_name,email_address,mobile,password) VALUES ('8','Kareem','Collins','cecelia.kiehn@outlook.com','(757) 315-5506 x3708','1e1fda9a69c24837a5ab579319c57810');
INSERT INTO user (user_id,first_name,last_name,email_address,mobile,password) VALUES ('9','Napoleon','Heidenreich','tommie.borer@outlook.com','(402) 714-9484','1e1fda9a69c24837a5ab579319c57810');
INSERT INTO user (user_id,first_name,last_name,email_address,mobile,password) VALUES ('10','Jennefer','Zboncak','imogene.stark@outlook.com','(256) 501-9698','1e1fda9a69c24837a5ab579319c57810');
INSERT INTO user (user_id,first_name,last_name,email_address,mobile,password) VALUES ('11','Antoine','Olson','brenda.kunze@outlook.com','(386) 417-9268 x5439','1e1fda9a69c24837a5ab579319c57810');
INSERT INTO user (user_id,first_name,last_name,email_address,mobile,password) VALUES ('12','Bernardine','Greenholt','donette.gerhold@outlook.com','(781) 330-2801 x5609','1e1fda9a69c24837a5ab579319c57810');
INSERT INTO user (user_id,first_name,last_name,email_address,mobile,password) VALUES ('13','Maurita','Schuppe','eliana.johnson@outlook.com','(551) 313-4286 x0302','1e1fda9a69c24837a5ab579319c57810');
INSERT INTO user (user_id,first_name,last_name,email_address,mobile,password) VALUES ('14','Kerri','Altenwerth','kurtis.bogan@outlook.com','(803) 940-7928 x5688','1e1fda9a69c24837a5ab579319c57810');
INSERT INTO user (user_id,first_name,last_name,email_address,mobile,password) VALUES ('15','Frederic','Konopelski','pablo.west@outlook.com','(757) 754-4367','1e1fda9a69c24837a5ab579319c57810');
INSERT INTO user (user_id,first_name,last_name,email_address,mobile,password) VALUES ('16','Rachele','Schumm','leopoldo.reynolds@outlook.com','(773) 520-6069 x0413','1e1fda9a69c24837a5ab579319c57810');
INSERT INTO user (user_id,first_name,last_name,email_address,mobile,password) VALUES ('17','Daren','Baumbach','harmony.leuschke@outlook.com','(772) 302-1046','1e1fda9a69c24837a5ab579319c57810');
INSERT INTO user (user_id,first_name,last_name,email_address,mobile,password) VALUES ('18','Bert','Morar','tonya.marks@outlook.com','(336) 214-5062','1e1fda9a69c24837a5ab579319c57810');
INSERT INTO user (user_id,first_name,last_name,email_address,mobile,password) VALUES ('19','Faviola','Donnelly','owen.ruecker@outlook.com','(973) 859-0310','1e1fda9a69c24837a5ab579319c57810');
INSERT INTO user (user_id,first_name,last_name,email_address,mobile,password) VALUES ('20','Mackenzie','Kris','mitch.predovic@outlook.com','(216) 804-1264 x6095','1e1fda9a69c24837a5ab579319c57810');
INSERT INTO user (user_id,first_name,last_name,email_address,mobile,password) VALUES ('21','Harrison','Kovacek','chauncey.trantow@outlook.com','(530) 605-2476 x5554','1e1fda9a69c24837a5ab579319c57810');
INSERT INTO user (user_id,first_name,last_name,email_address,mobile,password) VALUES ('22','Leonardo','Littel','monique.torphy@outlook.com','(215) 503-8329 x6192','1e1fda9a69c24837a5ab579319c57810');
INSERT INTO user (user_id,first_name,last_name,email_address,mobile,password) VALUES ('23','Meta','Kub','ronnie.heidenreich@outlook.com','(916) 212-7570 x2586','1e1fda9a69c24837a5ab579319c57810');
INSERT INTO user (user_id,first_name,last_name,email_address,mobile,password) VALUES ('24','Alicia','Kihn','lory.pfannerstill@outlook.com','(239) 979-7828 x8847','1e1fda9a69c24837a5ab579319c57810');
INSERT INTO user (user_id,first_name,last_name,email_address,mobile,password) VALUES ('25','Tabatha','Bartoletti','denver.powlowski@outlook.com','(772) 281-5021','1e1fda9a69c24837a5ab579319c57810');
INSERT INTO user (user_id,first_name,last_name,email_address,mobile,password) VALUES ('26','Erick','Weber','george.rogahn@outlook.com','(847) 510-8671 x7806','1e1fda9a69c24837a5ab579319c57810');
INSERT INTO user (user_id,first_name,last_name,email_address,mobile,password) VALUES ('27','Janeen','Von','china.ziemann@outlook.com','(206) 308-2383 x1607','1e1fda9a69c24837a5ab579319c57810');
INSERT INTO user (user_id,first_name,last_name,email_address,mobile,password) VALUES ('28','Karri','Emard','joan.lockman@outlook.com','(409) 573-6370 x6227','1e1fda9a69c24837a5ab579319c57810');
INSERT INTO user (user_id,first_name,last_name,email_address,mobile,password) VALUES ('29','Kori','Bins','eusebio.feeney@outlook.com','(213) 757-3572 x0197','1e1fda9a69c24837a5ab579319c57810');
INSERT INTO user (user_id,first_name,last_name,email_address,mobile,password) VALUES ('30','Antwan','Fritsch','gabrielle.farrell@outlook.com','(213) 224-7429 x8342','1e1fda9a69c24837a5ab579319c57810');
INSERT INTO user (user_id,first_name,last_name,email_address,mobile,password) VALUES ('31','Barney','Greenfelder','jazmin.hoeger@outlook.com','(716) 848-5455','1e1fda9a69c24837a5ab579319c57810');
INSERT INTO user (user_id,first_name,last_name,email_address,mobile,password) VALUES ('32','Emil','King','lauryn.murray@outlook.com','(712) 602-7151','1e1fda9a69c24837a5ab579319c57810');
INSERT INTO user (user_id,first_name,last_name,email_address,mobile,password) VALUES ('33','Pia','OReilly','dulce.champlin@outlook.com','(906) 804-2836 x4523','1e1fda9a69c24837a5ab579319c57810');
INSERT INTO user (user_id,first_name,last_name,email_address,mobile,password) VALUES ('34','Renea','Collins','ona.ruecker@outlook.com','(832) 716-2238 x9988','1e1fda9a69c24837a5ab579319c57810');
INSERT INTO user (user_id,first_name,last_name,email_address,mobile,password) VALUES ('35','Isabella','Rice','celina.schoen@outlook.com','(971) 435-3696 x5197','1e1fda9a69c24837a5ab579319c57810');
INSERT INTO user (user_id,first_name,last_name,email_address,mobile,password) VALUES ('36','Carlton','Hill','gidget.volkman@outlook.com','(361) 678-1841 x5994','1e1fda9a69c24837a5ab579319c57810');
INSERT INTO user (user_id,first_name,last_name,email_address,mobile,password) VALUES ('37','Robert','Ernser','joel.beahan@outlook.com','(925) 435-4342','1e1fda9a69c24837a5ab579319c57810');
INSERT INTO user (user_id,first_name,last_name,email_address,mobile,password) VALUES ('38','Bert','Wilderman','dave.will@outlook.com','(862) 618-1229 x4964','1e1fda9a69c24837a5ab579319c57810');
INSERT INTO user (user_id,first_name,last_name,email_address,mobile,password) VALUES ('39','Edmond','Greenholt','margene.schinner@outlook.com','(319) 843-0678 x3768','1e1fda9a69c24837a5ab579319c57810');
INSERT INTO user (user_id,first_name,last_name,email_address,mobile,password) VALUES ('40','Terrell','Halvorson','stacey.mertz@outlook.com','(314) 360-4523 x3590','1e1fda9a69c24837a5ab579319c57810');

ALTER TABLE billing AUTO_INCREMENT = 1;

INSERT INTO billing (billing_id,name,card_number,expiry_date,ccv,billing_type_id,user_id) VALUES ('1','Courtney Boyle','9640 6220 8597 6222','57/1723','519','2','1');
INSERT INTO billing (billing_id,name,card_number,expiry_date,ccv,billing_type_id,user_id) VALUES ('2','Delia Parisian','7725 9080 0411 0133','97/9457','482','2','2');
INSERT INTO billing (billing_id,name,card_number,expiry_date,ccv,billing_type_id,user_id) VALUES ('3','Gertha McClure','2036 0391 3260 7889','29/7391','578','2','3');
INSERT INTO billing (billing_id,name,card_number,expiry_date,ccv,billing_type_id,user_id) VALUES ('4','Willie Lindgren','6345 7037 8166 8423','28/6279','132','2','4');
INSERT INTO billing (billing_id,name,card_number,expiry_date,ccv,billing_type_id,user_id) VALUES ('5','Jamey Monahan','6439 6976 6597 9153','55/1728','791','2','5');
INSERT INTO billing (billing_id,name,card_number,expiry_date,ccv,billing_type_id,user_id) VALUES ('6','Anita Doyle','0687 1727 8374 6444','19/3264','687','2','6');
INSERT INTO billing (billing_id,name,card_number,expiry_date,ccv,billing_type_id,user_id) VALUES ('7','Sebrina Hayes','3530 3674 0584 5583','94/5446','721','2','7');
INSERT INTO billing (billing_id,name,card_number,expiry_date,ccv,billing_type_id,user_id) VALUES ('8','Kareem Collins','5853 4954 3524 7346','47/7319','628','2','8');
INSERT INTO billing (billing_id,name,card_number,expiry_date,ccv,billing_type_id,user_id) VALUES ('9','Napoleon Heidenreich','2846 9983 2617 9745','95/5966','422','2','9');
INSERT INTO billing (billing_id,name,card_number,expiry_date,ccv,billing_type_id,user_id) VALUES ('10','Jennefer Zboncak','0539 3368 1517 6436','22/6778','533','2','10');
INSERT INTO billing (billing_id,name,card_number,expiry_date,ccv,billing_type_id,user_id) VALUES ('11','Antoine Olson','0296 3251 5977 7709','31/5881','627','2','11');
INSERT INTO billing (billing_id,name,card_number,expiry_date,ccv,billing_type_id,user_id) VALUES ('12','Bernardine Greenholt','1232 6413 2760 0806','22/1821','616','2','12');
INSERT INTO billing (billing_id,name,card_number,expiry_date,ccv,billing_type_id,user_id) VALUES ('13','Maurita Schuppe','0950 9034 7073 2636','74/9627','763','2','13');
INSERT INTO billing (billing_id,name,card_number,expiry_date,ccv,billing_type_id,user_id) VALUES ('14','Kerri Altenwerth','5400 7829 6704 8611','66/4742','586','2','14');
INSERT INTO billing (billing_id,name,card_number,expiry_date,ccv,billing_type_id,user_id) VALUES ('15','Frederic Konopelski','3137 5650 6899 9410','61/4526','333','1','15');
INSERT INTO billing (billing_id,name,card_number,expiry_date,ccv,billing_type_id,user_id) VALUES ('16','Frederic Konopelski','9562 3526 6844 9857','92/7314','764','2','15');
INSERT INTO billing (billing_id,name,card_number,expiry_date,ccv,billing_type_id,user_id) VALUES ('17','Rachele Schumm','6095 7064 1606 3863','74/1278','117','1','16');
INSERT INTO billing (billing_id,name,card_number,expiry_date,ccv,billing_type_id,user_id) VALUES ('18','Rachele Schumm','6102 4295 5062 1187','91/9994','566','2','16');
INSERT INTO billing (billing_id,name,card_number,expiry_date,ccv,billing_type_id,user_id) VALUES ('19','Daren Baumbach','2964 5487 3580 5697','87/2879','743','1','17');
INSERT INTO billing (billing_id,name,card_number,expiry_date,ccv,billing_type_id,user_id) VALUES ('20','Daren Baumbach','5117 8284 1291 4488','93/8598','158','2','17');
INSERT INTO billing (billing_id,name,card_number,expiry_date,ccv,billing_type_id,user_id) VALUES ('21','Bert Morar','3126 5456 1001 9266','15/3961','275','1','18');
INSERT INTO billing (billing_id,name,card_number,expiry_date,ccv,billing_type_id,user_id) VALUES ('22','Bert Morar','1137 5242 5990 2809','82/8556','164','2','18');
INSERT INTO billing (billing_id,name,card_number,expiry_date,ccv,billing_type_id,user_id) VALUES ('23','Faviola Donnelly','1448 5291 3469 0467','94/8683','857','1','19');
INSERT INTO billing (billing_id,name,card_number,expiry_date,ccv,billing_type_id,user_id) VALUES ('24','Faviola Donnelly','1305 2814 0117 8060','43/5296','778','2','19');
INSERT INTO billing (billing_id,name,card_number,expiry_date,ccv,billing_type_id,user_id) VALUES ('25','Mackenzie Kris','4013 7753 4970 6467','66/6823','993','1','20');
INSERT INTO billing (billing_id,name,card_number,expiry_date,ccv,billing_type_id,user_id) VALUES ('26','Mackenzie Kris','3939 3576 7487 5262','29/3152','259','2','20');
INSERT INTO billing (billing_id,name,card_number,expiry_date,ccv,billing_type_id,user_id) VALUES ('27','Harrison Kovacek','1558 3552 5814 2727','76/6859','244','1','21');
INSERT INTO billing (billing_id,name,card_number,expiry_date,ccv,billing_type_id,user_id) VALUES ('28','Leonardo Littel','5920 4686 9714 1678','72/1718','986','1','22');
INSERT INTO billing (billing_id,name,card_number,expiry_date,ccv,billing_type_id,user_id) VALUES ('29','Meta Kub','3689 3875 1018 1407','25/3417','444','1','23');
INSERT INTO billing (billing_id,name,card_number,expiry_date,ccv,billing_type_id,user_id) VALUES ('30','Alicia Kihn','6773 7988 0167 7144','52/8624','667','1','24');
INSERT INTO billing (billing_id,name,card_number,expiry_date,ccv,billing_type_id,user_id) VALUES ('31','Tabatha Bartoletti','3500 2865 6404 4964','62/4432','424','1','25');
INSERT INTO billing (billing_id,name,card_number,expiry_date,ccv,billing_type_id,user_id) VALUES ('32','Erick Weber','2579 9830 0461 9353','31/1963','699','1','26');
INSERT INTO billing (billing_id,name,card_number,expiry_date,ccv,billing_type_id,user_id) VALUES ('33','Janeen Von','2177 6433 2422 8909','26/9171','728','1','27');
INSERT INTO billing (billing_id,name,card_number,expiry_date,ccv,billing_type_id,user_id) VALUES ('34','Karri Emard','2394 6637 8041 1580','36/9128','864','1','28');
INSERT INTO billing (billing_id,name,card_number,expiry_date,ccv,billing_type_id,user_id) VALUES ('35','Kori Bins','8704 5374 1861 1127','28/5253','325','1','29');
INSERT INTO billing (billing_id,name,card_number,expiry_date,ccv,billing_type_id,user_id) VALUES ('36','Antwan Fritsch','8649 7204 7505 4870','67/9413','185','1','30');
INSERT INTO billing (billing_id,name,card_number,expiry_date,ccv,billing_type_id,user_id) VALUES ('37','Barney Greenfelder','7579 2711 2780 2551','27/6516','981','1','31');
INSERT INTO billing (billing_id,name,card_number,expiry_date,ccv,billing_type_id,user_id) VALUES ('38','Emil King','0194 7053 5717 8250','82/6487','735','1','32');
INSERT INTO billing (billing_id,name,card_number,expiry_date,ccv,billing_type_id,user_id) VALUES ('39','Pia OReilly','3244 1053 2969 6272','34/7197','276','1','33');
INSERT INTO billing (billing_id,name,card_number,expiry_date,ccv,billing_type_id,user_id) VALUES ('40','Renea Collins','3305 7878 1616 7205','55/9478','869','1','34');
INSERT INTO billing (billing_id,name,card_number,expiry_date,ccv,billing_type_id,user_id) VALUES ('41','Isabella Rice','9700 8703 8346 0029','74/9473','758','1','35');
INSERT INTO billing (billing_id,name,card_number,expiry_date,ccv,billing_type_id,user_id) VALUES ('42','Carlton Hill','5837 2723 8289 0879','18/6882','835','1','36');
INSERT INTO billing (billing_id,name,card_number,expiry_date,ccv,billing_type_id,user_id) VALUES ('43','Robert Ernser','2141 9790 4511 8579','35/1739','342','1','37');
INSERT INTO billing (billing_id,name,card_number,expiry_date,ccv,billing_type_id,user_id) VALUES ('44','Bert Wilderman','2737 4695 7633 1280','34/3718','552','1','38');
INSERT INTO billing (billing_id,name,card_number,expiry_date,ccv,billing_type_id,user_id) VALUES ('45','Edmond Greenholt','3773 7222 1002 4894','49/4347','775','1','39');
INSERT INTO billing (billing_id,name,card_number,expiry_date,ccv,billing_type_id,user_id) VALUES ('46','Terrell Halvorson','0844 3547 2002 7757','86/1889','735','1','40');

ALTER TABLE user_question AUTO_INCREMENT = 1;

INSERT INTO user_question (user_question_id,user_id,security_question_id,answer) VALUES ('1','1','1','Woody Forrest');
INSERT INTO user_question (user_question_id,user_id,security_question_id,answer) VALUES ('2','1','2','Carrie A. Tune');
INSERT INTO user_question (user_question_id,user_id,security_question_id,answer) VALUES ('3','1','3','Renee Sance');
INSERT INTO user_question (user_question_id,user_id,security_question_id,answer) VALUES ('5','2','4','Anita Job');
INSERT INTO user_question (user_question_id,user_id,security_question_id,answer) VALUES ('6','2','1','Sally Mander');
INSERT INTO user_question (user_question_id,user_id,security_question_id,answer) VALUES ('7','2','2','Chuck Roast');
INSERT INTO user_question (user_question_id,user_id,security_question_id,answer) VALUES ('9','3','3','Ben Down');
INSERT INTO user_question (user_question_id,user_id,security_question_id,answer) VALUES ('10','3','4','Quint S. Henschel');
INSERT INTO user_question (user_question_id,user_id,security_question_id,answer) VALUES ('11','3','1','Abel N. Willan');
INSERT INTO user_question (user_question_id,user_id,security_question_id,answer) VALUES ('18','4','2','Kareem OWeet');
INSERT INTO user_question (user_question_id,user_id,security_question_id,answer) VALUES ('19','4','3','Ed Ible');
INSERT INTO user_question (user_question_id,user_id,security_question_id,answer) VALUES ('20','4','4','Joy Anna DeLight');
INSERT INTO user_question (user_question_id,user_id,security_question_id,answer) VALUES ('24','5','1','Rory Storm');
INSERT INTO user_question (user_question_id,user_id,security_question_id,answer) VALUES ('25','5','2','Aaron Thetires');
INSERT INTO user_question (user_question_id,user_id,security_question_id,answer) VALUES ('26','5','3','Des Buratto');
INSERT INTO user_question (user_question_id,user_id,security_question_id,answer) VALUES ('28','6','4','Warren T.');
INSERT INTO user_question (user_question_id,user_id,security_question_id,answer) VALUES ('29','6','1','Didi Reelydoit');
INSERT INTO user_question (user_question_id,user_id,security_question_id,answer) VALUES ('30','6','2','Willie Maykit');
INSERT INTO user_question (user_question_id,user_id,security_question_id,answer) VALUES ('33','7','3','Frank Furter');
INSERT INTO user_question (user_question_id,user_id,security_question_id,answer) VALUES ('34','7','4','Will Power');
INSERT INTO user_question (user_question_id,user_id,security_question_id,answer) VALUES ('35','7','1','Len DeHande');
INSERT INTO user_question (user_question_id,user_id,security_question_id,answer) VALUES ('44','8','2','Winnie Bago');
INSERT INTO user_question (user_question_id,user_id,security_question_id,answer) VALUES ('45','8','3','Les Plack');
INSERT INTO user_question (user_question_id,user_id,security_question_id,answer) VALUES ('46','8','4','Hammond Eggs');
INSERT INTO user_question (user_question_id,user_id,security_question_id,answer) VALUES ('48','9','1','Rob Banks');
INSERT INTO user_question (user_question_id,user_id,security_question_id,answer) VALUES ('49','9','2','Bowen Arrow');
INSERT INTO user_question (user_question_id,user_id,security_question_id,answer) VALUES ('50','9','3','Michael Otto Nuys');
INSERT INTO user_question (user_question_id,user_id,security_question_id,answer) VALUES ('54','10','4','Pearl E. Gates');
INSERT INTO user_question (user_question_id,user_id,security_question_id,answer) VALUES ('55','10','1','Tish Hughes');
INSERT INTO user_question (user_question_id,user_id,security_question_id,answer) VALUES ('56','10','2','Juan Fortharoad');
INSERT INTO user_question (user_question_id,user_id,security_question_id,answer) VALUES ('59','11','3','Dan Saul Knight');
INSERT INTO user_question (user_question_id,user_id,security_question_id,answer) VALUES ('60','11','4','Ayma Moron');
INSERT INTO user_question (user_question_id,user_id,security_question_id,answer) VALUES ('61','11','1','Colleen Cardd');
INSERT INTO user_question (user_question_id,user_id,security_question_id,answer) VALUES ('79','12','2','Hazel Nutt');
INSERT INTO user_question (user_question_id,user_id,security_question_id,answer) VALUES ('80','12','3','Biff Wellington');
INSERT INTO user_question (user_question_id,user_id,security_question_id,answer) VALUES ('81','12','4','Douglas S. Halfempty');
INSERT INTO user_question (user_question_id,user_id,security_question_id,answer) VALUES ('83','13','1','Juan Nightstand');
INSERT INTO user_question (user_question_id,user_id,security_question_id,answer) VALUES ('84','13','2','Chris P. Bacon');
INSERT INTO user_question (user_question_id,user_id,security_question_id,answer) VALUES ('85','13','3','Igor Beaver');
INSERT INTO user_question (user_question_id,user_id,security_question_id,answer) VALUES ('93','14','4','U. O. Money');
INSERT INTO user_question (user_question_id,user_id,security_question_id,answer) VALUES ('94','14','1','Pete Moss');
INSERT INTO user_question (user_question_id,user_id,security_question_id,answer) VALUES ('95','14','2','Neil Down');
INSERT INTO user_question (user_question_id,user_id,security_question_id,answer) VALUES ('98','15','3','Hilda Climb');
INSERT INTO user_question (user_question_id,user_id,security_question_id,answer) VALUES ('99','15','4','Shandy Lear');
INSERT INTO user_question (user_question_id,user_id,security_question_id,answer) VALUES ('100','15','1','Marcus Absent');
INSERT INTO user_question (user_question_id,user_id,security_question_id,answer) VALUES ('110','16','2','Ann Tartica');
INSERT INTO user_question (user_question_id,user_id,security_question_id,answer) VALUES ('111','16','3','Juan De Hattatime');
INSERT INTO user_question (user_question_id,user_id,security_question_id,answer) VALUES ('112','16','4','Bess Eaton');
INSERT INTO user_question (user_question_id,user_id,security_question_id,answer) VALUES ('117','17','1','Theresa Brown');
INSERT INTO user_question (user_question_id,user_id,security_question_id,answer) VALUES ('118','17','2','Bud Weiser');
INSERT INTO user_question (user_question_id,user_id,security_question_id,answer) VALUES ('119','17','3','Les Moore');
INSERT INTO user_question (user_question_id,user_id,security_question_id,answer) VALUES ('121','18','4','Sue Case');
INSERT INTO user_question (user_question_id,user_id,security_question_id,answer) VALUES ('122','18','1','May ONays');
INSERT INTO user_question (user_question_id,user_id,security_question_id,answer) VALUES ('123','18','2','Lee Nover');
INSERT INTO user_question (user_question_id,user_id,security_question_id,answer) VALUES ('126','19','3','Rusty Steele');
INSERT INTO user_question (user_question_id,user_id,security_question_id,answer) VALUES ('127','19','4','Eve Hill');
INSERT INTO user_question (user_question_id,user_id,security_question_id,answer) VALUES ('128','19','1','M. Balmer');
INSERT INTO user_question (user_question_id,user_id,security_question_id,answer) VALUES ('130','20','2','Bill Overdew');
INSERT INTO user_question (user_question_id,user_id,security_question_id,answer) VALUES ('131','20','3','Diane Toluvia');
INSERT INTO user_question (user_question_id,user_id,security_question_id,answer) VALUES ('132','20','4','Harry R. M. Pitts');
INSERT INTO user_question (user_question_id,user_id,security_question_id,answer) VALUES ('134','21','1','Jay Bird');
INSERT INTO user_question (user_question_id,user_id,security_question_id,answer) VALUES ('135','21','2','Rusty Steele');
INSERT INTO user_question (user_question_id,user_id,security_question_id,answer) VALUES ('136','21','3','Olive Green');
INSERT INTO user_question (user_question_id,user_id,security_question_id,answer) VALUES ('137','22','4','Sam Manilla');
INSERT INTO user_question (user_question_id,user_id,security_question_id,answer) VALUES ('138','22','1','Alex Blaine Layder');
INSERT INTO user_question (user_question_id,user_id,security_question_id,answer) VALUES ('139','22','2','Joy Kil');
INSERT INTO user_question (user_question_id,user_id,security_question_id,answer) VALUES ('140','23','3','Doug Updegrave');
INSERT INTO user_question (user_question_id,user_id,security_question_id,answer) VALUES ('141','23','4','Bess Twishes');
INSERT INTO user_question (user_question_id,user_id,security_question_id,answer) VALUES ('142','23','1','Helena Hanbaskett');
INSERT INTO user_question (user_question_id,user_id,security_question_id,answer) VALUES ('143','24','2','Ron A. Muck');
INSERT INTO user_question (user_question_id,user_id,security_question_id,answer) VALUES ('144','24','3','Patton Down DeHatches');
INSERT INTO user_question (user_question_id,user_id,security_question_id,answer) VALUES ('145','24','4','Walter Melon');
INSERT INTO user_question (user_question_id,user_id,security_question_id,answer) VALUES ('146','25','1','Brighton Early');
INSERT INTO user_question (user_question_id,user_id,security_question_id,answer) VALUES ('147','25','2','Rhea Pollster');
INSERT INTO user_question (user_question_id,user_id,security_question_id,answer) VALUES ('148','25','3','Mel Loewe');
INSERT INTO user_question (user_question_id,user_id,security_question_id,answer) VALUES ('149','26','4','Bill Board');
INSERT INTO user_question (user_question_id,user_id,security_question_id,answer) VALUES ('150','26','1','Shanda Lear');
INSERT INTO user_question (user_question_id,user_id,security_question_id,answer) VALUES ('151','26','2','Sheri Cola');
INSERT INTO user_question (user_question_id,user_id,security_question_id,answer) VALUES ('152','27','3','M. Balmer');
INSERT INTO user_question (user_question_id,user_id,security_question_id,answer) VALUES ('153','27','4','Howie Doohan');
INSERT INTO user_question (user_question_id,user_id,security_question_id,answer) VALUES ('154','27','1','Alf Abet');
INSERT INTO user_question (user_question_id,user_id,security_question_id,answer) VALUES ('155','28','2','Marty Graw');
INSERT INTO user_question (user_question_id,user_id,security_question_id,answer) VALUES ('156','28','3','Allen Rench');
INSERT INTO user_question (user_question_id,user_id,security_question_id,answer) VALUES ('157','28','4','I. D. Clair');
INSERT INTO user_question (user_question_id,user_id,security_question_id,answer) VALUES ('158','29','1','Sarah Doctorinthehouse');
INSERT INTO user_question (user_question_id,user_id,security_question_id,answer) VALUES ('159','29','2','Anna Septic');
INSERT INTO user_question (user_question_id,user_id,security_question_id,answer) VALUES ('160','29','3','Eaton Wright');
INSERT INTO user_question (user_question_id,user_id,security_question_id,answer) VALUES ('161','30','4','Hugh Mungous');
INSERT INTO user_question (user_question_id,user_id,security_question_id,answer) VALUES ('162','30','1','Iona Frisbee');
INSERT INTO user_question (user_question_id,user_id,security_question_id,answer) VALUES ('163','30','2','Bruce Easley');
INSERT INTO user_question (user_question_id,user_id,security_question_id,answer) VALUES ('164','31','3','Luna Tick');
INSERT INTO user_question (user_question_id,user_id,security_question_id,answer) VALUES ('165','31','4','Pepe Roni');
INSERT INTO user_question (user_question_id,user_id,security_question_id,answer) VALUES ('166','31','1','Didi Reelydoit');
INSERT INTO user_question (user_question_id,user_id,security_question_id,answer) VALUES ('167','32','2','Biff Wellington');
INSERT INTO user_question (user_question_id,user_id,security_question_id,answer) VALUES ('168','32','3','Oren Jellow');
INSERT INTO user_question (user_question_id,user_id,security_question_id,answer) VALUES ('169','32','4','Jean Poole');
INSERT INTO user_question (user_question_id,user_id,security_question_id,answer) VALUES ('170','33','1','Trina Corder');
INSERT INTO user_question (user_question_id,user_id,security_question_id,answer) VALUES ('171','33','2','Chris Coe');
INSERT INTO user_question (user_question_id,user_id,security_question_id,answer) VALUES ('172','33','3','Morey Bund');
INSERT INTO user_question (user_question_id,user_id,security_question_id,answer) VALUES ('173','34','4','Ima Hogg');
INSERT INTO user_question (user_question_id,user_id,security_question_id,answer) VALUES ('174','34','1','Jan U. Wharry');
INSERT INTO user_question (user_question_id,user_id,security_question_id,answer) VALUES ('175','34','2','Andy Friese');
INSERT INTO user_question (user_question_id,user_id,security_question_id,answer) VALUES ('176','35','3','Milly Meter');
INSERT INTO user_question (user_question_id,user_id,security_question_id,answer) VALUES ('177','35','4','Darren Deeds');
INSERT INTO user_question (user_question_id,user_id,security_question_id,answer) VALUES ('178','35','1','Bart Ender');
INSERT INTO user_question (user_question_id,user_id,security_question_id,answer) VALUES ('179','36','2','Evan Lee Arps');
INSERT INTO user_question (user_question_id,user_id,security_question_id,answer) VALUES ('180','36','3','Rich Feller');
INSERT INTO user_question (user_question_id,user_id,security_question_id,answer) VALUES ('181','36','4','Sue Render');
INSERT INTO user_question (user_question_id,user_id,security_question_id,answer) VALUES ('182','37','1','Bess Twishes');
INSERT INTO user_question (user_question_id,user_id,security_question_id,answer) VALUES ('183','37','2','Ricky T. Ladder');
INSERT INTO user_question (user_question_id,user_id,security_question_id,answer) VALUES ('184','37','3','Michael Otto Nuys');
INSERT INTO user_question (user_question_id,user_id,security_question_id,answer) VALUES ('185','38','4','Darryl Likt');
INSERT INTO user_question (user_question_id,user_id,security_question_id,answer) VALUES ('186','38','1','Xavier Breath');
INSERT INTO user_question (user_question_id,user_id,security_question_id,answer) VALUES ('187','38','2','Barb Dwyer');
INSERT INTO user_question (user_question_id,user_id,security_question_id,answer) VALUES ('188','39','3','Alf A. Romeo');
INSERT INTO user_question (user_question_id,user_id,security_question_id,answer) VALUES ('189','39','4','Kitty Katz');
INSERT INTO user_question (user_question_id,user_id,security_question_id,answer) VALUES ('190','39','1','Annie Buddyhome');
INSERT INTO user_question (user_question_id,user_id,security_question_id,answer) VALUES ('191','40','2','Tommy Hawk');
INSERT INTO user_question (user_question_id,user_id,security_question_id,answer) VALUES ('192','40','3','Val Veeta');
INSERT INTO user_question (user_question_id,user_id,security_question_id,answer) VALUES ('193','40','4','Ima Hogg');

ALTER TABLE authorisation AUTO_INCREMENT = 1;

INSERT INTO authorisation (authorisation_id,user_id,refresh_token,number_of_uses,invalidated) VALUES ('1','1','608ee872-467b-43c8-86cb-2c9f37030992','5','Y');
INSERT INTO authorisation (authorisation_id,user_id,refresh_token,number_of_uses,invalidated) VALUES ('2','1','ce1afb04-e3ef-4a70-8f26-b55336246abe','5','Y');
INSERT INTO authorisation (authorisation_id,user_id,refresh_token,number_of_uses,invalidated) VALUES ('3','1','ca14652a-ce22-41db-87e9-8ec527e6fe8f','1','N');
INSERT INTO authorisation (authorisation_id,user_id,refresh_token,number_of_uses,invalidated) VALUES ('4','2','c860abe3-fc61-4fef-a134-5c5857d785d1','5','Y');
INSERT INTO authorisation (authorisation_id,user_id,refresh_token,number_of_uses,invalidated) VALUES ('5','2','582f5a33-103b-49ad-a4c8-1e21801ab483','3','Y');
INSERT INTO authorisation (authorisation_id,user_id,refresh_token,number_of_uses,invalidated) VALUES ('6','2','685dbcf2-ade2-4283-b149-4c1f2d555bf4','3','Y');
INSERT INTO authorisation (authorisation_id,user_id,refresh_token,number_of_uses,invalidated) VALUES ('7','2','40b030c1-38cc-4c4e-8dc9-71e6cca7b0da','4','N');
INSERT INTO authorisation (authorisation_id,user_id,refresh_token,number_of_uses,invalidated) VALUES ('8','3','75c3ff43-ff56-403c-b9ca-44592c75f941','1','Y');
INSERT INTO authorisation (authorisation_id,user_id,refresh_token,number_of_uses,invalidated) VALUES ('9','3','4aa7d9da-18f8-4298-bb05-1f9e87e9f6bd','5','N');
INSERT INTO authorisation (authorisation_id,user_id,refresh_token,number_of_uses,invalidated) VALUES ('10','4','c4f022bd-ec48-4ecc-9593-d87f2422e763','2','Y');
INSERT INTO authorisation (authorisation_id,user_id,refresh_token,number_of_uses,invalidated) VALUES ('11','4','f1df05a3-fbe0-42ef-842f-386f9d958ffb','3','N');
INSERT INTO authorisation (authorisation_id,user_id,refresh_token,number_of_uses,invalidated) VALUES ('12','5','044a39ea-f0ac-4214-a55f-6334f604c57c','3','Y');
INSERT INTO authorisation (authorisation_id,user_id,refresh_token,number_of_uses,invalidated) VALUES ('13','5','80cf53bf-19c1-41f1-9c02-c4a2e3506de7','1','Y');
INSERT INTO authorisation (authorisation_id,user_id,refresh_token,number_of_uses,invalidated) VALUES ('14','5','cfc1dcb1-0107-41eb-825e-0bca5f899d44','4','Y');
INSERT INTO authorisation (authorisation_id,user_id,refresh_token,number_of_uses,invalidated) VALUES ('15','5','2da8ab74-ebdd-41df-b359-6f0a8dd2f4ca','4','N');
INSERT INTO authorisation (authorisation_id,user_id,refresh_token,number_of_uses,invalidated) VALUES ('16','6','c7f2c5c4-4d85-49db-86ca-b25f0429c803','2','N');
INSERT INTO authorisation (authorisation_id,user_id,refresh_token,number_of_uses,invalidated) VALUES ('17','7','c1d89c5a-8d63-4c8d-97b7-e544a2fc0a61','5','N');
INSERT INTO authorisation (authorisation_id,user_id,refresh_token,number_of_uses,invalidated) VALUES ('18','8','ebfaae26-d4d8-4269-a543-6eb4e35f2abc','3','Y');
INSERT INTO authorisation (authorisation_id,user_id,refresh_token,number_of_uses,invalidated) VALUES ('19','8','9f3f4149-ce6d-4c9c-aec6-663231dab5f9','1','Y');
INSERT INTO authorisation (authorisation_id,user_id,refresh_token,number_of_uses,invalidated) VALUES ('20','8','658f15f2-c319-4f2b-87d7-68bd077a6e50','3','Y');
INSERT INTO authorisation (authorisation_id,user_id,refresh_token,number_of_uses,invalidated) VALUES ('21','8','e3a9f34b-c7f0-4a64-862b-7a644e70377d','1','N');
INSERT INTO authorisation (authorisation_id,user_id,refresh_token,number_of_uses,invalidated) VALUES ('22','9','d7ceb4d7-c8b9-4e21-b418-4a73207dde67','4','N');
INSERT INTO authorisation (authorisation_id,user_id,refresh_token,number_of_uses,invalidated) VALUES ('23','10','c0fea7d1-7acd-4f61-b25b-7419fdc34474','2','Y');
INSERT INTO authorisation (authorisation_id,user_id,refresh_token,number_of_uses,invalidated) VALUES ('24','10','18feb6f0-92fb-49d6-9082-bbc86a870784','1','Y');
INSERT INTO authorisation (authorisation_id,user_id,refresh_token,number_of_uses,invalidated) VALUES ('25','10','3c58b73b-4f13-4fb7-9987-14517b86bbf3','3','N');
INSERT INTO authorisation (authorisation_id,user_id,refresh_token,number_of_uses,invalidated) VALUES ('26','11','9b013a40-bce9-4ba4-9945-d6392e483e23','3','Y');
INSERT INTO authorisation (authorisation_id,user_id,refresh_token,number_of_uses,invalidated) VALUES ('27','11','215bf0c1-d65c-44b6-89ee-973292b3e7df','2','Y');
INSERT INTO authorisation (authorisation_id,user_id,refresh_token,number_of_uses,invalidated) VALUES ('28','11','fdf0e02a-472b-44e7-8fea-509d4091f4d1','5','Y');
INSERT INTO authorisation (authorisation_id,user_id,refresh_token,number_of_uses,invalidated) VALUES ('29','11','1900f923-0b1d-45ec-854b-d5a7cc22ff2b','3','N');
INSERT INTO authorisation (authorisation_id,user_id,refresh_token,number_of_uses,invalidated) VALUES ('30','12','3fe22d5a-8d73-4cee-a07a-828c5b58f901','5','Y');
INSERT INTO authorisation (authorisation_id,user_id,refresh_token,number_of_uses,invalidated) VALUES ('31','12','a4adf7dc-3b37-43bc-9039-b6da66277afe','4','N');
INSERT INTO authorisation (authorisation_id,user_id,refresh_token,number_of_uses,invalidated) VALUES ('32','13','cc7fd5f5-c8e3-48a4-97d4-de2cbcdf6b55','5','Y');
INSERT INTO authorisation (authorisation_id,user_id,refresh_token,number_of_uses,invalidated) VALUES ('33','13','a30008e0-3dfb-4771-906d-469da78d8be3','0','Y');
INSERT INTO authorisation (authorisation_id,user_id,refresh_token,number_of_uses,invalidated) VALUES ('34','13','501743b5-2e47-4c3c-959f-f0812efec494','0','Y');
INSERT INTO authorisation (authorisation_id,user_id,refresh_token,number_of_uses,invalidated) VALUES ('35','13','d5d57522-0fc1-422c-abf3-e9d418ef284b','1','N');
INSERT INTO authorisation (authorisation_id,user_id,refresh_token,number_of_uses,invalidated) VALUES ('36','14','2635ceb6-4d57-47cb-ab6a-c725a97fb895','4','N');
INSERT INTO authorisation (authorisation_id,user_id,refresh_token,number_of_uses,invalidated) VALUES ('37','15','0891dfaf-ed3f-4a24-ae7b-39c5321ebb21','3','Y');
INSERT INTO authorisation (authorisation_id,user_id,refresh_token,number_of_uses,invalidated) VALUES ('38','15','d983b72d-995e-4d8b-8f76-0b2acff70b97','4','N');
INSERT INTO authorisation (authorisation_id,user_id,refresh_token,number_of_uses,invalidated) VALUES ('39','16','c0b6184c-0810-4593-a46f-688475461534','4','Y');
INSERT INTO authorisation (authorisation_id,user_id,refresh_token,number_of_uses,invalidated) VALUES ('40','16','16482c99-58e2-41a0-8b15-a038c008ab53','0','Y');
INSERT INTO authorisation (authorisation_id,user_id,refresh_token,number_of_uses,invalidated) VALUES ('41','16','edef44c2-9eca-4cd3-8458-038d51e5deec','0','Y');
INSERT INTO authorisation (authorisation_id,user_id,refresh_token,number_of_uses,invalidated) VALUES ('42','16','048bdd44-c96b-486a-a510-f4d798a0edcc','4','N');
INSERT INTO authorisation (authorisation_id,user_id,refresh_token,number_of_uses,invalidated) VALUES ('43','17','a9caf95c-4289-4dee-a9bf-ce3e8b4e6563','3','Y');
INSERT INTO authorisation (authorisation_id,user_id,refresh_token,number_of_uses,invalidated) VALUES ('44','17','4c0f0fe7-2a15-4f3e-bd58-2963ab51d58a','5','N');
INSERT INTO authorisation (authorisation_id,user_id,refresh_token,number_of_uses,invalidated) VALUES ('45','18','6909cda8-7043-4627-9f53-dd0276ab3f0d','3','Y');
INSERT INTO authorisation (authorisation_id,user_id,refresh_token,number_of_uses,invalidated) VALUES ('46','18','3ae6a373-3ba6-4dfe-bd0f-cac3686b9b3c','5','N');
INSERT INTO authorisation (authorisation_id,user_id,refresh_token,number_of_uses,invalidated) VALUES ('47','19','4967ed62-d6a0-4a00-9df8-87fe00de26ac','3','Y');
INSERT INTO authorisation (authorisation_id,user_id,refresh_token,number_of_uses,invalidated) VALUES ('48','19','f39a864e-9cba-4fc5-900e-7f92674e337b','5','Y');
INSERT INTO authorisation (authorisation_id,user_id,refresh_token,number_of_uses,invalidated) VALUES ('49','19','99d76cd2-9eeb-46bc-86eb-e5a98cfee9a7','0','Y');
INSERT INTO authorisation (authorisation_id,user_id,refresh_token,number_of_uses,invalidated) VALUES ('50','20','cf2575c4-6f45-43b2-bada-ca506f05aa73','4','N');
INSERT INTO authorisation (authorisation_id,user_id,refresh_token,number_of_uses,invalidated) VALUES ('51','21','341b9835-804d-4dbf-8318-3833b6d0aec2','0','Y');
INSERT INTO authorisation (authorisation_id,user_id,refresh_token,number_of_uses,invalidated) VALUES ('52','21','e237bc6b-08c3-435f-96f2-1a5f21f558ea','4','N');
INSERT INTO authorisation (authorisation_id,user_id,refresh_token,number_of_uses,invalidated) VALUES ('53','22','2cfec719-f5d4-4941-b254-59d881529eb2','4','Y');
INSERT INTO authorisation (authorisation_id,user_id,refresh_token,number_of_uses,invalidated) VALUES ('54','22','b2e2d0eb-91f7-4b6c-86ea-07e96c6ab3b2','2','Y');
INSERT INTO authorisation (authorisation_id,user_id,refresh_token,number_of_uses,invalidated) VALUES ('55','22','f94abec4-75e8-439a-8d87-ac48a4e7590e','3','Y');
INSERT INTO authorisation (authorisation_id,user_id,refresh_token,number_of_uses,invalidated) VALUES ('56','22','f58d5d3e-f388-487e-91b1-93a51fbea29a','4','N');
INSERT INTO authorisation (authorisation_id,user_id,refresh_token,number_of_uses,invalidated) VALUES ('57','23','91d1f151-2422-4d27-b58e-9c2504e3b018','5','Y');
INSERT INTO authorisation (authorisation_id,user_id,refresh_token,number_of_uses,invalidated) VALUES ('58','23','070b8a86-6896-42ec-9fef-3eb262571b8e','5','N');
INSERT INTO authorisation (authorisation_id,user_id,refresh_token,number_of_uses,invalidated) VALUES ('59','24','31f27cfe-a1a2-46a8-9506-238a0a7d76c9','5','Y');
INSERT INTO authorisation (authorisation_id,user_id,refresh_token,number_of_uses,invalidated) VALUES ('60','24','233f770e-b606-49bd-aef4-6e01021ee2a2','2','Y');
INSERT INTO authorisation (authorisation_id,user_id,refresh_token,number_of_uses,invalidated) VALUES ('61','24','291747f4-0c3d-44b3-ba3f-842816444d20','4','Y');
INSERT INTO authorisation (authorisation_id,user_id,refresh_token,number_of_uses,invalidated) VALUES ('62','24','da8333bc-59da-4228-a4f7-58de6a30e1b5','4','N');
INSERT INTO authorisation (authorisation_id,user_id,refresh_token,number_of_uses,invalidated) VALUES ('63','25','86b9112f-e020-4ac6-ae4a-4307f9394a32','2','Y');
INSERT INTO authorisation (authorisation_id,user_id,refresh_token,number_of_uses,invalidated) VALUES ('64','25','32e82d73-b79d-4b2a-8ba5-b8875d8ac266','5','Y');
INSERT INTO authorisation (authorisation_id,user_id,refresh_token,number_of_uses,invalidated) VALUES ('65','25','9ca4b7e8-8bd6-4c19-902b-65748ad5bb97','3','N');
INSERT INTO authorisation (authorisation_id,user_id,refresh_token,number_of_uses,invalidated) VALUES ('66','26','2b4138b7-3644-4937-8ed2-b7f844b7ed81','2','Y');
INSERT INTO authorisation (authorisation_id,user_id,refresh_token,number_of_uses,invalidated) VALUES ('67','26','b9fe19f0-3190-42a7-a4b5-a0d99f370359','5','Y');
INSERT INTO authorisation (authorisation_id,user_id,refresh_token,number_of_uses,invalidated) VALUES ('68','26','85523feb-f195-459c-84f3-b4fe022c73e7','4','Y');
INSERT INTO authorisation (authorisation_id,user_id,refresh_token,number_of_uses,invalidated) VALUES ('69','26','bfb2d9c8-9fb2-4f46-abac-b71287535ae3','0','Y');
INSERT INTO authorisation (authorisation_id,user_id,refresh_token,number_of_uses,invalidated) VALUES ('70','27','93d0a112-410a-4541-9850-dae931d3789f','0','Y');
INSERT INTO authorisation (authorisation_id,user_id,refresh_token,number_of_uses,invalidated) VALUES ('71','27','a1cdbf50-dade-43a8-afc3-be43d2e29646','0','Y');
INSERT INTO authorisation (authorisation_id,user_id,refresh_token,number_of_uses,invalidated) VALUES ('72','28','3b0639d1-9bc3-4b58-bb8c-f5ac764a8dc2','0','Y');
INSERT INTO authorisation (authorisation_id,user_id,refresh_token,number_of_uses,invalidated) VALUES ('73','28','1db0a9e5-1d54-48f2-9eed-84e418f27919','0','Y');
INSERT INTO authorisation (authorisation_id,user_id,refresh_token,number_of_uses,invalidated) VALUES ('74','29','88fa0dc2-1faf-460e-98cd-30af488ba4c4','1','Y');
INSERT INTO authorisation (authorisation_id,user_id,refresh_token,number_of_uses,invalidated) VALUES ('75','29','e51e1242-ea44-466c-9a1e-97c2f77cf217','3','Y');
INSERT INTO authorisation (authorisation_id,user_id,refresh_token,number_of_uses,invalidated) VALUES ('76','29','908a410b-c181-44a6-836b-27e19e42b1ef','2','Y');
INSERT INTO authorisation (authorisation_id,user_id,refresh_token,number_of_uses,invalidated) VALUES ('77','29','ea5ddafa-d9e8-4956-bb2e-f2a1b8ba7a78','1','N');
INSERT INTO authorisation (authorisation_id,user_id,refresh_token,number_of_uses,invalidated) VALUES ('78','30','ae812bf5-42f7-4901-bd4b-ff81146a7f04','2','Y');
INSERT INTO authorisation (authorisation_id,user_id,refresh_token,number_of_uses,invalidated) VALUES ('79','30','76a0d208-1f4a-4494-b5a3-7ac161804115','0','Y');
INSERT INTO authorisation (authorisation_id,user_id,refresh_token,number_of_uses,invalidated) VALUES ('80','31','732cda9e-e1cd-4f36-a21e-82fc98f7c1be','4','Y');
INSERT INTO authorisation (authorisation_id,user_id,refresh_token,number_of_uses,invalidated) VALUES ('81','31','5fd21e36-af90-4db0-b5f4-6c2d16331a16','5','Y');
INSERT INTO authorisation (authorisation_id,user_id,refresh_token,number_of_uses,invalidated) VALUES ('82','31','79ad0e4b-eb0c-411d-8547-5ef1aaf35087','4','Y');
INSERT INTO authorisation (authorisation_id,user_id,refresh_token,number_of_uses,invalidated) VALUES ('83','31','da98fe75-761a-4462-b833-dc1a5a5a1bca','2','N');
INSERT INTO authorisation (authorisation_id,user_id,refresh_token,number_of_uses,invalidated) VALUES ('84','32','45971736-87d2-4d89-adb2-0d4266dd6204','0','Y');
INSERT INTO authorisation (authorisation_id,user_id,refresh_token,number_of_uses,invalidated) VALUES ('85','32','ee01f151-12c7-4e15-a7c7-aa2c709fb5cc','0','Y');
INSERT INTO authorisation (authorisation_id,user_id,refresh_token,number_of_uses,invalidated) VALUES ('86','33','cb3e2e3c-a08c-48c2-a313-b3c261cfd52d','1','Y');
INSERT INTO authorisation (authorisation_id,user_id,refresh_token,number_of_uses,invalidated) VALUES ('87','33','f266084d-4d39-4d9b-ab35-5f9cfa1a21d6','4','Y');
INSERT INTO authorisation (authorisation_id,user_id,refresh_token,number_of_uses,invalidated) VALUES ('88','33','fd04f93f-8f32-4e6c-bbe0-d2fea1bffc0c','5','N');
INSERT INTO authorisation (authorisation_id,user_id,refresh_token,number_of_uses,invalidated) VALUES ('89','34','dedc3fbd-853c-4015-80db-be66d4564d1a','0','Y');
INSERT INTO authorisation (authorisation_id,user_id,refresh_token,number_of_uses,invalidated) VALUES ('90','35','c07ee5f6-68be-4150-9ba6-617d6a8ab9cc','0','Y');
INSERT INTO authorisation (authorisation_id,user_id,refresh_token,number_of_uses,invalidated) VALUES ('91','36','27754780-bb1a-48cb-ab95-6795aa73332d','4','N');
INSERT INTO authorisation (authorisation_id,user_id,refresh_token,number_of_uses,invalidated) VALUES ('92','37','cce4d039-65e8-4dca-86e9-ba999ddb28aa','1','N');
INSERT INTO authorisation (authorisation_id,user_id,refresh_token,number_of_uses,invalidated) VALUES ('93','38','c4e88934-6bb9-4c1e-9d85-025b156c0c4f','0','Y');
INSERT INTO authorisation (authorisation_id,user_id,refresh_token,number_of_uses,invalidated) VALUES ('94','38','4cfde1bb-138e-462f-bd00-132f4f5f0fa7','0','Y');
INSERT INTO authorisation (authorisation_id,user_id,refresh_token,number_of_uses,invalidated) VALUES ('95','38','8685a48d-674f-4171-8bcf-ce251ee9d106','2','Y');
INSERT INTO authorisation (authorisation_id,user_id,refresh_token,number_of_uses,invalidated) VALUES ('96','38','7d4ab843-6425-4612-af44-60bee11ef57e','5','N');
INSERT INTO authorisation (authorisation_id,user_id,refresh_token,number_of_uses,invalidated) VALUES ('97','39','cba89bff-7731-4593-a34b-474e6e096659','3','Y');
INSERT INTO authorisation (authorisation_id,user_id,refresh_token,number_of_uses,invalidated) VALUES ('98','39','cf178210-d993-4d7a-bf03-56d4e9a781bd','4','Y');
INSERT INTO authorisation (authorisation_id,user_id,refresh_token,number_of_uses,invalidated) VALUES ('99','39','ef1521a1-a836-4cd8-bc62-f15e345159b7','5','Y');
INSERT INTO authorisation (authorisation_id,user_id,refresh_token,number_of_uses,invalidated) VALUES ('100','39','f9bc0e0e-f1fc-44f3-9d60-68730962ae2e','4','N');
INSERT INTO authorisation (authorisation_id,user_id,refresh_token,number_of_uses,invalidated) VALUES ('101','40','9fcbfe48-048f-4086-b30e-996e2bfe0683','4','Y');
INSERT INTO authorisation (authorisation_id,user_id,refresh_token,number_of_uses,invalidated) VALUES ('102','40','edc0bf67-9512-44ea-906d-82ea43ddbdba','4','Y');
INSERT INTO authorisation (authorisation_id,user_id,refresh_token,number_of_uses,invalidated) VALUES ('103','40','4108310b-3b31-412d-b8d9-93b9493a885c','3','N');

ALTER TABLE session AUTO_INCREMENT = 1;

INSERT INTO session (session_id,authorisation_id,expiry_date,access_token) VALUES ('1','1','2023-05-23T22:58:55.578203300','f3b2a9cd-9f07-48b6-9e0b-81150c977169');
INSERT INTO session (session_id,authorisation_id,expiry_date,access_token) VALUES ('2','1','2023-05-23T23:00:07.580701400','b4175958-3024-4e3c-8f6b-dcb0b5a9b2d0');
INSERT INTO session (session_id,authorisation_id,expiry_date,access_token) VALUES ('3','1','2023-05-23T22:58:54.580701400','a37ddbed-ceff-49e1-a6d6-3ef3f8f8cc4b');
INSERT INTO session (session_id,authorisation_id,expiry_date,access_token) VALUES ('4','2','2023-05-23T22:57:11.580701400','55d6d492-f928-4ded-b77e-db0267f07cf9');
INSERT INTO session (session_id,authorisation_id,expiry_date,access_token) VALUES ('5','2','2023-05-23T22:57:26.580701400','24d34296-d072-4ed7-adf7-d6de220b7cec');
INSERT INTO session (session_id,authorisation_id,expiry_date,access_token) VALUES ('6','2','2023-05-23T22:59:13.580701400','c6db1b6d-1a6f-474e-bdfd-6c6ba03e17e8');
INSERT INTO session (session_id,authorisation_id,expiry_date,access_token) VALUES ('7','2','2023-05-23T22:58:23.581201500','e7b359ff-4740-452f-832e-b0385d5846d0');
INSERT INTO session (session_id,authorisation_id,expiry_date,access_token) VALUES ('8','3','2023-05-23T22:58:23.581201500','c8a1ea57-270b-42c7-8214-27130a8bed3b');
INSERT INTO session (session_id,authorisation_id,expiry_date,access_token) VALUES ('9','3','2023-05-23T22:57:34.581201500','1a247cc9-6ba3-43bc-8bd5-3494662d3fed');
INSERT INTO session (session_id,authorisation_id,expiry_date,access_token) VALUES ('10','3','2023-05-23T22:57:08.581201500','a79ffd87-e85f-43ec-8069-21523db1827b');
INSERT INTO session (session_id,authorisation_id,expiry_date,access_token) VALUES ('11','3','2023-05-23T16:07:28.581201500','4eb7bb47-e1a6-43e6-9d97-ec70a68c5490');
INSERT INTO session (session_id,authorisation_id,expiry_date,access_token) VALUES ('12','4','2023-05-23T22:57:38.584702600','bc707b60-0cd7-4aa8-b02a-5efb8f12e96d');
INSERT INTO session (session_id,authorisation_id,expiry_date,access_token) VALUES ('13','4','2023-05-23T23:00:25.584702600','eddbb2a8-98a8-4d03-b337-77a2763de734');
INSERT INTO session (session_id,authorisation_id,expiry_date,access_token) VALUES ('14','4','2023-05-23T22:57:35.584702600','c2b48729-c628-4840-a315-42d319dc3e3e');
INSERT INTO session (session_id,authorisation_id,expiry_date,access_token) VALUES ('15','4','2023-05-23T22:56:44.585201900','da6c28b3-a1d4-41c5-ae14-92b4ddccf07d');
INSERT INTO session (session_id,authorisation_id,expiry_date,access_token) VALUES ('16','5','2023-05-23T22:59:00.585201900','9d226752-de44-4fa0-ac88-e6e5a39d7b31');
INSERT INTO session (session_id,authorisation_id,expiry_date,access_token) VALUES ('17','6','2023-05-23T22:59:38.585201900','54aa369d-e34c-4ec7-b4ca-c25cc0cf743a');
INSERT INTO session (session_id,authorisation_id,expiry_date,access_token) VALUES ('18','6','2023-05-23T22:56:31.585201900','bd48650d-33a4-48b9-9f73-909af0f1f183');
INSERT INTO session (session_id,authorisation_id,expiry_date,access_token) VALUES ('19','6','2023-05-23T22:56:08.585201900','74104b54-5fcb-4ce2-a9c1-7956661a286e');
INSERT INTO session (session_id,authorisation_id,expiry_date,access_token) VALUES ('20','6','2023-05-23T22:56:20.585201900','1e0b7e28-8914-48f0-b195-ca8bc5110051');
INSERT INTO session (session_id,authorisation_id,expiry_date,access_token) VALUES ('21','7','2023-05-23T22:58:36.585702200','6fce58aa-09f0-4d34-9d64-710f5da5f6cc');
INSERT INTO session (session_id,authorisation_id,expiry_date,access_token) VALUES ('22','7','2023-05-23T13:31:57.585702200','e23c3698-4741-4e15-9fb2-10372cd4344c');
INSERT INTO session (session_id,authorisation_id,expiry_date,access_token) VALUES ('23','8','2023-05-23T22:58:32.588703800','87f376bc-9cb5-457a-8639-c87708b6e32f');
INSERT INTO session (session_id,authorisation_id,expiry_date,access_token) VALUES ('24','8','2023-05-23T23:00:38.588703800','3984d69c-e366-4e2b-a2b4-4fd902f1ad6f');
INSERT INTO session (session_id,authorisation_id,expiry_date,access_token) VALUES ('25','8','2023-05-23T22:58:55.588703800','f1127e8b-4989-47d2-9b4b-c69ffc7912d9');
INSERT INTO session (session_id,authorisation_id,expiry_date,access_token) VALUES ('26','8','2023-05-23T23:00:49.588703800','22fb050c-0f26-47ac-a89e-ff82f96320d6');
INSERT INTO session (session_id,authorisation_id,expiry_date,access_token) VALUES ('27','9','2023-05-23T14:25:55.588703800','797a97fe-ee2b-4836-a620-5946fb1c5ec1');
INSERT INTO session (session_id,authorisation_id,expiry_date,access_token) VALUES ('28','10','2023-05-23T22:58:58.591202600','76341fa4-e62a-4f42-a3b3-64df5b91b16c');
INSERT INTO session (session_id,authorisation_id,expiry_date,access_token) VALUES ('29','11','2023-05-23T14:34:15.591202600','0a60876f-a585-472f-bc4c-55df900cb41b');
INSERT INTO session (session_id,authorisation_id,expiry_date,access_token) VALUES ('30','12','2023-05-23T22:57:34.595704','45ba5d12-7381-4f12-8587-48022d61e8e5');
INSERT INTO session (session_id,authorisation_id,expiry_date,access_token) VALUES ('31','12','2023-05-23T22:56:56.595704','a66dccf7-d991-43ee-a254-799c055da554');
INSERT INTO session (session_id,authorisation_id,expiry_date,access_token) VALUES ('32','12','2023-05-23T22:59:57.595704','f2600a3f-b665-4431-a518-6b3accbe7ae1');
INSERT INTO session (session_id,authorisation_id,expiry_date,access_token) VALUES ('33','12','2023-05-23T22:57:25.595704','6a7774f3-484f-4d48-8737-d532387343db');
INSERT INTO session (session_id,authorisation_id,expiry_date,access_token) VALUES ('34','13','2023-05-23T22:56:49.595704','9c988a38-27a6-4342-b880-627d9fe9432f');
INSERT INTO session (session_id,authorisation_id,expiry_date,access_token) VALUES ('35','13','2023-05-23T22:58:03.595704','3c5c69e9-90a7-4151-9c7c-bbbfe9e80d2b');
INSERT INTO session (session_id,authorisation_id,expiry_date,access_token) VALUES ('36','13','2023-05-23T22:58:16.595704','799f1e80-a313-4ecc-b13d-e4d5ad196b22');
INSERT INTO session (session_id,authorisation_id,expiry_date,access_token) VALUES ('37','13','2023-05-23T22:59:21.595704','bf0813ad-8165-466b-adbe-f8c69b1f47ce');
INSERT INTO session (session_id,authorisation_id,expiry_date,access_token) VALUES ('38','14','2023-05-23T22:59:49.595704','f651732f-4583-4a64-a72a-155dfab30d19');
INSERT INTO session (session_id,authorisation_id,expiry_date,access_token) VALUES ('39','14','2023-05-23T22:56:35.595704','7710a813-541e-4bac-b7eb-4d684ebd52fb');
INSERT INTO session (session_id,authorisation_id,expiry_date,access_token) VALUES ('40','15','2023-05-23T22:57:31.595704','aa96e7b8-c894-4b9e-ae20-a8dd432d33ab');
INSERT INTO session (session_id,authorisation_id,expiry_date,access_token) VALUES ('41','15','2023-05-23T21:21:12.595704','bc60338f-0518-414d-9f49-0b01b057972d');
INSERT INTO session (session_id,authorisation_id,expiry_date,access_token) VALUES ('42','16','2023-05-23T22:56:48.602701800','0929c76e-2462-4e7b-9a85-8f5557e63d92');
INSERT INTO session (session_id,authorisation_id,expiry_date,access_token) VALUES ('43','16','2023-05-23T22:58:45.602701800','338e7fbc-c9b1-465d-8a28-2c21c5402661');
INSERT INTO session (session_id,authorisation_id,expiry_date,access_token) VALUES ('44','16','2023-05-23T22:58:00.602701800','b3f05d81-932e-493a-b2fc-4c18ebc36763');
INSERT INTO session (session_id,authorisation_id,expiry_date,access_token) VALUES ('45','16','2023-05-23T13:35:34.602701800','cc1f2ee9-616b-4a23-8c77-e8d08770dd56');
INSERT INTO session (session_id,authorisation_id,expiry_date,access_token) VALUES ('46','17','2023-05-23T14:21:09.605701800','aed1e0bf-49b8-417b-a684-e8ab4ce5ddcf');
INSERT INTO session (session_id,authorisation_id,expiry_date,access_token) VALUES ('47','18','2023-05-23T22:58:02.607702500','7cddee32-670a-445e-b944-8edb77104a39');
INSERT INTO session (session_id,authorisation_id,expiry_date,access_token) VALUES ('48','18','2023-05-23T22:58:02.607702500','e9fc9aad-eaa1-46fd-97f0-5c6454ab258c');
INSERT INTO session (session_id,authorisation_id,expiry_date,access_token) VALUES ('49','19','2023-05-23T22:57:11.608201900','46f398a9-3a31-4c22-8aa2-24882c0278a1');
INSERT INTO session (session_id,authorisation_id,expiry_date,access_token) VALUES ('50','19','2023-05-23T22:56:32.608201900','a12aea08-a50b-424c-b327-1cd66a5fef0c');
INSERT INTO session (session_id,authorisation_id,expiry_date,access_token) VALUES ('51','19','2023-05-23T23:00:13.608201900','6c7f20d4-255f-47e5-ad4c-2bc21fec9b9a');
INSERT INTO session (session_id,authorisation_id,expiry_date,access_token) VALUES ('52','20','2023-05-23T22:56:45.608201900','4faabce4-94b6-4955-8e2b-7cc2dfecfe13');
INSERT INTO session (session_id,authorisation_id,expiry_date,access_token) VALUES ('53','20','2023-05-23T23:00:02.608201900','b3e02a82-25f0-427e-901b-2c2f3e7f2e23');
INSERT INTO session (session_id,authorisation_id,expiry_date,access_token) VALUES ('54','21','2023-05-23T23:00:13.608201900','4cc52bfb-eab9-4f62-b07c-283be03c3710');
INSERT INTO session (session_id,authorisation_id,expiry_date,access_token) VALUES ('55','21','2023-05-23T22:58:36.608201900','43fc3585-c8a3-4b39-a791-2fe31d6e6b6c');
INSERT INTO session (session_id,authorisation_id,expiry_date,access_token) VALUES ('56','21','2023-05-23T23:00:21.608201900','c56e9606-b485-465f-8fe5-9b5456e70deb');
INSERT INTO session (session_id,authorisation_id,expiry_date,access_token) VALUES ('57','21','2023-05-23T12:59:55.608201900','fbb6d0c6-7da6-4093-87a2-7d44f027638f');
INSERT INTO session (session_id,authorisation_id,expiry_date,access_token) VALUES ('58','22','2023-05-23T22:59:29.609702400','93d6776a-81cd-4288-9be2-a0aa591faeb0');
INSERT INTO session (session_id,authorisation_id,expiry_date,access_token) VALUES ('59','22','2023-05-23T22:56:09.609702400','7e27e5b4-61e6-48a7-a407-c65c1412de94');
INSERT INTO session (session_id,authorisation_id,expiry_date,access_token) VALUES ('60','22','2023-05-23T23:00:03.609702400','eb8e3219-0288-4205-a22a-514e250019f2');
INSERT INTO session (session_id,authorisation_id,expiry_date,access_token) VALUES ('61','22','2023-05-23T20:13:17.610201700','36aa84ad-733c-47a2-ad08-776cc6ca8875');
INSERT INTO session (session_id,authorisation_id,expiry_date,access_token) VALUES ('62','23','2023-05-23T22:59:36.611701800','b52ac602-2b71-456a-a36c-1ddb5e1b0b1c');
INSERT INTO session (session_id,authorisation_id,expiry_date,access_token) VALUES ('63','24','2023-05-23T22:59:47.611701800','fdf24233-3566-4846-8659-1a4433cb5893');
INSERT INTO session (session_id,authorisation_id,expiry_date,access_token) VALUES ('64','24','2023-05-23T22:56:48.611701800','88af6092-9a0e-454a-b1a1-263bae3be349');
INSERT INTO session (session_id,authorisation_id,expiry_date,access_token) VALUES ('65','25','2023-05-23T22:57:56.611701800','81479081-8c57-43be-86f3-f9a2ccb66901');
INSERT INTO session (session_id,authorisation_id,expiry_date,access_token) VALUES ('66','25','2023-05-23T22:59:11.611701800','8c6d5f01-ecc6-4b10-ae53-c1ee2ec72801');
INSERT INTO session (session_id,authorisation_id,expiry_date,access_token) VALUES ('67','25','2023-05-23T23:00:42.611701800','af6b5b7a-8228-4dad-b44a-cdb62437318f');
INSERT INTO session (session_id,authorisation_id,expiry_date,access_token) VALUES ('68','25','2023-05-23T17:50:27.611701800','cfb8080d-b841-4123-9e4f-988891b27b40');
INSERT INTO session (session_id,authorisation_id,expiry_date,access_token) VALUES ('69','26','2023-05-23T23:00:48.613701900','c02fee1e-1187-4a11-b728-a7a11375e41b');
INSERT INTO session (session_id,authorisation_id,expiry_date,access_token) VALUES ('70','26','2023-05-23T22:56:16.613701900','478f9b59-9d69-47c2-9328-9b3881621970');
INSERT INTO session (session_id,authorisation_id,expiry_date,access_token) VALUES ('71','27','2023-05-23T22:56:18.613701900','b07b4578-77d6-453a-ad62-1c4f6416e911');
INSERT INTO session (session_id,authorisation_id,expiry_date,access_token) VALUES ('72','27','2023-05-23T22:58:53.613701900','fbaf3610-7f79-4f96-b9ca-0d70c543f7da');
INSERT INTO session (session_id,authorisation_id,expiry_date,access_token) VALUES ('73','27','2023-05-23T22:57:52.613701900','e0d8d365-36fd-4221-8af9-1836222bf2b2');
INSERT INTO session (session_id,authorisation_id,expiry_date,access_token) VALUES ('74','27','2023-05-23T22:58:14.613701900','d3a33eb1-1f29-4f24-b0d1-b617437238ca');
INSERT INTO session (session_id,authorisation_id,expiry_date,access_token) VALUES ('75','28','2023-05-23T23:00:03.613701900','fb0e970f-a2b9-4cf4-b25a-41e10459681e');
INSERT INTO session (session_id,authorisation_id,expiry_date,access_token) VALUES ('76','29','2023-05-23T22:56:17.614202','3faaaf69-075f-4ee3-9ef6-5d58b95522be');
INSERT INTO session (session_id,authorisation_id,expiry_date,access_token) VALUES ('77','29','2023-05-23T22:32:33.614202','b21d35ba-aaca-4091-b100-cc8bf36e3b73');
INSERT INTO session (session_id,authorisation_id,expiry_date,access_token) VALUES ('78','30','2023-05-23T22:57:35.615705600','fbf74efc-c7cf-465b-8a27-f01b4b3142d7');
INSERT INTO session (session_id,authorisation_id,expiry_date,access_token) VALUES ('79','30','2023-05-23T22:59:15.615705600','fd7936bf-7b17-426e-b8f7-facdbaf56d57');
INSERT INTO session (session_id,authorisation_id,expiry_date,access_token) VALUES ('80','30','2023-05-23T23:00:20.615705600','521e5b9f-3c5e-4af7-b988-e61e73708df2');
INSERT INTO session (session_id,authorisation_id,expiry_date,access_token) VALUES ('81','30','2023-05-23T22:56:32.615705600','6424708e-6043-4287-aab7-b97ac3dcbe68');
INSERT INTO session (session_id,authorisation_id,expiry_date,access_token) VALUES ('82','31','2023-05-23T22:57:33.615705600','e7d6c876-1d44-47de-8dc0-a15c87cb33e3');
INSERT INTO session (session_id,authorisation_id,expiry_date,access_token) VALUES ('83','31','2023-05-23T21:17:50.615705600','87e074b8-06bc-4769-887e-3ca8b438b3b7');
INSERT INTO session (session_id,authorisation_id,expiry_date,access_token) VALUES ('84','32','2023-05-23T22:55:56.617202300','ee3eef27-35d1-44fd-844e-73f659b3bfeb');
INSERT INTO session (session_id,authorisation_id,expiry_date,access_token) VALUES ('85','33','2023-05-23T23:00:00.617202300','3cbe0fb4-d563-4b5f-9d26-6fc50d183909');
INSERT INTO session (session_id,authorisation_id,expiry_date,access_token) VALUES ('86','33','2023-05-23T23:00:43.617202300','c56e186f-1ff1-4556-9b7f-124e884780fd');
INSERT INTO session (session_id,authorisation_id,expiry_date,access_token) VALUES ('87','33','2023-05-23T22:59:30.617702500','76450229-7402-414b-b700-5af4f8895c58');
INSERT INTO session (session_id,authorisation_id,expiry_date,access_token) VALUES ('88','34','2023-05-23T22:57:10.617702500','fddbc4a6-1cd8-490e-9677-1d4057a397ee');
INSERT INTO session (session_id,authorisation_id,expiry_date,access_token) VALUES ('89','35','2023-05-23T15:35:32.617702500','dbe886d3-65bf-4e7b-aa6f-023331d29490');
INSERT INTO session (session_id,authorisation_id,expiry_date,access_token) VALUES ('90','36','2023-05-23T22:56:12.619202900','d817b370-399f-492d-a628-b443b3b0b03e');
INSERT INTO session (session_id,authorisation_id,expiry_date,access_token) VALUES ('91','36','2023-05-23T22:59:58.619202900','8186cd8d-d5ef-42a0-bcb7-0a630b39c57a');
INSERT INTO session (session_id,authorisation_id,expiry_date,access_token) VALUES ('92','36','2023-05-23T23:00:33.619202900','82ade951-df41-4b54-b17f-74ae9d413eb1');
INSERT INTO session (session_id,authorisation_id,expiry_date,access_token) VALUES ('93','36','2023-05-23T22:32:58.619202900','f705f2c0-b907-4842-92d9-82543b26de59');
INSERT INTO session (session_id,authorisation_id,expiry_date,access_token) VALUES ('94','37','2023-05-23T22:56:57.625706','e9eecc6c-377b-4845-98a7-cac3584d7396');
INSERT INTO session (session_id,authorisation_id,expiry_date,access_token) VALUES ('95','37','2023-05-23T22:56:08.625706','e52b3452-f5de-4cae-bd79-49d2b1bfd071');
INSERT INTO session (session_id,authorisation_id,expiry_date,access_token) VALUES ('96','37','2023-05-23T23:00:50.625706','cbbb6b57-b841-4289-a4d9-c52be61fb39c');
INSERT INTO session (session_id,authorisation_id,expiry_date,access_token) VALUES ('97','37','2023-05-23T22:57:55.625706','c0f51f4f-8094-42f6-9e31-acf3550f2661');
INSERT INTO session (session_id,authorisation_id,expiry_date,access_token) VALUES ('98','38','2023-05-23T22:57:11.625706','551dce98-c97a-4b40-b859-c8c1c6fd7922');
INSERT INTO session (session_id,authorisation_id,expiry_date,access_token) VALUES ('99','38','2023-05-23T22:57:59.625706','892c131e-3b61-405e-8b13-663d5a05ef95');
INSERT INTO session (session_id,authorisation_id,expiry_date,access_token) VALUES ('100','38','2023-05-23T13:54:12.625706','dac48d94-e182-4aa6-b1ce-d77d173f3a54');
INSERT INTO session (session_id,authorisation_id,expiry_date,access_token) VALUES ('101','39','2023-05-23T22:56:45.630702900','a7a18e41-7fc3-43f8-a958-dd90e8d437d0');
INSERT INTO session (session_id,authorisation_id,expiry_date,access_token) VALUES ('102','39','2023-05-23T22:59:22.630702900','59273686-ee49-4323-a361-24d01188170c');
INSERT INTO session (session_id,authorisation_id,expiry_date,access_token) VALUES ('103','40','2023-05-23T23:00:04.630702900','78aed5e4-65a8-40bf-a58c-aed473ea8f25');
INSERT INTO session (session_id,authorisation_id,expiry_date,access_token) VALUES ('104','40','2023-05-23T22:56:31.630702900','85bf0655-1378-4daf-81f2-bb9eb907e4e7');
INSERT INTO session (session_id,authorisation_id,expiry_date,access_token) VALUES ('105','40','2023-05-23T22:56:13.630702900','c1f10c69-18d6-42bd-b39f-3dfa218c325a');
INSERT INTO session (session_id,authorisation_id,expiry_date,access_token) VALUES ('106','41','2023-05-23T22:57:52.630702900','f0a94e0e-f8d7-47ac-b29d-f0e790dd43e7');
INSERT INTO session (session_id,authorisation_id,expiry_date,access_token) VALUES ('107','41','2023-05-23T22:59:23.630702900','4d13e454-3f13-4825-a970-6987f0a283c4');
INSERT INTO session (session_id,authorisation_id,expiry_date,access_token) VALUES ('108','41','2023-05-23T22:58:11.630702900','747fea45-4899-4254-9ddd-41cafeabb755');
INSERT INTO session (session_id,authorisation_id,expiry_date,access_token) VALUES ('109','42','2023-05-23T23:00:13.630702900','d6773c70-6727-4b5b-88b3-76c684bd2567');
INSERT INTO session (session_id,authorisation_id,expiry_date,access_token) VALUES ('110','42','2023-05-23T22:56:29.630702900','152817fa-765b-467f-9dbe-b4f6df534e03');
INSERT INTO session (session_id,authorisation_id,expiry_date,access_token) VALUES ('111','42','2023-05-23T22:59:35.630702900','212a64de-2f27-41ec-b89b-5af406c437dd');
INSERT INTO session (session_id,authorisation_id,expiry_date,access_token) VALUES ('112','42','2023-05-23T21:49:31.630702900','9b88a43e-6e0a-47cf-a721-d2cad4e342da');
INSERT INTO session (session_id,authorisation_id,expiry_date,access_token) VALUES ('113','43','2023-05-23T22:59:05.633201700','b27c3196-3210-48f3-ba77-d1931ac2e35c');
INSERT INTO session (session_id,authorisation_id,expiry_date,access_token) VALUES ('114','43','2023-05-23T22:58:19.633201700','85c68d1d-4c20-47bd-ba41-7f09c3cb3d76');
INSERT INTO session (session_id,authorisation_id,expiry_date,access_token) VALUES ('115','43','2023-05-23T23:00:34.633201700','07898101-4c16-4c10-be77-99001346ecbe');
INSERT INTO session (session_id,authorisation_id,expiry_date,access_token) VALUES ('116','44','2023-05-23T22:56:53.633201700','7caed42b-ada4-4910-b62d-900d21d5cf49');
INSERT INTO session (session_id,authorisation_id,expiry_date,access_token) VALUES ('117','44','2023-05-23T16:51:13.633201700','cac557f5-77d0-47d5-838a-ddd87e794aca');
INSERT INTO session (session_id,authorisation_id,expiry_date,access_token) VALUES ('118','45','2023-05-23T22:58:18.635702700','f5705097-f318-45f5-9574-3f7321468f14');
INSERT INTO session (session_id,authorisation_id,expiry_date,access_token) VALUES ('119','46','2023-05-23T17:11:35.635702700','34685fb1-614d-4ed8-ac4d-1886c6a0cb0b');
INSERT INTO session (session_id,authorisation_id,expiry_date,access_token) VALUES ('120','47','2023-05-23T23:00:42.637701800','047087cb-b0e7-4369-ac7c-a4760ea2bec9');
INSERT INTO session (session_id,authorisation_id,expiry_date,access_token) VALUES ('121','48','2023-05-23T22:56:08.637701800','e452fd8e-2087-429b-9ec7-a66105e76003');
INSERT INTO session (session_id,authorisation_id,expiry_date,access_token) VALUES ('122','48','2023-05-23T22:59:43.637701800','2518120c-998c-4e42-ae2f-849fe39fd3a9');
INSERT INTO session (session_id,authorisation_id,expiry_date,access_token) VALUES ('123','48','2023-05-23T23:00:21.637701800','3b266a76-5cb9-4951-b2bc-e52093a06c7c');
INSERT INTO session (session_id,authorisation_id,expiry_date,access_token) VALUES ('124','48','2023-05-23T22:58:43.637701800','30fb5ccf-9980-4ad2-9505-384d37bcb7a3');
INSERT INTO session (session_id,authorisation_id,expiry_date,access_token) VALUES ('125','49','2023-05-23T15:53:58.637701800','79abbbed-72ea-4125-8145-bbdf77ce501c');
INSERT INTO session (session_id,authorisation_id,expiry_date,access_token) VALUES ('126','50','2023-05-23T22:55:52.639702','e2c51c0d-2273-48db-86f9-a6360c206ce7');
INSERT INTO session (session_id,authorisation_id,expiry_date,access_token) VALUES ('127','50','2023-05-23T22:58:52.639702','3d28ae6f-2f75-402b-9c60-68b44136203d');
INSERT INTO session (session_id,authorisation_id,expiry_date,access_token) VALUES ('128','50','2023-05-23T22:27:58.639702','b18e3e8e-a603-40f8-a8fb-22e40196cccd');
INSERT INTO session (session_id,authorisation_id,expiry_date,access_token) VALUES ('129','51','2023-05-23T23:00:38.641701700','85080594-996a-4d9f-bf44-13df29e730fb');
INSERT INTO session (session_id,authorisation_id,expiry_date,access_token) VALUES ('130','51','2023-05-23T22:58:33.641701700','e8308b33-8376-41de-96e4-d815cbb8a727');
INSERT INTO session (session_id,authorisation_id,expiry_date,access_token) VALUES ('131','52','2023-05-23T22:59:03.641701700','18a0c256-5235-4464-a8b0-7fa1b596c70b');
INSERT INTO session (session_id,authorisation_id,expiry_date,access_token) VALUES ('132','52','2023-05-23T22:57:03.641701700','fe625ae6-cafc-4bfd-9ff9-af68fda736f3');
INSERT INTO session (session_id,authorisation_id,expiry_date,access_token) VALUES ('133','52','2023-05-23T22:58:12.641701700','305df25d-64d4-4ce3-b337-57c2b37392de');
INSERT INTO session (session_id,authorisation_id,expiry_date,access_token) VALUES ('134','52','2023-05-23T21:48:40.641701700','3c4fd4f8-e9de-4f90-bd2f-249f1ff3fb51');
INSERT INTO session (session_id,authorisation_id,expiry_date,access_token) VALUES ('135','53','2023-05-23T22:56:10.643202700','f0454df0-b12d-4aa1-9d90-0c079541544d');
INSERT INTO session (session_id,authorisation_id,expiry_date,access_token) VALUES ('136','53','2023-05-23T22:59:59.643202700','4c1d50e4-f77b-4881-bc7f-1706729c1573');
INSERT INTO session (session_id,authorisation_id,expiry_date,access_token) VALUES ('137','53','2023-05-23T22:59:58.643202700','f5cd17a0-c061-493b-a302-4240e4e9a430');
INSERT INTO session (session_id,authorisation_id,expiry_date,access_token) VALUES ('138','54','2023-05-23T22:57:36.643202700','c476a643-5834-429e-9f2c-93f546dffc34');
INSERT INTO session (session_id,authorisation_id,expiry_date,access_token) VALUES ('139','54','2023-05-23T22:57:21.643202700','9746fbc9-69d2-4c99-a000-7edf37ee3b3c');
INSERT INTO session (session_id,authorisation_id,expiry_date,access_token) VALUES ('140','54','2023-05-23T23:00:23.643202700','d759e7c5-a12d-49ee-8c90-51792937fb84');
INSERT INTO session (session_id,authorisation_id,expiry_date,access_token) VALUES ('141','54','2023-05-23T22:55:52.643202700','9f2bbfd0-1689-4849-a369-94dd4ed6e6cb');
INSERT INTO session (session_id,authorisation_id,expiry_date,access_token) VALUES ('142','55','2023-05-23T22:58:42.643702500','5b5e3adb-85f0-4ba1-ac0f-5cd65986ba14');
INSERT INTO session (session_id,authorisation_id,expiry_date,access_token) VALUES ('143','55','2023-05-23T23:00:43.643702500','0ded15e8-b9c2-4ec0-9004-5b5640112e5e');
INSERT INTO session (session_id,authorisation_id,expiry_date,access_token) VALUES ('144','56','2023-05-23T22:39:20.643702500','56a5c9d8-3756-4110-ae18-b3481af1195d');
INSERT INTO session (session_id,authorisation_id,expiry_date,access_token) VALUES ('145','57','2023-05-23T22:56:43.644703300','fecfba69-ad7b-4a5e-ab59-68ebe59e81c1');
INSERT INTO session (session_id,authorisation_id,expiry_date,access_token) VALUES ('146','58','2023-05-23T22:58:04.644703300','a7600f4c-9904-4afc-bf05-c00212ade85e');
INSERT INTO session (session_id,authorisation_id,expiry_date,access_token) VALUES ('147','58','2023-05-23T23:00:21.644703300','ff668882-cc2c-4401-9d5b-eaf05af81f5e');
INSERT INTO session (session_id,authorisation_id,expiry_date,access_token) VALUES ('148','58','2023-05-23T16:26:28.644703300','250905ab-2d00-4f2a-97f1-666c11e27102');
INSERT INTO session (session_id,authorisation_id,expiry_date,access_token) VALUES ('149','59','2023-05-23T22:57:14.646203500','b5d5ff57-5691-4f2a-8682-fa9cd61d96fd');
INSERT INTO session (session_id,authorisation_id,expiry_date,access_token) VALUES ('150','59','2023-05-23T22:56:38.646203500','3a28a71a-4b83-43eb-9c2b-409f3411efae');
INSERT INTO session (session_id,authorisation_id,expiry_date,access_token) VALUES ('151','60','2023-05-23T22:57:40.646203500','2a979e54-1e39-4a24-ba5e-1eaa362a08c0');
INSERT INTO session (session_id,authorisation_id,expiry_date,access_token) VALUES ('152','60','2023-05-23T22:59:22.646203500','6392d798-0590-46d2-910e-1a5c87120058');
INSERT INTO session (session_id,authorisation_id,expiry_date,access_token) VALUES ('153','61','2023-05-23T23:00:13.646203500','2367d39b-8f60-43ee-ba30-28c775e46181');
INSERT INTO session (session_id,authorisation_id,expiry_date,access_token) VALUES ('154','61','2023-05-23T22:59:59.646702900','238cbaa2-149d-44e1-9bdb-68b4292f8d0b');
INSERT INTO session (session_id,authorisation_id,expiry_date,access_token) VALUES ('155','62','2023-05-23T22:59:53.646702900','73ea6c91-c63e-48d8-ba99-43b2644ed4c9');
INSERT INTO session (session_id,authorisation_id,expiry_date,access_token) VALUES ('156','62','2023-05-23T14:41:59.646702900','0768f90f-0cd0-47cf-b1c7-67716b2200a9');
INSERT INTO session (session_id,authorisation_id,expiry_date,access_token) VALUES ('157','63','2023-05-23T22:56:29.647701700','de671c17-1e67-4c9c-9306-c47a6d7559bb');
INSERT INTO session (session_id,authorisation_id,expiry_date,access_token) VALUES ('158','63','2023-05-23T22:58:53.647701700','154d3b34-9297-4f0e-9ece-09a03defaaf6');
INSERT INTO session (session_id,authorisation_id,expiry_date,access_token) VALUES ('159','63','2023-05-23T22:59:51.647701700','c4270b34-db59-43ac-91da-6e4f2de3637b');
INSERT INTO session (session_id,authorisation_id,expiry_date,access_token) VALUES ('160','64','2023-05-23T22:57:17.647701700','0335b85f-9a12-428d-bf54-49d88aa84432');
INSERT INTO session (session_id,authorisation_id,expiry_date,access_token) VALUES ('161','64','2023-05-23T22:56:52.647701700','8eb12295-9853-4942-8b9c-87d66f21c464');
INSERT INTO session (session_id,authorisation_id,expiry_date,access_token) VALUES ('162','64','2023-05-23T22:57:25.647701700','955be5e7-52e3-48e1-ba6f-a79b7ff1430f');
INSERT INTO session (session_id,authorisation_id,expiry_date,access_token) VALUES ('163','65','2023-05-23T22:57:00.648202300','94bd1be0-29f1-445f-95c6-5ab12b5c29da');
INSERT INTO session (session_id,authorisation_id,expiry_date,access_token) VALUES ('164','65','2023-05-23T22:59:09.648202300','23d3970b-8267-48ce-932f-9671fb926332');
INSERT INTO session (session_id,authorisation_id,expiry_date,access_token) VALUES ('165','65','2023-05-23T15:21:40.648202300','5122dd61-5ec8-44cf-8473-9e3ec54afa37');
INSERT INTO session (session_id,authorisation_id,expiry_date,access_token) VALUES ('166','66','2023-05-23T22:56:12.649203400','462f57d8-39de-4b3d-8b3c-1205f492fa0d');
INSERT INTO session (session_id,authorisation_id,expiry_date,access_token) VALUES ('167','66','2023-05-23T22:57:45.649203400','1e4116dd-ea06-4664-a479-c6f21f0760ef');
INSERT INTO session (session_id,authorisation_id,expiry_date,access_token) VALUES ('168','66','2023-05-23T22:59:48.649203400','8b83f0de-1142-430b-85d0-e715840c378a');
INSERT INTO session (session_id,authorisation_id,expiry_date,access_token) VALUES ('169','66','2023-05-23T22:56:54.649203400','b3a9cfef-bf02-4989-9dc6-8249e442bc2f');
INSERT INTO session (session_id,authorisation_id,expiry_date,access_token) VALUES ('170','67','2023-05-23T23:00:18.649203400','a59132f0-fd1c-4d49-a0e7-d047e7fbddb6');
INSERT INTO session (session_id,authorisation_id,expiry_date,access_token) VALUES ('171','68','2023-05-23T22:58:20.649203400','26994e51-6b50-4e38-8083-371119e277d7');
INSERT INTO session (session_id,authorisation_id,expiry_date,access_token) VALUES ('172','68','2023-05-23T22:58:55.649203400','6b3f5aa1-f78d-4acd-b420-1980eac41ef4');
INSERT INTO session (session_id,authorisation_id,expiry_date,access_token) VALUES ('173','69','2023-05-23T22:56:15.649203400','8081b6da-1ddc-4aa0-ba90-0ce3b7e33d3c');
INSERT INTO session (session_id,authorisation_id,expiry_date,access_token) VALUES ('174','69','2023-05-23T21:10:14.649203400','fd34453b-ec48-420f-96ce-e9b1bad22f2d');
INSERT INTO session (session_id,authorisation_id,expiry_date,access_token) VALUES ('175','70','2023-05-23T23:00:26.650701600','586c7f38-1ccf-4ec7-bb3f-54401141dd44');
INSERT INTO session (session_id,authorisation_id,expiry_date,access_token) VALUES ('176','70','2023-05-23T22:56:50.650701600','067a1c0a-1472-4c56-9a77-e6f184f77a91');
INSERT INTO session (session_id,authorisation_id,expiry_date,access_token) VALUES ('177','70','2023-05-23T23:00:13.650701600','7feb06f4-5ecb-4b52-874a-76bffb3ef355');
INSERT INTO session (session_id,authorisation_id,expiry_date,access_token) VALUES ('178','71','2023-05-23T23:00:10.650701600','6e560398-8ce2-41ac-a7d6-31f7e2138bab');
INSERT INTO session (session_id,authorisation_id,expiry_date,access_token) VALUES ('179','71','2023-05-23T22:58:11.650701600','c32be754-767d-4c89-9fec-dad7d0e34171');
INSERT INTO session (session_id,authorisation_id,expiry_date,access_token) VALUES ('180','71','2023-05-23T18:21:57.650701600','d6ca70af-5e0d-4bfe-b8e4-d5405ddac90c');
INSERT INTO session (session_id,authorisation_id,expiry_date,access_token) VALUES ('181','72','2023-05-23T22:57:17.652702800','0062df12-7535-4d04-8f20-ce990d858d6d');
INSERT INTO session (session_id,authorisation_id,expiry_date,access_token) VALUES ('182','72','2023-05-23T22:58:16.652702800','086614a1-cf2b-4146-92f9-3788416b8602');
INSERT INTO session (session_id,authorisation_id,expiry_date,access_token) VALUES ('183','72','2023-05-23T22:57:35.652702800','0d6290e9-457d-4add-87a4-5ba13cb19c0b');
INSERT INTO session (session_id,authorisation_id,expiry_date,access_token) VALUES ('184','72','2023-05-23T22:59:46.652702800','789bcdf2-1e96-470e-99da-f0f68cf64908');
INSERT INTO session (session_id,authorisation_id,expiry_date,access_token) VALUES ('185','73','2023-05-23T21:23:50.652702800','7887c6ec-d4be-4e02-86ae-171c4f26136a');
INSERT INTO session (session_id,authorisation_id,expiry_date,access_token) VALUES ('186','74','2023-05-23T22:59:32.654203200','e2884607-2d2a-414b-bf97-6c7e7320e480');
INSERT INTO session (session_id,authorisation_id,expiry_date,access_token) VALUES ('187','74','2023-05-23T22:57:15.654203200','3e38f149-870d-4853-a872-658629713c94');
INSERT INTO session (session_id,authorisation_id,expiry_date,access_token) VALUES ('188','74','2023-05-23T23:00:25.654203200','62d2df40-7478-4565-b7b5-f4eb6bc748f9');
INSERT INTO session (session_id,authorisation_id,expiry_date,access_token) VALUES ('189','74','2023-05-23T22:59:00.654203200','ecc15b9d-0d9f-4028-9d9c-317e2bc9deeb');
INSERT INTO session (session_id,authorisation_id,expiry_date,access_token) VALUES ('190','75','2023-05-23T22:56:42.654203200','2527e2c3-204c-4aac-8802-6f6ab2e6b433');
INSERT INTO session (session_id,authorisation_id,expiry_date,access_token) VALUES ('191','75','2023-05-23T22:56:55.654203200','8c1e03ca-0ff5-4657-b6c7-1e7dd0e806a2');
INSERT INTO session (session_id,authorisation_id,expiry_date,access_token) VALUES ('192','75','2023-05-23T23:00:22.654203200','b6678688-8cec-4c1f-b39c-134b9be7422d');
INSERT INTO session (session_id,authorisation_id,expiry_date,access_token) VALUES ('193','75','2023-05-23T23:00:18.654203200','cb455b57-9446-44e7-b6f1-902b269a2a53');
INSERT INTO session (session_id,authorisation_id,expiry_date,access_token) VALUES ('194','76','2023-05-23T22:55:56.654203200','ff84965a-daa4-4005-ab49-868319064b86');
INSERT INTO session (session_id,authorisation_id,expiry_date,access_token) VALUES ('195','76','2023-05-23T22:59:02.654203200','bc738084-2ccd-42f5-abc9-6fbea87ac7b9');
INSERT INTO session (session_id,authorisation_id,expiry_date,access_token) VALUES ('196','77','2023-05-23T22:59:07.654203200','7fbe5163-9a13-4aeb-a83f-c16699223dd1');
INSERT INTO session (session_id,authorisation_id,expiry_date,access_token) VALUES ('197','77','2023-05-23T22:56:29.654203200','d1e6657b-6a38-4b78-a34b-1319f77239b0');
INSERT INTO session (session_id,authorisation_id,expiry_date,access_token) VALUES ('198','77','2023-05-23T17:35:44.654203200','0ca293a3-3dd6-4b22-8c96-36dbd514165d');
INSERT INTO session (session_id,authorisation_id,expiry_date,access_token) VALUES ('199','78','2023-05-23T23:00:38.656702600','2e33dbbf-61d6-40e9-a9dd-617d6e2b82ed');
INSERT INTO session (session_id,authorisation_id,expiry_date,access_token) VALUES ('200','79','2023-05-23T22:58:07.656702600','0b7f35cb-a36c-4e60-91ad-326cbab525a1');
INSERT INTO session (session_id,authorisation_id,expiry_date,access_token) VALUES ('201','79','2023-05-23T23:00:28.656702600','e3e18bcd-a67c-4b3e-855a-080b0a75f87b');
INSERT INTO session (session_id,authorisation_id,expiry_date,access_token) VALUES ('202','79','2023-05-23T13:39:37.656702600','ee9ad049-cc47-41fd-aa67-5ac4b8508140');
INSERT INTO session (session_id,authorisation_id,expiry_date,access_token) VALUES ('203','80','2023-05-23T22:56:27.658202200','d3c2fd50-d55e-49b5-a59b-d10570df7b23');
INSERT INTO session (session_id,authorisation_id,expiry_date,access_token) VALUES ('204','80','2023-05-23T22:57:27.658202200','712f69e5-1252-4dea-9567-a9c8d9b00968');
INSERT INTO session (session_id,authorisation_id,expiry_date,access_token) VALUES ('205','81','2023-05-23T22:56:35.658202200','7cd19df7-1e8c-4260-a99c-8de59797c20d');
INSERT INTO session (session_id,authorisation_id,expiry_date,access_token) VALUES ('206','81','2023-05-23T22:57:24.658202200','26e9640b-b248-466e-a384-b0dc61bf27d3');
INSERT INTO session (session_id,authorisation_id,expiry_date,access_token) VALUES ('207','81','2023-05-23T23:00:33.658202200','bd0c8811-7e57-41a0-8896-232a63ecf7fc');
INSERT INTO session (session_id,authorisation_id,expiry_date,access_token) VALUES ('208','81','2023-05-23T22:59:29.658202200','6acd4b14-013e-49bb-9198-0750c6f21d88');
INSERT INTO session (session_id,authorisation_id,expiry_date,access_token) VALUES ('209','82','2023-05-23T23:00:39.658202200','6a763d6c-774c-4d6d-b776-6123147f6589');
INSERT INTO session (session_id,authorisation_id,expiry_date,access_token) VALUES ('210','83','2023-05-23T23:00:39.658202200','5b4f9b15-b983-4c54-b691-4e99c162cf59');
INSERT INTO session (session_id,authorisation_id,expiry_date,access_token) VALUES ('211','83','2023-05-23T22:59:54.658202200','ee9b980c-edb4-4675-ae9d-31082277876e');
INSERT INTO session (session_id,authorisation_id,expiry_date,access_token) VALUES ('212','83','2023-05-23T22:58:35.658202200','bbddd154-c471-4db8-89ec-81de9b006488');
INSERT INTO session (session_id,authorisation_id,expiry_date,access_token) VALUES ('213','83','2023-05-23T20:56:13.658202200','666c8ff6-a3fc-44b3-9e1e-bccf8e340ae3');
INSERT INTO session (session_id,authorisation_id,expiry_date,access_token) VALUES ('214','84','2023-05-23T22:55:59.659703','c084b360-fa3b-4d1a-b78d-d4fa2a2bae2e');
INSERT INTO session (session_id,authorisation_id,expiry_date,access_token) VALUES ('215','84','2023-05-23T23:00:37.659703','ffde0b2e-fae7-447e-a855-02ee697ad99f');
INSERT INTO session (session_id,authorisation_id,expiry_date,access_token) VALUES ('216','84','2023-05-23T22:57:14.659703','a54749c4-d5e9-40ab-8a19-709a39a61205');
INSERT INTO session (session_id,authorisation_id,expiry_date,access_token) VALUES ('217','85','2023-05-23T22:58:04.659703','d50190ba-4713-4491-a2d4-2ae6ac53fbce');
INSERT INTO session (session_id,authorisation_id,expiry_date,access_token) VALUES ('218','85','2023-05-23T14:37:45.659703','c21d003c-866c-4408-a53b-a82bb3cf3486');
INSERT INTO session (session_id,authorisation_id,expiry_date,access_token) VALUES ('219','86','2023-05-23T22:58:34.661201700','25bfb706-9e6d-496a-927f-42041b52b2f8');
INSERT INTO session (session_id,authorisation_id,expiry_date,access_token) VALUES ('220','87','2023-05-23T22:58:50.661201700','b605afdd-3a11-4cc3-8f58-03a316172e62');
INSERT INTO session (session_id,authorisation_id,expiry_date,access_token) VALUES ('221','87','2023-05-23T22:58:50.661201700','339d62c2-49fe-42ee-bac1-22bdb654ffd6');
INSERT INTO session (session_id,authorisation_id,expiry_date,access_token) VALUES ('222','87','2023-05-23T22:57:12.661201700','a522447a-b5ca-444c-8afe-3b375b7e7aeb');
INSERT INTO session (session_id,authorisation_id,expiry_date,access_token) VALUES ('223','88','2023-05-23T22:59:30.661201700','becc0c1d-fdf5-45b9-8ae7-6131b3e1e31d');
INSERT INTO session (session_id,authorisation_id,expiry_date,access_token) VALUES ('224','88','2023-05-23T22:57:49.661201700','9133566f-0971-412a-99c1-3722688ad420');
INSERT INTO session (session_id,authorisation_id,expiry_date,access_token) VALUES ('225','88','2023-05-23T22:53:45.661201700','54114cf5-e0b6-4da5-9d36-810c0b9d5407');
INSERT INTO session (session_id,authorisation_id,expiry_date,access_token) VALUES ('226','89','2023-05-23T22:57:37.662202600','f942adb2-bfe8-4601-a9b2-3b11c8f0c221');
INSERT INTO session (session_id,authorisation_id,expiry_date,access_token) VALUES ('227','89','2023-05-23T22:58:31.662703100','4b03825e-2910-40e3-b02e-d481ff5505d6');
INSERT INTO session (session_id,authorisation_id,expiry_date,access_token) VALUES ('228','89','2023-05-23T23:00:31.662703100','7ab7661b-d09c-4959-9ae0-ee6cb23a472e');
INSERT INTO session (session_id,authorisation_id,expiry_date,access_token) VALUES ('229','89','2023-05-23T13:23:00.662703100','95a986bc-cf15-43eb-9d83-2ae3ffa167d7');
INSERT INTO session (session_id,authorisation_id,expiry_date,access_token) VALUES ('230','90','2023-05-23T22:57:27.663703600','ce000fd7-9d0b-4880-992c-e038e15036e8');
INSERT INTO session (session_id,authorisation_id,expiry_date,access_token) VALUES ('231','90','2023-05-23T23:00:24.663703600','b7bce3ee-7300-418c-b07f-19ca13656f41');
INSERT INTO session (session_id,authorisation_id,expiry_date,access_token) VALUES ('232','90','2023-05-23T14:11:11.663703600','1828d8d9-8db6-4b2b-a454-6f92ade871e7');
INSERT INTO session (session_id,authorisation_id,expiry_date,access_token) VALUES ('233','91','2023-05-23T23:00:35.665201900','16f36843-43b9-4fa8-990e-828514cf7231');
INSERT INTO session (session_id,authorisation_id,expiry_date,access_token) VALUES ('234','91','2023-05-23T22:15:31.665201900','8e394160-cfb5-42ae-8bda-f7e8c44d0ffa');
INSERT INTO session (session_id,authorisation_id,expiry_date,access_token) VALUES ('235','92','2023-05-23T22:58:10.666202500','7d118ef1-5865-493b-a017-ed2325bc78b8');
INSERT INTO session (session_id,authorisation_id,expiry_date,access_token) VALUES ('236','92','2023-05-23T21:32:30.666202500','2333d599-e33c-4eed-a837-8f931671b39a');
INSERT INTO session (session_id,authorisation_id,expiry_date,access_token) VALUES ('237','93','2023-05-23T22:56:05.667702','46208c06-2e0f-46fd-a406-c46352541dec');
INSERT INTO session (session_id,authorisation_id,expiry_date,access_token) VALUES ('238','93','2023-05-23T23:00:41.667702','89bf459e-88a1-48af-9760-c0d20dc0988a');
INSERT INTO session (session_id,authorisation_id,expiry_date,access_token) VALUES ('239','93','2023-05-23T22:56:43.667702','d3a9cfc7-c2f4-4ad5-a6de-22f3b68ed214');
INSERT INTO session (session_id,authorisation_id,expiry_date,access_token) VALUES ('240','94','2023-05-23T22:59:47.667702','60a30630-c348-4c57-925e-cbbff73684b9');
INSERT INTO session (session_id,authorisation_id,expiry_date,access_token) VALUES ('241','94','2023-05-23T22:56:50.667702','9fb419fe-0ad3-4b79-a45f-80a02b39dec0');
INSERT INTO session (session_id,authorisation_id,expiry_date,access_token) VALUES ('242','95','2023-05-23T22:58:16.667702','b2b6f327-759e-4ea5-a63f-2e0ebadd5223');
INSERT INTO session (session_id,authorisation_id,expiry_date,access_token) VALUES ('243','95','2023-05-23T23:00:46.667702','c7f5c43d-34fd-4db6-a857-e0b5732835b3');
INSERT INTO session (session_id,authorisation_id,expiry_date,access_token) VALUES ('244','95','2023-05-23T22:58:48.667702','e8f7fe80-bf44-417d-8de8-b4d207f8e960');
INSERT INTO session (session_id,authorisation_id,expiry_date,access_token) VALUES ('245','96','2023-05-23T22:57:10.667702','70186f5c-866e-424f-8104-fbed8c2f002a');
INSERT INTO session (session_id,authorisation_id,expiry_date,access_token) VALUES ('246','96','2023-05-23T22:57:27.667702','889a6ade-7965-46bb-a628-00904000fde8');
INSERT INTO session (session_id,authorisation_id,expiry_date,access_token) VALUES ('247','96','2023-05-23T17:33:41.667702','4c00ec8e-e716-43dc-9838-f882baabfb2f');
INSERT INTO session (session_id,authorisation_id,expiry_date,access_token) VALUES ('248','97','2023-05-23T22:56:14.668702','83d299c0-be02-441b-9013-a9bd856c7aec');
INSERT INTO session (session_id,authorisation_id,expiry_date,access_token) VALUES ('249','97','2023-05-23T22:59:10.668702','4d04d741-406a-4cff-b965-f7f6b33ca356');
INSERT INTO session (session_id,authorisation_id,expiry_date,access_token) VALUES ('250','98','2023-05-23T22:59:02.669202400','dfcc577e-64ca-4716-9c83-f60f13d745ba');
INSERT INTO session (session_id,authorisation_id,expiry_date,access_token) VALUES ('251','98','2023-05-23T23:00:22.669202400','562d43f9-529b-4fb6-8257-444a137c7c75');
INSERT INTO session (session_id,authorisation_id,expiry_date,access_token) VALUES ('252','99','2023-05-23T22:59:40.669202400','56f7856f-3914-4506-8c3e-e4be2df133cc');
INSERT INTO session (session_id,authorisation_id,expiry_date,access_token) VALUES ('253','99','2023-05-23T22:58:42.669202400','df5953f4-0b2e-4c36-b444-46cc45bd4a7b');
INSERT INTO session (session_id,authorisation_id,expiry_date,access_token) VALUES ('254','100','2023-05-23T22:57:08.669202400','2c51ffc2-268f-4558-a42a-f9b5ff23300b');
INSERT INTO session (session_id,authorisation_id,expiry_date,access_token) VALUES ('255','100','2023-05-23T22:56:41.669202400','f4ca8371-2e68-49da-ba6c-5a605bb0e9bb');
INSERT INTO session (session_id,authorisation_id,expiry_date,access_token) VALUES ('256','100','2023-05-23T17:58:55.669202400','15a63cd6-fabe-495c-bdb5-5ed985ae1bde');
INSERT INTO session (session_id,authorisation_id,expiry_date,access_token) VALUES ('257','101','2023-05-23T22:59:18.670202600','b62fb8ba-7aa2-4a01-a0d8-a90fd77ece50');
INSERT INTO session (session_id,authorisation_id,expiry_date,access_token) VALUES ('258','102','2023-05-23T22:58:25.670202600','c2bac4a7-e71e-4004-ba29-2bec7551c0c7');
INSERT INTO session (session_id,authorisation_id,expiry_date,access_token) VALUES ('259','102','2023-05-23T22:57:07.670202600','a71f9a1e-0b48-48a9-8d02-1755ecae2b7b');
INSERT INTO session (session_id,authorisation_id,expiry_date,access_token) VALUES ('260','102','2023-05-23T22:58:17.670202600','f504b0b3-59b8-4acf-8e08-d45c6466680b');
INSERT INTO session (session_id,authorisation_id,expiry_date,access_token) VALUES ('261','103','2023-05-23T22:59:12.670202600','2a25f9e8-bc6a-4000-871f-b4e5fec362c6');
INSERT INTO session (session_id,authorisation_id,expiry_date,access_token) VALUES ('262','103','2023-05-23T20:38:47.670202600','830d984e-fa36-475b-b460-7f8e58b9e61d');

ALTER TABLE address AUTO_INCREMENT = 1;

INSERT INTO address (address_id,street_number,street_name,suburb,postcode,user_id) VALUES ('1','144','Oren Islands','Dickson','2602','1');
INSERT INTO address (address_id,street_number,street_name,suburb,postcode,user_id) VALUES ('2','171','Denesik Falls','Deakin','2600','2');
INSERT INTO address (address_id,street_number,street_name,suburb,postcode,user_id) VALUES ('3','12','Howe Corner','Downer','2602','3');
INSERT INTO address (address_id,street_number,street_name,suburb,postcode,user_id) VALUES ('4','88','Ronald Course','Parramatta','2124','4');
INSERT INTO address (address_id,street_number,street_name,suburb,postcode,user_id) VALUES ('5','192','Michelle Groves','Canberra','2600','5');
INSERT INTO address (address_id,street_number,street_name,suburb,postcode,user_id) VALUES ('6','98','Halvorson Track','Hackett','2602','6');
INSERT INTO address (address_id,street_number,street_name,suburb,postcode,user_id) VALUES ('7','23','Jast Square','Rydalmere','2116','7');
INSERT INTO address (address_id,street_number,street_name,suburb,postcode,user_id) VALUES ('8','64','Denny Trafficway','Deakin','2600','8');
INSERT INTO address (address_id,street_number,street_name,suburb,postcode,user_id) VALUES ('9','148','Mayer Brook','Oconnor','2602','9');
INSERT INTO address (address_id,street_number,street_name,suburb,postcode,user_id) VALUES ('10','129','Monique Locks','Lyneham','2602','10');
INSERT INTO address (address_id,street_number,street_name,suburb,postcode,user_id) VALUES ('11','64','Brekke Extensions','Acton','2601','11');
INSERT INTO address (address_id,street_number,street_name,suburb,postcode,user_id) VALUES ('12','183','Fadel Pike','Downer','2602','12');
INSERT INTO address (address_id,street_number,street_name,suburb,postcode,user_id) VALUES ('13','198','Lincoln Haven','Russell','2600','13');
INSERT INTO address (address_id,street_number,street_name,suburb,postcode,user_id) VALUES ('14','42','Jacobi Mission','Yarralumla','2600','14');
INSERT INTO address (address_id,street_number,street_name,suburb,postcode,user_id) VALUES ('15','32','Mraz Shore','Fairbairn Raaf','2600','15');
INSERT INTO address (address_id,street_number,street_name,suburb,postcode,user_id) VALUES ('16','62','Legros Fields','Blaxlands Ridge','2774','16');
INSERT INTO address (address_id,street_number,street_name,suburb,postcode,user_id) VALUES ('17','21','Rocky Locks','Blaxlands Ridge','2774','17');
INSERT INTO address (address_id,street_number,street_name,suburb,postcode,user_id) VALUES ('18','68','Gerlach Manors','Watson','2602','18');
INSERT INTO address (address_id,street_number,street_name,suburb,postcode,user_id) VALUES ('19','6','Jorge River','Russell Hill','2600','19');
INSERT INTO address (address_id,street_number,street_name,suburb,postcode,user_id) VALUES ('20','55','Weston Ferry','Russell','2600','20');
INSERT INTO address (address_id,street_number,street_name,suburb,postcode,user_id) VALUES ('21','194','Gerry Crossing','Dickson','2602','21');
INSERT INTO address (address_id,street_number,street_name,suburb,postcode,user_id) VALUES ('22','158','Deidre Vista','Duntroon','2600','22');
INSERT INTO address (address_id,street_number,street_name,suburb,postcode,user_id) VALUES ('23','80','Gislason Tunnel','Blaxland East','2774','23');
INSERT INTO address (address_id,street_number,street_name,suburb,postcode,user_id) VALUES ('24','167','Hunter Crest','Hackett','2602','24');
INSERT INTO address (address_id,street_number,street_name,suburb,postcode,user_id) VALUES ('25','107','Malik Lane','City','2601','25');
INSERT INTO address (address_id,street_number,street_name,suburb,postcode,user_id) VALUES ('26','54','Lubowitz Oval','Hmas Harman','2600','26');
INSERT INTO address (address_id,street_number,street_name,suburb,postcode,user_id) VALUES ('27','84','Josephine Center','Deakin','2600','27');
INSERT INTO address (address_id,street_number,street_name,suburb,postcode,user_id) VALUES ('28','94','Keith Well','Capital Hill','2600','28');
INSERT INTO address (address_id,street_number,street_name,suburb,postcode,user_id) VALUES ('29','54','Hilpert Glen','Canberra','2600','29');
INSERT INTO address (address_id,street_number,street_name,suburb,postcode,user_id) VALUES ('30','76','Charity Ramp','Acton','2601','30');
INSERT INTO address (address_id,street_number,street_name,suburb,postcode,user_id) VALUES ('31','134','Schumm Road','Mount Riverview','2774','31');
INSERT INTO address (address_id,street_number,street_name,suburb,postcode,user_id) VALUES ('32','59','Glover Ways','Duntroon','2600','32');
INSERT INTO address (address_id,street_number,street_name,suburb,postcode,user_id) VALUES ('33','136','Willene Locks','Hackett','2602','33');
INSERT INTO address (address_id,street_number,street_name,suburb,postcode,user_id) VALUES ('34','56','Barton Flat','Rydalmere','2116','34');
INSERT INTO address (address_id,street_number,street_name,suburb,postcode,user_id) VALUES ('35','45','Dion Mall','Canberra','2600','35');
INSERT INTO address (address_id,street_number,street_name,suburb,postcode,user_id) VALUES ('36','51','Mauro Locks','Yarralumla','2600','36');
INSERT INTO address (address_id,street_number,street_name,suburb,postcode,user_id) VALUES ('37','30','Heidenreich Square','Hackett','2602','37');
INSERT INTO address (address_id,street_number,street_name,suburb,postcode,user_id) VALUES ('38','27','McGlynn Unions','Downer','2602','38');
INSERT INTO address (address_id,street_number,street_name,suburb,postcode,user_id) VALUES ('39','143','Rufus Manor','City','2601','39');
INSERT INTO address (address_id,street_number,street_name,suburb,postcode,user_id) VALUES ('40','17','Pamelia Overpass','Duntroon','2600','40');

ALTER TABLE client AUTO_INCREMENT = 1;

INSERT INTO client (client_id,user_id,subscription_id) VALUES ('1','15','1');
INSERT INTO client (client_id,user_id,subscription_id) VALUES ('2','16','1');
INSERT INTO client (client_id,user_id,subscription_id) VALUES ('3','17','2');
INSERT INTO client (client_id,user_id,subscription_id) VALUES ('4','18','2');
INSERT INTO client (client_id,user_id,subscription_id) VALUES ('5','19','2');
INSERT INTO client (client_id,user_id,subscription_id) VALUES ('6','20','2');
INSERT INTO client (client_id,user_id,subscription_id) VALUES ('7','21','2');
INSERT INTO client (client_id,user_id,subscription_id) VALUES ('8','22','2');
INSERT INTO client (client_id,user_id,subscription_id) VALUES ('9','23','2');
INSERT INTO client (client_id,user_id,subscription_id) VALUES ('10','24','2');
INSERT INTO client (client_id,user_id,subscription_id) VALUES ('11','25','2');
INSERT INTO client (client_id,user_id,subscription_id) VALUES ('12','26','1');
INSERT INTO client (client_id,user_id,subscription_id) VALUES ('13','27','2');
INSERT INTO client (client_id,user_id,subscription_id) VALUES ('14','28','2');
INSERT INTO client (client_id,user_id,subscription_id) VALUES ('15','29','1');
INSERT INTO client (client_id,user_id,subscription_id) VALUES ('16','30','1');
INSERT INTO client (client_id,user_id,subscription_id) VALUES ('17','31','2');
INSERT INTO client (client_id,user_id,subscription_id) VALUES ('18','32','1');
INSERT INTO client (client_id,user_id,subscription_id) VALUES ('19','33','1');
INSERT INTO client (client_id,user_id,subscription_id) VALUES ('20','34','2');
INSERT INTO client (client_id,user_id,subscription_id) VALUES ('21','35','1');
INSERT INTO client (client_id,user_id,subscription_id) VALUES ('22','36','1');
INSERT INTO client (client_id,user_id,subscription_id) VALUES ('23','37','1');
INSERT INTO client (client_id,user_id,subscription_id) VALUES ('24','38','1');
INSERT INTO client (client_id,user_id,subscription_id) VALUES ('25','39','2');
INSERT INTO client (client_id,user_id,subscription_id) VALUES ('26','40','1');

ALTER TABLE professional AUTO_INCREMENT = 1;

INSERT INTO professional (professional_id,subscription_id,user_id) VALUES ('1','1','1');
INSERT INTO professional (professional_id,subscription_id,user_id) VALUES ('2','1','2');
INSERT INTO professional (professional_id,subscription_id,user_id) VALUES ('3','2','3');
INSERT INTO professional (professional_id,subscription_id,user_id) VALUES ('4','1','4');
INSERT INTO professional (professional_id,subscription_id,user_id) VALUES ('5','2','5');
INSERT INTO professional (professional_id,subscription_id,user_id) VALUES ('6','1','6');
INSERT INTO professional (professional_id,subscription_id,user_id) VALUES ('7','2','7');
INSERT INTO professional (professional_id,subscription_id,user_id) VALUES ('8','2','8');
INSERT INTO professional (professional_id,subscription_id,user_id) VALUES ('9','2','9');
INSERT INTO professional (professional_id,subscription_id,user_id) VALUES ('10','2','10');
INSERT INTO professional (professional_id,subscription_id,user_id) VALUES ('11','1','11');
INSERT INTO professional (professional_id,subscription_id,user_id) VALUES ('12','2','12');
INSERT INTO professional (professional_id,subscription_id,user_id) VALUES ('13','1','13');
INSERT INTO professional (professional_id,subscription_id,user_id) VALUES ('14','1','14');
INSERT INTO professional (professional_id,subscription_id,user_id) VALUES ('15','1','15');
INSERT INTO professional (professional_id,subscription_id,user_id) VALUES ('16','2','16');
INSERT INTO professional (professional_id,subscription_id,user_id) VALUES ('17','2','17');
INSERT INTO professional (professional_id,subscription_id,user_id) VALUES ('18','2','18');
INSERT INTO professional (professional_id,subscription_id,user_id) VALUES ('19','1','19');
INSERT INTO professional (professional_id,subscription_id,user_id) VALUES ('20','1','20');

ALTER TABLE associated_service AUTO_INCREMENT = 1;

INSERT INTO associated_service (provided_service_id,service_id,professional_id) VALUES ('4','4','1');
INSERT INTO associated_service (provided_service_id,service_id,professional_id) VALUES ('8','3','2');
INSERT INTO associated_service (provided_service_id,service_id,professional_id) VALUES ('12','2','3');
INSERT INTO associated_service (provided_service_id,service_id,professional_id) VALUES ('13','4','3');
INSERT INTO associated_service (provided_service_id,service_id,professional_id) VALUES ('17','3','3');
INSERT INTO associated_service (provided_service_id,service_id,professional_id) VALUES ('21','3','4');
INSERT INTO associated_service (provided_service_id,service_id,professional_id) VALUES ('23','2','4');
INSERT INTO associated_service (provided_service_id,service_id,professional_id) VALUES ('27','3','5');
INSERT INTO associated_service (provided_service_id,service_id,professional_id) VALUES ('31','1','6');
INSERT INTO associated_service (provided_service_id,service_id,professional_id) VALUES ('32','3','6');
INSERT INTO associated_service (provided_service_id,service_id,professional_id) VALUES ('36','1','7');
INSERT INTO associated_service (provided_service_id,service_id,professional_id) VALUES ('37','3','7');
INSERT INTO associated_service (provided_service_id,service_id,professional_id) VALUES ('38','2','7');
INSERT INTO associated_service (provided_service_id,service_id,professional_id) VALUES ('43','4','7');
INSERT INTO associated_service (provided_service_id,service_id,professional_id) VALUES ('47','1','8');
INSERT INTO associated_service (provided_service_id,service_id,professional_id) VALUES ('51','1','9');
INSERT INTO associated_service (provided_service_id,service_id,professional_id) VALUES ('53','2','9');
INSERT INTO associated_service (provided_service_id,service_id,professional_id) VALUES ('57','4','10');
INSERT INTO associated_service (provided_service_id,service_id,professional_id) VALUES ('58','2','10');
INSERT INTO associated_service (provided_service_id,service_id,professional_id) VALUES ('62','4','11');
INSERT INTO associated_service (provided_service_id,service_id,professional_id) VALUES ('63','3','11');
INSERT INTO associated_service (provided_service_id,service_id,professional_id) VALUES ('64','2','11');
INSERT INTO associated_service (provided_service_id,service_id,professional_id) VALUES ('78','1','11');
INSERT INTO associated_service (provided_service_id,service_id,professional_id) VALUES ('82','1','12');
INSERT INTO associated_service (provided_service_id,service_id,professional_id) VALUES ('86','4','13');
INSERT INTO associated_service (provided_service_id,service_id,professional_id) VALUES ('87','2','13');
INSERT INTO associated_service (provided_service_id,service_id,professional_id) VALUES ('92','1','13');
INSERT INTO associated_service (provided_service_id,service_id,professional_id) VALUES ('96','2','14');
INSERT INTO associated_service (provided_service_id,service_id,professional_id) VALUES ('97','3','14');
INSERT INTO associated_service (provided_service_id,service_id,professional_id) VALUES ('101','1','15');
INSERT INTO associated_service (provided_service_id,service_id,professional_id) VALUES ('104','2','15');
INSERT INTO associated_service (provided_service_id,service_id,professional_id) VALUES ('105','4','15');
INSERT INTO associated_service (provided_service_id,service_id,professional_id) VALUES ('109','3','15');
INSERT INTO associated_service (provided_service_id,service_id,professional_id) VALUES ('113','1','16');
INSERT INTO associated_service (provided_service_id,service_id,professional_id) VALUES ('114','4','16');
INSERT INTO associated_service (provided_service_id,service_id,professional_id) VALUES ('116','3','16');
INSERT INTO associated_service (provided_service_id,service_id,professional_id) VALUES ('120','3','17');
INSERT INTO associated_service (provided_service_id,service_id,professional_id) VALUES ('124','2','18');
INSERT INTO associated_service (provided_service_id,service_id,professional_id) VALUES ('125','4','18');
INSERT INTO associated_service (provided_service_id,service_id,professional_id) VALUES ('129','3','19');
INSERT INTO associated_service (provided_service_id,service_id,professional_id) VALUES ('133','1','20');

ALTER TABLE request AUTO_INCREMENT = 1;

INSERT INTO request (request_id,request_date,instruction,postcode,client_id,professional_id,service_id,request_status_id) VALUES ('1','2023-05-30 10:19:20.018','To whom this may concern, I have discovered an issue with my front yard tree. My partner insisted that we plant a tree in the back yard. Now the council has complained forcing us to remove the tree. I should never listened to my partner!! Help me if my partner sees this and confirms they were right. This one might be bad haha...','2601','25',null,'1','3');
INSERT INTO request (request_id,request_date,instruction,postcode,client_id,professional_id,service_id,request_status_id) VALUES ('2','2023-06-03 11:46:26.893','I am not sure what is going on, but we are having trouble with the tree in the front yard. It is blocking our view of the coast. Really wanna get this one fixed before my partner returns from their trip...','2600','8','19','3','1');
INSERT INTO request (request_id,request_date,instruction,postcode,client_id,professional_id,service_id,request_status_id) VALUES ('3','2023-05-29 15:03:02.942','To whom this may concern, I have discovered an issue with my tree, it has fallen on top of the house! Not the damn house! If someone could look at this quickly I would be grateful!','2116','20',null,'4','4');
INSERT INTO request (request_id,request_date,instruction,postcode,client_id,professional_id,service_id,request_status_id) VALUES ('4','2023-06-21 02:24:18.464','Ayyyyyye pro man or woman, help us with the front yard tree. My partner insisted that we plant a tree in the back yard. Now the council has complained forcing us to remove the tree. I should never listened to my partner!! I do not want to be rude, but could this please be looked at with haste?','2600','21','13','1','2');
INSERT INTO request (request_id,request_date,instruction,postcode,client_id,professional_id,service_id,request_status_id) VALUES ('5','2023-05-26 06:49:41.77','Ayyyyyye pro man or woman, help us with the tree. Neighbour planted it actually and I hate it! Gotta get this thing removed. Can this please be fixed ASAP!?','2774','17',null,'5','3');
INSERT INTO request (request_id,request_date,instruction,postcode,client_id,professional_id,service_id,request_status_id) VALUES ('6','2023-06-04 14:05:37.371','Hello! Currently I have an issues with my tree in the front yard. It is blocking our view of the coast. Help me if my partner sees this and confirms they were right. This one might be bad haha...','2600','18','14','2','4');
INSERT INTO request (request_id,request_date,instruction,postcode,client_id,professional_id,service_id,request_status_id) VALUES ('7','2023-06-12 20:03:59.644','This morning I started having trouble with the tree. Neighbour planted it actually and I hate it! Gotta get this thing removed. Can this please be fixed ASAP!?','2601','25',null,'2','3');
INSERT INTO request (request_id,request_date,instruction,postcode,client_id,professional_id,service_id,request_status_id) VALUES ('8','2023-06-21 05:22:49.604','Bonjour sir/madam. The partner and I figured it would be best to get a professional to sort out the issue with the tree, it has fallen on top of the house! Not the damn house! Gotta get this one done quick, interest rates are going right up might run out of funds soon!','2602','7',null,'2','3');
INSERT INTO request (request_id,request_date,instruction,postcode,client_id,professional_id,service_id,request_status_id) VALUES ('9','2023-05-31 06:20:55.989','Bonjour sir/madam. The partner and I figured it would be best to get a professional to sort out the issue with the front yard tree. My partner insisted that we plant a tree in the back yard. Now the council has complained forcing us to remove the tree. I should never listened to my partner!! Really wanna get this one fixed before my partner returns from their trip...','2600','18','8','1','1');
INSERT INTO request (request_id,request_date,instruction,postcode,client_id,professional_id,service_id,request_status_id) VALUES ('10','2023-06-18 04:26:27.687','To whom this may concern, I have discovered an issue with my front yard tree. My partner insisted that we plant a tree in the back yard. Now the council has complained forcing us to remove the tree. I should never listened to my partner!! Look forward to hearing from you.','2600','6','2','3','4');
INSERT INTO request (request_id,request_date,instruction,postcode,client_id,professional_id,service_id,request_status_id) VALUES ('11','2023-06-22 07:28:43.292','Good Morning! There is an issue with the broken branch, it is hanging. Kinda looks like it might fall on the house uh... Help me if my partner sees this and confirms they were right. This one might be bad haha...','2602','7',null,'2','3');
INSERT INTO request (request_id,request_date,instruction,postcode,client_id,professional_id,service_id,request_status_id) VALUES ('12','2023-06-02 04:29:37.364','Help me! Problem with the tree, it is leaning. Really badly so... Look forward to hearing from you.','2774','2','16','3','4');
INSERT INTO request (request_id,request_date,instruction,postcode,client_id,professional_id,service_id,request_status_id) VALUES ('13','2023-06-22 15:34:06.393','Bonjour sir/madam. The partner and I figured it would be best to get a professional to sort out the issue with the tree, it has fallen on top of the house! Not the damn house! No rush on the issue.','2601','16',null,'4','3');
INSERT INTO request (request_id,request_date,instruction,postcode,client_id,professional_id,service_id,request_status_id) VALUES ('14','2023-06-21 23:05:30.789','This morning I started having trouble with the broken branch, it is hanging. Kinda looks like it might fall on the house uh... Can we please have this sorted quickly?','2602','7',null,'4','1');
INSERT INTO request (request_id,request_date,instruction,postcode,client_id,professional_id,service_id,request_status_id) VALUES ('15','2023-05-28 08:49:06.488','To whom this may concern, I have discovered an issue with my tree, it has fallen on top of the house! Not the damn house! No rush on the issue.','2774','17',null,'5','2');
INSERT INTO request (request_id,request_date,instruction,postcode,client_id,professional_id,service_id,request_status_id) VALUES ('16','2023-06-03 02:31:23.143','Good Afternoon! I have found an issue with the tree, it has has fallen over. Tried to stop it though! If someone could look at this quickly I would be grateful!','2601','25','11','4','1');
INSERT INTO request (request_id,request_date,instruction,postcode,client_id,professional_id,service_id,request_status_id) VALUES ('17','2023-05-27 18:11:36.842','This morning I started having trouble with the tree, it has fallen on top of the house! Not the damn house! No rush on the issue.','2602','24','12','1','2');
INSERT INTO request (request_id,request_date,instruction,postcode,client_id,professional_id,service_id,request_status_id) VALUES ('18','2023-06-14 13:48:43.203','I am not sure what is going on, but we are having trouble with the tree, it has fallen on top of the house! Not the damn house! Can we please have this sorted quickly?','2600','26',null,'5','3');
INSERT INTO request (request_id,request_date,instruction,postcode,client_id,professional_id,service_id,request_status_id) VALUES ('19','2023-05-30 19:28:34.347','Help me! Problem with the front yard tree. My partner insisted that we plant a tree in the back yard. Now the council has complained forcing us to remove the tree. I should never listened to my partner!! Can this please be fixed ASAP!?','2600','13','13','4','3');
INSERT INTO request (request_id,request_date,instruction,postcode,client_id,professional_id,service_id,request_status_id) VALUES ('20','2023-06-22 12:43:10.93','I am not sure what is going on, but we are having trouble with the front yard tree. My partner insisted that we plant a tree in the back yard. Now the council has complained forcing us to remove the tree. I should never listened to my partner!! If someone could look at this quickly I would be grateful!','2600','13',null,'5','1');
INSERT INTO request (request_id,request_date,instruction,postcode,client_id,professional_id,service_id,request_status_id) VALUES ('21','2023-06-19 01:00:03.375','Good Morning! There is an issue with the tree, it has has fallen over. Tried to stop it though! I do not want to be rude, but could this please be looked at with haste?','2602','7',null,'3','4');
INSERT INTO request (request_id,request_date,instruction,postcode,client_id,professional_id,service_id,request_status_id) VALUES ('22','2023-06-18 21:37:42.226','Help me! Problem with the tree in the front yard. It is blocking our view of the coast. I do not want to be rude, but could this please be looked at with haste?','2601','16',null,'2','2');
INSERT INTO request (request_id,request_date,instruction,postcode,client_id,professional_id,service_id,request_status_id) VALUES ('23','2023-06-05 08:02:13.067','Good Morning! There is an issue with the tree, it has fallen on top of the house! Not the damn house! No rush on the issue.','2601','25','11','1','4');
INSERT INTO request (request_id,request_date,instruction,postcode,client_id,professional_id,service_id,request_status_id) VALUES ('24','2023-06-08 17:41:05.635','Hiya, there is a problem with our tree, it is leaning. Really badly so... No rush on the issue.','2602','7','3','3','2');
INSERT INTO request (request_id,request_date,instruction,postcode,client_id,professional_id,service_id,request_status_id) VALUES ('25','2023-06-19 08:50:58.824','Hello! Currently I have an issues with my tree, it has fallen on top of the house! Not the damn house! Look forward to hearing from you.','2774','2','16','4','2');
INSERT INTO request (request_id,request_date,instruction,postcode,client_id,professional_id,service_id,request_status_id) VALUES ('26','2023-06-06 08:36:27.004','To whom this may concern, I have discovered an issue with my tree, it has fallen on top of the house! Not the damn house! Can we please have this sorted quickly?','2600','22','13','4','2');
INSERT INTO request (request_id,request_date,instruction,postcode,client_id,professional_id,service_id,request_status_id) VALUES ('27','2023-05-30 17:33:26.511','Help me! Problem with the tree, it is leaning. Really badly so... If someone could look at this quickly I would be grateful!','2602','24','1','4','4');
INSERT INTO request (request_id,request_date,instruction,postcode,client_id,professional_id,service_id,request_status_id) VALUES ('28','2023-06-21 23:43:37.786','Hello! Currently I have an issues with my front yard tree. My partner insisted that we plant a tree in the back yard. Now the council has complained forcing us to remove the tree. I should never listened to my partner!! Help me if my partner sees this and confirms they were right. This one might be bad haha...','2601','11','11','2','1');
INSERT INTO request (request_id,request_date,instruction,postcode,client_id,professional_id,service_id,request_status_id) VALUES ('29','2023-05-30 12:45:21.095','This morning I started having trouble with the tree in the front yard. It is blocking our view of the coast. Gotta get this one done quick, interest rates are going right up might run out of funds soon!','2601','16',null,'1','4');
INSERT INTO request (request_id,request_date,instruction,postcode,client_id,professional_id,service_id,request_status_id) VALUES ('30','2023-06-07 05:33:54.124','Ayyyyyye pro man or woman, help us with the tree, it is leaning. Really badly so... Can this please be fixed ASAP!?','2600','5','15','1','4');
INSERT INTO request (request_id,request_date,instruction,postcode,client_id,professional_id,service_id,request_status_id) VALUES ('31','2023-06-12 21:02:53.253','Good Morning! There is an issue with the tree. Neighbour planted it actually and I hate it! Gotta get this thing removed. Gotta get this one done quick, interest rates are going right up might run out of funds soon!','2602','24','3','4','3');
INSERT INTO request (request_id,request_date,instruction,postcode,client_id,professional_id,service_id,request_status_id) VALUES ('32','2023-06-13 10:42:11.84','I am not sure what is going on, but we are having trouble with the broken branch, it is hanging. Kinda looks like it might fall on the house uh... Gotta get this one done quick, interest rates are going right up might run out of funds soon!','2774','3','16','3','4');
INSERT INTO request (request_id,request_date,instruction,postcode,client_id,professional_id,service_id,request_status_id) VALUES ('33','2023-06-11 07:35:11.98','Good Afternoon! I have found an issue with the tree, it has has fallen over. Tried to stop it though! Can we please have this sorted quickly?','2601','11',null,'5','1');
INSERT INTO request (request_id,request_date,instruction,postcode,client_id,professional_id,service_id,request_status_id) VALUES ('34','2023-05-29 11:54:28.857','I am not sure what is going on, but we are having trouble with the tree, it has fallen on top of the house! Not the damn house! Really wanna get this one fixed before my partner returns from their trip...','2602','7','3','4','3');
INSERT INTO request (request_id,request_date,instruction,postcode,client_id,professional_id,service_id,request_status_id) VALUES ('35','2023-06-07 16:37:17.069','Awh man looks like there is an issue with the tree, it has fallen on top of the house! Not the damn house! Help me if my partner sees this and confirms they were right. This one might be bad haha...','2601','25',null,'3','3');
INSERT INTO request (request_id,request_date,instruction,postcode,client_id,professional_id,service_id,request_status_id) VALUES ('36','2023-06-09 21:09:05.4','Help me! Problem with the tree. Neighbour planted it actually and I hate it! Gotta get this thing removed. Gotta get this one done quick, interest rates are going right up might run out of funds soon!','2602','10','18','2','1');
INSERT INTO request (request_id,request_date,instruction,postcode,client_id,professional_id,service_id,request_status_id) VALUES ('37','2023-06-08 03:05:31.287','Hiya, there is a problem with our broken branch, it is hanging. Kinda looks like it might fall on the house uh... Can this please be fixed ASAP!?','2600','15','13','4','4');
INSERT INTO request (request_id,request_date,instruction,postcode,client_id,professional_id,service_id,request_status_id) VALUES ('38','2023-06-09 13:19:36.863','Help me! Problem with the tree, it has fallen on top of the house! Not the damn house! Gotta get this one done quick, interest rates are going right up might run out of funds soon!','2601','25',null,'4','3');
INSERT INTO request (request_id,request_date,instruction,postcode,client_id,professional_id,service_id,request_status_id) VALUES ('39','2023-06-09 16:19:56.318','Hello! Currently I have an issues with my tree, it has fallen on top of the house! Not the damn house! Can this please be fixed ASAP!?','2602','7',null,'1','1');
INSERT INTO request (request_id,request_date,instruction,postcode,client_id,professional_id,service_id,request_status_id) VALUES ('40','2023-06-15 05:56:10.277','Ayyyyyye pro man or woman, help us with the front yard tree. My partner insisted that we plant a tree in the back yard. Now the council has complained forcing us to remove the tree. I should never listened to my partner!! Really wanna get this one fixed before my partner returns from their trip...','2774','3',null,'2','4');
INSERT INTO request (request_id,request_date,instruction,postcode,client_id,professional_id,service_id,request_status_id) VALUES ('41','2023-06-17 00:25:48.979','Hello! Currently I have an issues with my tree, it has fallen on top of the house! Not the damn house! Gotta get this one done quick, interest rates are going right up might run out of funds soon!','2600','6','14','3','1');
INSERT INTO request (request_id,request_date,instruction,postcode,client_id,professional_id,service_id,request_status_id) VALUES ('42','2023-06-06 09:37:45.321','I am not sure what is going on, but we are having trouble with the tree, it has has fallen over. Tried to stop it though! Gotta get this one done quick, interest rates are going right up might run out of funds soon!','2774','17',null,'5','3');
INSERT INTO request (request_id,request_date,instruction,postcode,client_id,professional_id,service_id,request_status_id) VALUES ('43','2023-06-15 17:57:45.526','Ayyyyyye pro man or woman, help us with the tree, it has fallen on top of the house! Not the damn house! If someone could look at this quickly I would be grateful!','2600','5','14','2','3');
INSERT INTO request (request_id,request_date,instruction,postcode,client_id,professional_id,service_id,request_status_id) VALUES ('44','2023-05-31 07:07:22.216','This morning I started having trouble with the front yard tree. My partner insisted that we plant a tree in the back yard. Now the council has complained forcing us to remove the tree. I should never listened to my partner!! Help me if my partner sees this and confirms they were right. This one might be bad haha...','2774','9','16','3','2');
INSERT INTO request (request_id,request_date,instruction,postcode,client_id,professional_id,service_id,request_status_id) VALUES ('45','2023-06-16 06:45:31.176','I am not sure what is going on, but we are having trouble with the front yard tree. My partner insisted that we plant a tree in the back yard. Now the council has complained forcing us to remove the tree. I should never listened to my partner!! I do not want to be rude, but could this please be looked at with haste?','2600','12','20','1','2');
INSERT INTO request (request_id,request_date,instruction,postcode,client_id,professional_id,service_id,request_status_id) VALUES ('46','2023-06-21 06:55:59.434','I am not sure what is going on, but we are having trouble with the tree, it has has fallen over. Tried to stop it though! I do not want to be rude, but could this please be looked at with haste?','2600','5','13','4','4');
INSERT INTO request (request_id,request_date,instruction,postcode,client_id,professional_id,service_id,request_status_id) VALUES ('47','2023-06-16 06:53:39.969','Bonjour sir/madam. The partner and I figured it would be best to get a professional to sort out the issue with the tree in the front yard. It is blocking our view of the coast. Can we please have this sorted quickly?','2601','16','11','2','2');
INSERT INTO request (request_id,request_date,instruction,postcode,client_id,professional_id,service_id,request_status_id) VALUES ('48','2023-06-03 20:16:14.035','Bonjour sir/madam. The partner and I figured it would be best to get a professional to sort out the issue with the tree in the front yard. It is blocking our view of the coast. Can we please have this sorted quickly?','2600','12','13','2','3');
INSERT INTO request (request_id,request_date,instruction,postcode,client_id,professional_id,service_id,request_status_id) VALUES ('49','2023-05-28 18:02:08.822','Hello! Currently I have an issues with my tree. Neighbour planted it actually and I hate it! Gotta get this thing removed. Really wanna get this one fixed before my partner returns from their trip...','2600','26','8','1','3');
INSERT INTO request (request_id,request_date,instruction,postcode,client_id,professional_id,service_id,request_status_id) VALUES ('50','2023-06-14 16:36:35.34','Help me! Problem with the broken branch, it is hanging. Kinda looks like it might fall on the house uh... No rush on the issue.','2774','3',null,'2','4');
INSERT INTO request (request_id,request_date,instruction,postcode,client_id,professional_id,service_id,request_status_id) VALUES ('51','2023-05-25 02:52:52.629','Ayyyyyye pro man or woman, help us with the tree, it has has fallen over. Tried to stop it though! No rush on the issue.','2774','3',null,'5','1');
INSERT INTO request (request_id,request_date,instruction,postcode,client_id,professional_id,service_id,request_status_id) VALUES ('52','2023-06-09 22:31:34.272','Good Morning! There is an issue with the tree. Neighbour planted it actually and I hate it! Gotta get this thing removed. Can this please be fixed ASAP!?','2601','11','11','1','2');
INSERT INTO request (request_id,request_date,instruction,postcode,client_id,professional_id,service_id,request_status_id) VALUES ('53','2023-05-28 22:07:40.452','Hello! Currently I have an issues with my tree, it has has fallen over. Tried to stop it though! No rush on the issue.','2602','7',null,'3','3');
INSERT INTO request (request_id,request_date,instruction,postcode,client_id,professional_id,service_id,request_status_id) VALUES ('54','2023-06-13 04:01:04.475','Ayyyyyye pro man or woman, help us with the tree, it has fallen on top of the house! Not the damn house! Help me if my partner sees this and confirms they were right. This one might be bad haha...','2600','12','13','2','4');
INSERT INTO request (request_id,request_date,instruction,postcode,client_id,professional_id,service_id,request_status_id) VALUES ('55','2023-05-26 06:03:33.673','Hello! Currently I have an issues with my tree, it has fallen on top of the house! Not the damn house! If someone could look at this quickly I would be grateful!','2600','15','19','3','4');
INSERT INTO request (request_id,request_date,instruction,postcode,client_id,professional_id,service_id,request_status_id) VALUES ('56','2023-06-15 13:43:50.266','Awh man looks like there is an issue with the tree in the front yard. It is blocking our view of the coast. Look forward to hearing from you.','2600','8','13','2','1');
INSERT INTO request (request_id,request_date,instruction,postcode,client_id,professional_id,service_id,request_status_id) VALUES ('57','2023-06-03 05:52:03.113','Awh man looks like there is an issue with the tree. Neighbour planted it actually and I hate it! Gotta get this thing removed. Can we please have this sorted quickly?','2600','22','8','1','3');
INSERT INTO request (request_id,request_date,instruction,postcode,client_id,professional_id,service_id,request_status_id) VALUES ('58','2023-06-03 17:02:22.356','Ayyyyyye pro man or woman, help us with the tree, it has has fallen over. Tried to stop it though! Can this please be fixed ASAP!?','2602','19','6','1','2');
INSERT INTO request (request_id,request_date,instruction,postcode,client_id,professional_id,service_id,request_status_id) VALUES ('59','2023-05-28 10:38:48.156','Awh man looks like there is an issue with the tree. Neighbour planted it actually and I hate it! Gotta get this thing removed. Help me if my partner sees this and confirms they were right. This one might be bad haha...','2602','24',null,'3','3');
INSERT INTO request (request_id,request_date,instruction,postcode,client_id,professional_id,service_id,request_status_id) VALUES ('60','2023-05-24 07:57:02.245','Bonjour sir/madam. The partner and I figured it would be best to get a professional to sort out the issue with the tree, it has fallen on top of the house! Not the damn house! Look forward to hearing from you.','2601','25',null,'3','4');
INSERT INTO request (request_id,request_date,instruction,postcode,client_id,professional_id,service_id,request_status_id) VALUES ('61','2023-06-02 10:24:46.488','Awh man looks like there is an issue with the front yard tree. My partner insisted that we plant a tree in the back yard. Now the council has complained forcing us to remove the tree. I should never listened to my partner!! Can this please be fixed ASAP!?','2602','10','9','2','1');
INSERT INTO request (request_id,request_date,instruction,postcode,client_id,professional_id,service_id,request_status_id) VALUES ('62','2023-05-29 10:49:43.423','This morning I started having trouble with the tree in the front yard. It is blocking our view of the coast. No rush on the issue.','2602','4',null,'5','1');
INSERT INTO request (request_id,request_date,instruction,postcode,client_id,professional_id,service_id,request_status_id) VALUES ('63','2023-06-03 09:17:46.154','Hiya, there is a problem with our tree, it has fallen on top of the house! Not the damn house! If someone could look at this quickly I would be grateful!','2601','11',null,'1','4');
INSERT INTO request (request_id,request_date,instruction,postcode,client_id,professional_id,service_id,request_status_id) VALUES ('64','2023-06-21 15:03:05.151','To whom this may concern, I have discovered an issue with my tree, it has fallen on top of the house! Not the damn house! Really wanna get this one fixed before my partner returns from their trip...','2602','19',null,'3','1');
INSERT INTO request (request_id,request_date,instruction,postcode,client_id,professional_id,service_id,request_status_id) VALUES ('65','2023-06-02 14:55:32.45','Awh man looks like there is an issue with the tree, it has fallen on top of the house! Not the damn house! Really wanna get this one fixed before my partner returns from their trip...','2600','22',null,'5','1');
INSERT INTO request (request_id,request_date,instruction,postcode,client_id,professional_id,service_id,request_status_id) VALUES ('66','2023-06-13 08:13:25.698','Hiya, there is a problem with our tree in the front yard. It is blocking our view of the coast. Can we please have this sorted quickly?','2602','23','6','3','2');
INSERT INTO request (request_id,request_date,instruction,postcode,client_id,professional_id,service_id,request_status_id) VALUES ('67','2023-05-27 21:46:33.116','Good Afternoon! I have found an issue with the tree in the front yard. It is blocking our view of the coast. Can this please be fixed ASAP!?','2601','11',null,'2','4');
INSERT INTO request (request_id,request_date,instruction,postcode,client_id,professional_id,service_id,request_status_id) VALUES ('68','2023-05-25 06:37:26.025','Hello! Currently I have an issues with my broken branch, it is hanging. Kinda looks like it might fall on the house uh... No rush on the issue.','2602','10','3','2','2');
INSERT INTO request (request_id,request_date,instruction,postcode,client_id,professional_id,service_id,request_status_id) VALUES ('69','2023-06-03 13:02:51.821','I am not sure what is going on, but we are having trouble with the tree in the front yard. It is blocking our view of the coast. Can this please be fixed ASAP!?','2601','25','11','1','1');
INSERT INTO request (request_id,request_date,instruction,postcode,client_id,professional_id,service_id,request_status_id) VALUES ('70','2023-06-15 23:41:58.794','This morning I started having trouble with the tree, it is leaning. Really badly so... Gotta get this one done quick, interest rates are going right up might run out of funds soon!','2602','4','12','1','1');
INSERT INTO request (request_id,request_date,instruction,postcode,client_id,professional_id,service_id,request_status_id) VALUES ('71','2023-05-31 06:52:10.799','Good Afternoon! I have found an issue with the tree, it is leaning. Really badly so... Can this please be fixed ASAP!?','2600','18','15','3','3');
INSERT INTO request (request_id,request_date,instruction,postcode,client_id,professional_id,service_id,request_status_id) VALUES ('72','2023-06-06 04:42:17.502','Bonjour sir/madam. The partner and I figured it would be best to get a professional to sort out the issue with the tree, it has has fallen over. Tried to stop it though! I do not want to be rude, but could this please be looked at with haste?','2600','12',null,'3','2');
INSERT INTO request (request_id,request_date,instruction,postcode,client_id,professional_id,service_id,request_status_id) VALUES ('73','2023-05-24 13:36:36.143','Good Morning! There is an issue with the tree. Neighbour planted it actually and I hate it! Gotta get this thing removed. Help me if my partner sees this and confirms they were right. This one might be bad haha...','2600','15','15','1','1');
INSERT INTO request (request_id,request_date,instruction,postcode,client_id,professional_id,service_id,request_status_id) VALUES ('74','2023-06-01 01:55:42.397','Good Morning! There is an issue with the tree, it is leaning. Really badly so... Help me if my partner sees this and confirms they were right. This one might be bad haha...','2116','20',null,'5','3');
INSERT INTO request (request_id,request_date,instruction,postcode,client_id,professional_id,service_id,request_status_id) VALUES ('75','2023-06-04 03:17:26.957','Awh man looks like there is an issue with the tree in the front yard. It is blocking our view of the coast. Look forward to hearing from you.','2600','18',null,'1','2');
INSERT INTO request (request_id,request_date,instruction,postcode,client_id,professional_id,service_id,request_status_id) VALUES ('76','2023-06-12 01:19:09.43','Good Morning! There is an issue with the tree in the front yard. It is blocking our view of the coast. Gotta get this one done quick, interest rates are going right up might run out of funds soon!','2600','21',null,'4','1');
INSERT INTO request (request_id,request_date,instruction,postcode,client_id,professional_id,service_id,request_status_id) VALUES ('77','2023-06-20 19:37:49.365','Ayyyyyye pro man or woman, help us with the tree, it is leaning. Really badly so... Help me if my partner sees this and confirms they were right. This one might be bad haha...','2601','25',null,'5','1');
INSERT INTO request (request_id,request_date,instruction,postcode,client_id,professional_id,service_id,request_status_id) VALUES ('78','2023-06-18 10:44:12.707','Hiya, there is a problem with our tree, it has fallen on top of the house! Not the damn house! No rush on the issue.','2116','20','7','2','1');
INSERT INTO request (request_id,request_date,instruction,postcode,client_id,professional_id,service_id,request_status_id) VALUES ('79','2023-06-12 21:41:26.382','Ayyyyyye pro man or woman, help us with the front yard tree. My partner insisted that we plant a tree in the back yard. Now the council has complained forcing us to remove the tree. I should never listened to my partner!! Help me if my partner sees this and confirms they were right. This one might be bad haha...','2602','23',null,'4','3');
INSERT INTO request (request_id,request_date,instruction,postcode,client_id,professional_id,service_id,request_status_id) VALUES ('80','2023-05-27 15:26:36.188','Help me! Problem with the tree in the front yard. It is blocking our view of the coast. Look forward to hearing from you.','2601','25',null,'1','2');
INSERT INTO request (request_id,request_date,instruction,postcode,client_id,professional_id,service_id,request_status_id) VALUES ('81','2023-06-22 10:10:22.443','This morning I started having trouble with the tree, it has has fallen over. Tried to stop it though! Can we please have this sorted quickly?','2600','21','20','1','4');
INSERT INTO request (request_id,request_date,instruction,postcode,client_id,professional_id,service_id,request_status_id) VALUES ('82','2023-05-30 01:06:52.424','Bonjour sir/madam. The partner and I figured it would be best to get a professional to sort out the issue with the tree in the front yard. It is blocking our view of the coast. Look forward to hearing from you.','2602','19','3','4','2');
INSERT INTO request (request_id,request_date,instruction,postcode,client_id,professional_id,service_id,request_status_id) VALUES ('83','2023-05-29 04:09:17.191','Good Morning! There is an issue with the broken branch, it is hanging. Kinda looks like it might fall on the house uh... Really wanna get this one fixed before my partner returns from their trip...','2600','5',null,'5','1');
INSERT INTO request (request_id,request_date,instruction,postcode,client_id,professional_id,service_id,request_status_id) VALUES ('84','2023-05-26 18:40:30.675','Awh man looks like there is an issue with the broken branch, it is hanging. Kinda looks like it might fall on the house uh... Gotta get this one done quick, interest rates are going right up might run out of funds soon!','2600','18','14','2','3');
INSERT INTO request (request_id,request_date,instruction,postcode,client_id,professional_id,service_id,request_status_id) VALUES ('85','2023-06-19 02:08:26.888','Awh man looks like there is an issue with the tree in the front yard. It is blocking our view of the coast. Can this please be fixed ASAP!?','2602','10',null,'3','3');
INSERT INTO request (request_id,request_date,instruction,postcode,client_id,professional_id,service_id,request_status_id) VALUES ('86','2023-06-17 05:00:14.752','To whom this may concern, I have discovered an issue with my tree, it has fallen on top of the house! Not the damn house! Really wanna get this one fixed before my partner returns from their trip...','2601','16',null,'5','4');
INSERT INTO request (request_id,request_date,instruction,postcode,client_id,professional_id,service_id,request_status_id) VALUES ('87','2023-05-26 19:08:17.855','Ayyyyyye pro man or woman, help us with the tree, it has fallen on top of the house! Not the damn house! I do not want to be rude, but could this please be looked at with haste?','2774','2','16','1','3');
INSERT INTO request (request_id,request_date,instruction,postcode,client_id,professional_id,service_id,request_status_id) VALUES ('88','2023-06-13 18:26:27.981','Bonjour sir/madam. The partner and I figured it would be best to get a professional to sort out the issue with the tree in the front yard. It is blocking our view of the coast. Really wanna get this one fixed before my partner returns from their trip...','2602','24',null,'4','2');
INSERT INTO request (request_id,request_date,instruction,postcode,client_id,professional_id,service_id,request_status_id) VALUES ('89','2023-06-01 21:39:19.265','Hello! Currently I have an issues with my tree in the front yard. It is blocking our view of the coast. If someone could look at this quickly I would be grateful!','2600','6','14','3','2');
INSERT INTO request (request_id,request_date,instruction,postcode,client_id,professional_id,service_id,request_status_id) VALUES ('90','2023-05-29 23:09:06.599','To whom this may concern, I have discovered an issue with my front yard tree. My partner insisted that we plant a tree in the back yard. Now the council has complained forcing us to remove the tree. I should never listened to my partner!! Look forward to hearing from you.','2602','19',null,'2','2');
INSERT INTO request (request_id,request_date,instruction,postcode,client_id,professional_id,service_id,request_status_id) VALUES ('91','2023-05-26 14:44:18.582','This morning I started having trouble with the tree in the front yard. It is blocking our view of the coast. No rush on the issue.','2600','21',null,'5','4');
INSERT INTO request (request_id,request_date,instruction,postcode,client_id,professional_id,service_id,request_status_id) VALUES ('92','2023-06-09 17:47:15.357','Good Morning! There is an issue with the tree, it has fallen on top of the house! Not the damn house! Can we please have this sorted quickly?','2601','25',null,'1','3');
INSERT INTO request (request_id,request_date,instruction,postcode,client_id,professional_id,service_id,request_status_id) VALUES ('93','2023-06-03 22:27:51.292','To whom this may concern, I have discovered an issue with my broken branch, it is hanging. Kinda looks like it might fall on the house uh... Look forward to hearing from you.','2602','7',null,'3','2');
INSERT INTO request (request_id,request_date,instruction,postcode,client_id,professional_id,service_id,request_status_id) VALUES ('94','2023-06-06 10:15:42.481','To whom this may concern, I have discovered an issue with my front yard tree. My partner insisted that we plant a tree in the back yard. Now the council has complained forcing us to remove the tree. I should never listened to my partner!! If someone could look at this quickly I would be grateful!','2774','3',null,'2','2');
INSERT INTO request (request_id,request_date,instruction,postcode,client_id,professional_id,service_id,request_status_id) VALUES ('95','2023-06-05 08:48:01.363','Ayyyyyye pro man or woman, help us with the tree. Neighbour planted it actually and I hate it! Gotta get this thing removed. Can we please have this sorted quickly?','2774','9',null,'1','4');
INSERT INTO request (request_id,request_date,instruction,postcode,client_id,professional_id,service_id,request_status_id) VALUES ('96','2023-06-15 19:48:16.469','Hiya, there is a problem with our broken branch, it is hanging. Kinda looks like it might fall on the house uh... Help me if my partner sees this and confirms they were right. This one might be bad haha...','2600','21',null,'1','2');
INSERT INTO request (request_id,request_date,instruction,postcode,client_id,professional_id,service_id,request_status_id) VALUES ('97','2023-06-12 05:25:23.365','Good Afternoon! I have found an issue with the tree, it is leaning. Really badly so... I do not want to be rude, but could this please be looked at with haste?','2601','25',null,'4','1');
INSERT INTO request (request_id,request_date,instruction,postcode,client_id,professional_id,service_id,request_status_id) VALUES ('98','2023-05-25 20:45:18.61','Hello! Currently I have an issues with my tree, it has fallen on top of the house! Not the damn house! No rush on the issue.','2600','21',null,'5','4');
INSERT INTO request (request_id,request_date,instruction,postcode,client_id,professional_id,service_id,request_status_id) VALUES ('99','2023-06-04 12:30:31.769','Ayyyyyye pro man or woman, help us with the tree, it has has fallen over. Tried to stop it though! Really wanna get this one fixed before my partner returns from their trip...','2600','22','19','3','1');
INSERT INTO request (request_id,request_date,instruction,postcode,client_id,professional_id,service_id,request_status_id) VALUES ('100','2023-06-12 23:31:28.69','Hiya, there is a problem with our tree, it has has fallen over. Tried to stop it though! I do not want to be rude, but could this please be looked at with haste?','2774','2',null,'1','3');

ALTER TABLE request_bid AUTO_INCREMENT = 1;

INSERT INTO request_bid (request_bid_id,request_id,professional_id,amount,sent_date,bid_status_id) VALUES ('1','1','11','56.46722476882398','2023-06-14 09:26:14.39','1');
INSERT INTO request_bid (request_bid_id,request_id,professional_id,amount,sent_date,bid_status_id) VALUES ('2','2','2','47.18447042922838','2023-06-08 07:15:28.761','3');
INSERT INTO request_bid (request_bid_id,request_id,professional_id,amount,sent_date,bid_status_id) VALUES ('3','2','5','14.374786545070107','2023-05-27 17:08:56.838','3');
INSERT INTO request_bid (request_bid_id,request_id,professional_id,amount,sent_date,bid_status_id) VALUES ('4','2','14','86.93830553516128','2023-05-26 17:25:51.648','3');
INSERT INTO request_bid (request_bid_id,request_id,professional_id,amount,sent_date,bid_status_id) VALUES ('5','2','15','187.0320931876828','2023-06-20 12:27:41.5','3');
INSERT INTO request_bid (request_bid_id,request_id,professional_id,amount,sent_date,bid_status_id) VALUES ('6','2','19','132.81539495494656','2023-06-22 14:23:00.78','2');
INSERT INTO request_bid (request_bid_id,request_id,professional_id,amount,sent_date,bid_status_id) VALUES ('7','3','7','182.88037394578564','2023-06-14 18:12:15.487','1');
INSERT INTO request_bid (request_bid_id,request_id,professional_id,amount,sent_date,bid_status_id) VALUES ('8','4','8','52.3505230572365','2023-06-07 05:49:54.434','1');
INSERT INTO request_bid (request_bid_id,request_id,professional_id,amount,sent_date,bid_status_id) VALUES ('9','4','13','33.400618682950736','2023-06-19 18:26:14.351','2');
INSERT INTO request_bid (request_bid_id,request_id,professional_id,amount,sent_date,bid_status_id) VALUES ('10','4','15','196.45672016878325','2023-06-03 00:18:21.46','3');
INSERT INTO request_bid (request_bid_id,request_id,professional_id,amount,sent_date,bid_status_id) VALUES ('11','4','20','141.28172272041314','2023-06-03 19:31:44.802','3');
INSERT INTO request_bid (request_bid_id,request_id,professional_id,amount,sent_date,bid_status_id) VALUES ('12','6','13','114.83691047400272','2023-05-29 23:16:38.906','1');
INSERT INTO request_bid (request_bid_id,request_id,professional_id,amount,sent_date,bid_status_id) VALUES ('13','6','14','20.564897929828','2023-06-05 07:25:22.084','2');
INSERT INTO request_bid (request_bid_id,request_id,professional_id,amount,sent_date,bid_status_id) VALUES ('14','6','15','95.80704093708651','2023-06-02 17:46:55.324','3');
INSERT INTO request_bid (request_bid_id,request_id,professional_id,amount,sent_date,bid_status_id) VALUES ('15','7','11','99.02986885189483','2023-05-26 13:19:02.017','3');
INSERT INTO request_bid (request_bid_id,request_id,professional_id,amount,sent_date,bid_status_id) VALUES ('16','8','3','14.964921162514251','2023-06-09 04:08:36.282','1');
INSERT INTO request_bid (request_bid_id,request_id,professional_id,amount,sent_date,bid_status_id) VALUES ('17','8','9','43.77537063359627','2023-06-14 04:01:39.841','1');
INSERT INTO request_bid (request_bid_id,request_id,professional_id,amount,sent_date,bid_status_id) VALUES ('18','8','10','96.54226822729314','2023-06-11 05:16:50.96','3');
INSERT INTO request_bid (request_bid_id,request_id,professional_id,amount,sent_date,bid_status_id) VALUES ('19','8','18','105.03192612491061','2023-06-08 11:04:00.735','3');
INSERT INTO request_bid (request_bid_id,request_id,professional_id,amount,sent_date,bid_status_id) VALUES ('20','9','8','197.79914384340677','2023-06-20 07:31:53.268','2');
INSERT INTO request_bid (request_bid_id,request_id,professional_id,amount,sent_date,bid_status_id) VALUES ('21','9','13','123.99940548467931','2023-05-27 22:26:27.652','3');
INSERT INTO request_bid (request_bid_id,request_id,professional_id,amount,sent_date,bid_status_id) VALUES ('22','9','15','120.8098089164285','2023-05-29 07:50:27.321','3');
INSERT INTO request_bid (request_bid_id,request_id,professional_id,amount,sent_date,bid_status_id) VALUES ('23','9','20','24.304971039248606','2023-06-09 15:16:22.824','3');
INSERT INTO request_bid (request_bid_id,request_id,professional_id,amount,sent_date,bid_status_id) VALUES ('24','10','2','28.281481705440836','2023-06-14 06:06:58.369','2');
INSERT INTO request_bid (request_bid_id,request_id,professional_id,amount,sent_date,bid_status_id) VALUES ('25','10','5','155.46924578766934','2023-05-24 21:57:10.855','3');
INSERT INTO request_bid (request_bid_id,request_id,professional_id,amount,sent_date,bid_status_id) VALUES ('26','10','14','197.07060159492124','2023-06-13 13:07:07.346','3');
INSERT INTO request_bid (request_bid_id,request_id,professional_id,amount,sent_date,bid_status_id) VALUES ('27','10','15','91.22680355885869','2023-05-27 08:16:26.352','3');
INSERT INTO request_bid (request_bid_id,request_id,professional_id,amount,sent_date,bid_status_id) VALUES ('28','10','19','89.43900870123848','2023-06-19 00:33:18.568','3');
INSERT INTO request_bid (request_bid_id,request_id,professional_id,amount,sent_date,bid_status_id) VALUES ('29','11','3','32.07103938317289','2023-06-08 21:01:53.832','1');
INSERT INTO request_bid (request_bid_id,request_id,professional_id,amount,sent_date,bid_status_id) VALUES ('30','11','9','139.50737019725568','2023-06-12 23:44:00.727','1');
INSERT INTO request_bid (request_bid_id,request_id,professional_id,amount,sent_date,bid_status_id) VALUES ('31','11','10','88.222360502635','2023-06-10 10:59:05.748','3');
INSERT INTO request_bid (request_bid_id,request_id,professional_id,amount,sent_date,bid_status_id) VALUES ('32','11','18','13.418442164534568','2023-05-27 15:06:26.233','3');
INSERT INTO request_bid (request_bid_id,request_id,professional_id,amount,sent_date,bid_status_id) VALUES ('33','12','16','38.93587530100699','2023-05-25 10:41:07.05','2');
INSERT INTO request_bid (request_bid_id,request_id,professional_id,amount,sent_date,bid_status_id) VALUES ('34','12','17','90.8377552916071','2023-06-20 09:21:13.278','3');
INSERT INTO request_bid (request_bid_id,request_id,professional_id,amount,sent_date,bid_status_id) VALUES ('35','13','11','37.0397276562622','2023-06-08 00:03:27.501','3');
INSERT INTO request_bid (request_bid_id,request_id,professional_id,amount,sent_date,bid_status_id) VALUES ('36','14','1','199.64565560743085','2023-05-26 15:11:34.466','3');
INSERT INTO request_bid (request_bid_id,request_id,professional_id,amount,sent_date,bid_status_id) VALUES ('37','14','3','68.2919187211306','2023-06-21 06:03:22.002','1');
INSERT INTO request_bid (request_bid_id,request_id,professional_id,amount,sent_date,bid_status_id) VALUES ('38','14','10','79.89368962855582','2023-06-04 05:37:28.962','1');
INSERT INTO request_bid (request_bid_id,request_id,professional_id,amount,sent_date,bid_status_id) VALUES ('39','14','18','124.39617612730338','2023-06-08 22:16:02.347','1');
INSERT INTO request_bid (request_bid_id,request_id,professional_id,amount,sent_date,bid_status_id) VALUES ('40','16','11','38.07770088401706','2023-05-29 17:18:20.858','2');
INSERT INTO request_bid (request_bid_id,request_id,professional_id,amount,sent_date,bid_status_id) VALUES ('41','17','6','65.45515631739767','2023-06-03 06:05:41.105','3');
INSERT INTO request_bid (request_bid_id,request_id,professional_id,amount,sent_date,bid_status_id) VALUES ('42','17','9','78.10961152126325','2023-05-30 05:17:34.817','1');
INSERT INTO request_bid (request_bid_id,request_id,professional_id,amount,sent_date,bid_status_id) VALUES ('43','17','12','192.10712002624356','2023-05-24 04:23:22.898','2');
INSERT INTO request_bid (request_bid_id,request_id,professional_id,amount,sent_date,bid_status_id) VALUES ('44','19','13','194.65081789443764','2023-05-30 08:18:11.809','2');
INSERT INTO request_bid (request_bid_id,request_id,professional_id,amount,sent_date,bid_status_id) VALUES ('45','19','15','106.86163194647287','2023-06-21 06:36:17.177','3');
INSERT INTO request_bid (request_bid_id,request_id,professional_id,amount,sent_date,bid_status_id) VALUES ('46','21','3','109.90311107638084','2023-06-01 10:23:48.645','3');
INSERT INTO request_bid (request_bid_id,request_id,professional_id,amount,sent_date,bid_status_id) VALUES ('47','21','6','94.1658295401454','2023-06-06 14:09:08.385','3');
INSERT INTO request_bid (request_bid_id,request_id,professional_id,amount,sent_date,bid_status_id) VALUES ('48','22','11','168.03248046245247','2023-05-29 12:32:34.541','1');
INSERT INTO request_bid (request_bid_id,request_id,professional_id,amount,sent_date,bid_status_id) VALUES ('49','23','11','63.410181457254055','2023-05-24 09:21:47.383','2');
INSERT INTO request_bid (request_bid_id,request_id,professional_id,amount,sent_date,bid_status_id) VALUES ('50','24','3','185.38157499446623','2023-05-25 10:55:42.092','2');
INSERT INTO request_bid (request_bid_id,request_id,professional_id,amount,sent_date,bid_status_id) VALUES ('51','24','6','51.588958607889396','2023-06-07 19:14:26.35','3');
INSERT INTO request_bid (request_bid_id,request_id,professional_id,amount,sent_date,bid_status_id) VALUES ('52','25','16','83.41901048703551','2023-06-11 18:02:23.981','2');
INSERT INTO request_bid (request_bid_id,request_id,professional_id,amount,sent_date,bid_status_id) VALUES ('53','26','13','171.78004873711552','2023-06-22 03:22:35.362','2');
INSERT INTO request_bid (request_bid_id,request_id,professional_id,amount,sent_date,bid_status_id) VALUES ('54','26','15','133.6742294437176','2023-06-22 10:25:58.895','3');
INSERT INTO request_bid (request_bid_id,request_id,professional_id,amount,sent_date,bid_status_id) VALUES ('55','27','1','157.01487257437375','2023-06-10 12:42:41.619','2');
INSERT INTO request_bid (request_bid_id,request_id,professional_id,amount,sent_date,bid_status_id) VALUES ('56','27','3','31.93879453307725','2023-06-01 01:05:55.663','3');
INSERT INTO request_bid (request_bid_id,request_id,professional_id,amount,sent_date,bid_status_id) VALUES ('57','27','10','45.082379730255056','2023-06-08 23:44:33.513','3');
INSERT INTO request_bid (request_bid_id,request_id,professional_id,amount,sent_date,bid_status_id) VALUES ('58','27','18','197.4313405364539','2023-06-20 14:37:13.346','3');
INSERT INTO request_bid (request_bid_id,request_id,professional_id,amount,sent_date,bid_status_id) VALUES ('59','28','11','135.57525475878407','2023-05-31 07:29:45.329','2');
INSERT INTO request_bid (request_bid_id,request_id,professional_id,amount,sent_date,bid_status_id) VALUES ('60','29','11','114.03471413110687','2023-06-06 05:42:25.706','1');
INSERT INTO request_bid (request_bid_id,request_id,professional_id,amount,sent_date,bid_status_id) VALUES ('61','30','8','59.61761702032747','2023-06-09 02:07:40.807','3');
INSERT INTO request_bid (request_bid_id,request_id,professional_id,amount,sent_date,bid_status_id) VALUES ('62','30','13','176.82922595234356','2023-05-25 12:41:15.373','3');
INSERT INTO request_bid (request_bid_id,request_id,professional_id,amount,sent_date,bid_status_id) VALUES ('63','30','15','193.1945516261465','2023-06-19 14:32:27.632','2');
INSERT INTO request_bid (request_bid_id,request_id,professional_id,amount,sent_date,bid_status_id) VALUES ('64','30','20','195.0778484941582','2023-06-09 22:34:39.261','3');
INSERT INTO request_bid (request_bid_id,request_id,professional_id,amount,sent_date,bid_status_id) VALUES ('65','31','1','30.453744951513542','2023-06-03 15:50:01.468','3');
INSERT INTO request_bid (request_bid_id,request_id,professional_id,amount,sent_date,bid_status_id) VALUES ('66','31','3','55.32487084915061','2023-05-31 21:56:52.369','2');
INSERT INTO request_bid (request_bid_id,request_id,professional_id,amount,sent_date,bid_status_id) VALUES ('67','31','10','91.67433004102023','2023-06-01 14:11:06.37','3');
INSERT INTO request_bid (request_bid_id,request_id,professional_id,amount,sent_date,bid_status_id) VALUES ('68','31','18','29.604882882845544','2023-06-05 15:15:36.829','3');
INSERT INTO request_bid (request_bid_id,request_id,professional_id,amount,sent_date,bid_status_id) VALUES ('69','32','16','153.8046174905524','2023-06-10 16:05:12.407','2');
INSERT INTO request_bid (request_bid_id,request_id,professional_id,amount,sent_date,bid_status_id) VALUES ('70','32','17','99.2065507977855','2023-06-01 11:40:35.814','3');
INSERT INTO request_bid (request_bid_id,request_id,professional_id,amount,sent_date,bid_status_id) VALUES ('71','34','1','172.61600948737313','2023-05-30 13:10:27.334','3');
INSERT INTO request_bid (request_bid_id,request_id,professional_id,amount,sent_date,bid_status_id) VALUES ('72','34','3','15.635454274107726','2023-05-24 06:27:41.072','2');
INSERT INTO request_bid (request_bid_id,request_id,professional_id,amount,sent_date,bid_status_id) VALUES ('73','34','10','168.32227277698084','2023-05-24 07:10:14.297','3');
INSERT INTO request_bid (request_bid_id,request_id,professional_id,amount,sent_date,bid_status_id) VALUES ('74','34','18','133.11104825911525','2023-05-27 06:14:14.365','3');
INSERT INTO request_bid (request_bid_id,request_id,professional_id,amount,sent_date,bid_status_id) VALUES ('75','35','11','181.0657092932998','2023-06-20 02:56:35.679','1');
INSERT INTO request_bid (request_bid_id,request_id,professional_id,amount,sent_date,bid_status_id) VALUES ('76','36','3','69.7008406818255','2023-05-31 22:14:38.227','3');
INSERT INTO request_bid (request_bid_id,request_id,professional_id,amount,sent_date,bid_status_id) VALUES ('77','36','9','50.33599010184958','2023-05-25 22:11:07.713','3');
INSERT INTO request_bid (request_bid_id,request_id,professional_id,amount,sent_date,bid_status_id) VALUES ('78','36','10','90.05604878638691','2023-06-20 06:28:48.89','1');
INSERT INTO request_bid (request_bid_id,request_id,professional_id,amount,sent_date,bid_status_id) VALUES ('79','36','18','108.79609394971688','2023-05-25 06:12:30.821','2');
INSERT INTO request_bid (request_bid_id,request_id,professional_id,amount,sent_date,bid_status_id) VALUES ('80','37','13','38.59449494896305','2023-06-02 11:57:22.261','2');
INSERT INTO request_bid (request_bid_id,request_id,professional_id,amount,sent_date,bid_status_id) VALUES ('81','37','15','189.08785484112659','2023-06-01 07:30:18.203','3');
INSERT INTO request_bid (request_bid_id,request_id,professional_id,amount,sent_date,bid_status_id) VALUES ('82','38','11','108.57365798697458','2023-06-03 09:12:52.505','3');
INSERT INTO request_bid (request_bid_id,request_id,professional_id,amount,sent_date,bid_status_id) VALUES ('83','39','6','119.16822749213762','2023-05-24 06:50:20.796','3');
INSERT INTO request_bid (request_bid_id,request_id,professional_id,amount,sent_date,bid_status_id) VALUES ('84','39','9','54.608528649816584','2023-06-21 18:07:44.734','1');
INSERT INTO request_bid (request_bid_id,request_id,professional_id,amount,sent_date,bid_status_id) VALUES ('85','39','12','50.8938907653401','2023-05-28 05:44:59.227','1');
INSERT INTO request_bid (request_bid_id,request_id,professional_id,amount,sent_date,bid_status_id) VALUES ('86','41','2','86.396509314911','2023-06-12 11:11:47.574','1');
INSERT INTO request_bid (request_bid_id,request_id,professional_id,amount,sent_date,bid_status_id) VALUES ('87','41','5','85.93815647127812','2023-06-13 09:39:52.365','1');
INSERT INTO request_bid (request_bid_id,request_id,professional_id,amount,sent_date,bid_status_id) VALUES ('88','41','14','121.26045512798521','2023-06-02 17:22:18.94','2');
INSERT INTO request_bid (request_bid_id,request_id,professional_id,amount,sent_date,bid_status_id) VALUES ('89','41','15','171.3067986530588','2023-06-22 15:49:16.063','3');
INSERT INTO request_bid (request_bid_id,request_id,professional_id,amount,sent_date,bid_status_id) VALUES ('90','41','19','173.3096598060434','2023-06-10 11:25:57.805','3');
INSERT INTO request_bid (request_bid_id,request_id,professional_id,amount,sent_date,bid_status_id) VALUES ('91','43','13','96.3563390897105','2023-06-21 19:18:24.639','3');
INSERT INTO request_bid (request_bid_id,request_id,professional_id,amount,sent_date,bid_status_id) VALUES ('92','43','14','157.78627015116749','2023-05-24 16:54:34.816','2');
INSERT INTO request_bid (request_bid_id,request_id,professional_id,amount,sent_date,bid_status_id) VALUES ('93','43','15','196.477190041858','2023-06-10 04:01:59.189','3');
INSERT INTO request_bid (request_bid_id,request_id,professional_id,amount,sent_date,bid_status_id) VALUES ('94','44','16','33.37307733041959','2023-06-03 04:46:09.916','2');
INSERT INTO request_bid (request_bid_id,request_id,professional_id,amount,sent_date,bid_status_id) VALUES ('95','44','17','89.49777863569793','2023-06-14 05:50:50.13','3');
INSERT INTO request_bid (request_bid_id,request_id,professional_id,amount,sent_date,bid_status_id) VALUES ('96','45','8','99.30977167875511','2023-05-24 21:48:45.086','3');
INSERT INTO request_bid (request_bid_id,request_id,professional_id,amount,sent_date,bid_status_id) VALUES ('97','45','13','189.4356509168829','2023-05-24 00:55:47.583','3');
INSERT INTO request_bid (request_bid_id,request_id,professional_id,amount,sent_date,bid_status_id) VALUES ('98','45','15','146.42704600772825','2023-06-17 23:59:38.842','3');
INSERT INTO request_bid (request_bid_id,request_id,professional_id,amount,sent_date,bid_status_id) VALUES ('99','45','20','18.26623442851979','2023-06-16 10:57:01.298','2');
INSERT INTO request_bid (request_bid_id,request_id,professional_id,amount,sent_date,bid_status_id) VALUES ('100','46','13','56.828857463478','2023-06-13 18:14:45.584','2');
INSERT INTO request_bid (request_bid_id,request_id,professional_id,amount,sent_date,bid_status_id) VALUES ('101','46','15','62.63737825896406','2023-06-21 09:13:50.862','3');
INSERT INTO request_bid (request_bid_id,request_id,professional_id,amount,sent_date,bid_status_id) VALUES ('102','47','11','110.44046934924958','2023-06-13 14:43:25.167','2');
INSERT INTO request_bid (request_bid_id,request_id,professional_id,amount,sent_date,bid_status_id) VALUES ('103','48','13','106.6035766675651','2023-06-03 08:22:34.446','2');
INSERT INTO request_bid (request_bid_id,request_id,professional_id,amount,sent_date,bid_status_id) VALUES ('104','48','14','57.903509463344804','2023-06-17 13:22:11.348','3');
INSERT INTO request_bid (request_bid_id,request_id,professional_id,amount,sent_date,bid_status_id) VALUES ('105','48','15','144.4139588458425','2023-05-25 16:18:25.728','3');
INSERT INTO request_bid (request_bid_id,request_id,professional_id,amount,sent_date,bid_status_id) VALUES ('106','49','8','66.7978700787959','2023-06-01 23:08:33.276','2');
INSERT INTO request_bid (request_bid_id,request_id,professional_id,amount,sent_date,bid_status_id) VALUES ('107','49','13','81.26076799519313','2023-06-08 13:51:06.361','3');
INSERT INTO request_bid (request_bid_id,request_id,professional_id,amount,sent_date,bid_status_id) VALUES ('108','49','15','131.5375534331763','2023-06-05 08:03:03.835','3');
INSERT INTO request_bid (request_bid_id,request_id,professional_id,amount,sent_date,bid_status_id) VALUES ('109','49','20','110.14728295697218','2023-06-22 20:59:59.516','3');
INSERT INTO request_bid (request_bid_id,request_id,professional_id,amount,sent_date,bid_status_id) VALUES ('110','52','11','38.78299311780594','2023-05-31 14:31:00.879','2');
INSERT INTO request_bid (request_bid_id,request_id,professional_id,amount,sent_date,bid_status_id) VALUES ('111','53','3','64.51242086099408','2023-06-04 10:23:19.41','3');
INSERT INTO request_bid (request_bid_id,request_id,professional_id,amount,sent_date,bid_status_id) VALUES ('112','53','6','45.15316814504692','2023-06-08 16:02:39.159','3');
INSERT INTO request_bid (request_bid_id,request_id,professional_id,amount,sent_date,bid_status_id) VALUES ('113','54','13','134.9133038096083','2023-06-05 01:15:04.75','2');
INSERT INTO request_bid (request_bid_id,request_id,professional_id,amount,sent_date,bid_status_id) VALUES ('114','54','14','152.37536537247803','2023-06-19 07:37:20.123','3');
INSERT INTO request_bid (request_bid_id,request_id,professional_id,amount,sent_date,bid_status_id) VALUES ('115','54','15','183.61924640002118','2023-06-13 21:42:11.955','3');
INSERT INTO request_bid (request_bid_id,request_id,professional_id,amount,sent_date,bid_status_id) VALUES ('116','55','2','175.72187010672695','2023-05-30 19:15:40.214','3');
INSERT INTO request_bid (request_bid_id,request_id,professional_id,amount,sent_date,bid_status_id) VALUES ('117','55','5','16.410369870883194','2023-06-11 03:28:43.118','1');
INSERT INTO request_bid (request_bid_id,request_id,professional_id,amount,sent_date,bid_status_id) VALUES ('118','55','14','129.7144144948116','2023-05-31 21:30:56.411','1');
INSERT INTO request_bid (request_bid_id,request_id,professional_id,amount,sent_date,bid_status_id) VALUES ('119','55','15','138.1851023772718','2023-06-13 19:45:28.601','1');
INSERT INTO request_bid (request_bid_id,request_id,professional_id,amount,sent_date,bid_status_id) VALUES ('120','55','19','66.28431726781845','2023-06-02 05:32:36.68','2');
INSERT INTO request_bid (request_bid_id,request_id,professional_id,amount,sent_date,bid_status_id) VALUES ('121','56','13','40.6615597024509','2023-05-30 18:23:31.202','2');
INSERT INTO request_bid (request_bid_id,request_id,professional_id,amount,sent_date,bid_status_id) VALUES ('122','56','14','184.03144990565676','2023-06-11 05:34:48.694','3');
INSERT INTO request_bid (request_bid_id,request_id,professional_id,amount,sent_date,bid_status_id) VALUES ('123','56','15','11.56514626943395','2023-06-09 20:45:55.985','3');
INSERT INTO request_bid (request_bid_id,request_id,professional_id,amount,sent_date,bid_status_id) VALUES ('124','57','8','98.58193116786111','2023-06-12 19:16:02.469','2');
INSERT INTO request_bid (request_bid_id,request_id,professional_id,amount,sent_date,bid_status_id) VALUES ('125','57','13','26.153943553479184','2023-06-02 18:53:28.858','3');
INSERT INTO request_bid (request_bid_id,request_id,professional_id,amount,sent_date,bid_status_id) VALUES ('126','57','15','122.51057239218314','2023-06-18 19:39:44.854','3');
INSERT INTO request_bid (request_bid_id,request_id,professional_id,amount,sent_date,bid_status_id) VALUES ('127','57','20','39.46107121565896','2023-05-30 14:56:16.488','3');
INSERT INTO request_bid (request_bid_id,request_id,professional_id,amount,sent_date,bid_status_id) VALUES ('128','58','6','13.92230440631753','2023-06-01 04:18:34.177','2');
INSERT INTO request_bid (request_bid_id,request_id,professional_id,amount,sent_date,bid_status_id) VALUES ('129','58','9','77.55402814217594','2023-06-02 07:53:26.515','3');
INSERT INTO request_bid (request_bid_id,request_id,professional_id,amount,sent_date,bid_status_id) VALUES ('130','58','12','128.95311560457887','2023-06-22 04:15:48.686','3');
INSERT INTO request_bid (request_bid_id,request_id,professional_id,amount,sent_date,bid_status_id) VALUES ('131','59','3','157.06890964507502','2023-05-31 10:04:31.536','1');
INSERT INTO request_bid (request_bid_id,request_id,professional_id,amount,sent_date,bid_status_id) VALUES ('132','59','6','185.37734351127241','2023-06-16 14:31:11.349','1');
INSERT INTO request_bid (request_bid_id,request_id,professional_id,amount,sent_date,bid_status_id) VALUES ('133','60','11','46.89695996039321','2023-06-08 15:57:19.854','3');
INSERT INTO request_bid (request_bid_id,request_id,professional_id,amount,sent_date,bid_status_id) VALUES ('134','61','3','154.7091239323154','2023-06-04 22:56:54.24','3');
INSERT INTO request_bid (request_bid_id,request_id,professional_id,amount,sent_date,bid_status_id) VALUES ('135','61','9','185.41688730458455','2023-06-13 13:05:58.156','2');
INSERT INTO request_bid (request_bid_id,request_id,professional_id,amount,sent_date,bid_status_id) VALUES ('136','61','10','171.84796216928805','2023-06-10 05:32:08.338','3');
INSERT INTO request_bid (request_bid_id,request_id,professional_id,amount,sent_date,bid_status_id) VALUES ('137','61','18','105.56572476940624','2023-05-29 22:45:33.589','3');
INSERT INTO request_bid (request_bid_id,request_id,professional_id,amount,sent_date,bid_status_id) VALUES ('138','63','11','90.01182342574228','2023-05-24 07:33:25.324','3');
INSERT INTO request_bid (request_bid_id,request_id,professional_id,amount,sent_date,bid_status_id) VALUES ('139','64','3','101.84649427885127','2023-05-30 21:14:26.478','1');
INSERT INTO request_bid (request_bid_id,request_id,professional_id,amount,sent_date,bid_status_id) VALUES ('140','64','6','77.12002728129912','2023-06-01 00:20:34.314','1');
INSERT INTO request_bid (request_bid_id,request_id,professional_id,amount,sent_date,bid_status_id) VALUES ('141','66','3','196.57081169115412','2023-05-31 18:55:53.352','1');
INSERT INTO request_bid (request_bid_id,request_id,professional_id,amount,sent_date,bid_status_id) VALUES ('142','66','6','60.687772680221855','2023-06-19 12:07:33.454','2');
INSERT INTO request_bid (request_bid_id,request_id,professional_id,amount,sent_date,bid_status_id) VALUES ('143','67','11','155.80119636887426','2023-06-15 09:25:24.205','1');
INSERT INTO request_bid (request_bid_id,request_id,professional_id,amount,sent_date,bid_status_id) VALUES ('144','68','3','184.7486624371307','2023-05-25 16:14:21.316','2');
INSERT INTO request_bid (request_bid_id,request_id,professional_id,amount,sent_date,bid_status_id) VALUES ('145','68','9','197.16803054221324','2023-06-11 02:36:18.937','3');
INSERT INTO request_bid (request_bid_id,request_id,professional_id,amount,sent_date,bid_status_id) VALUES ('146','68','10','197.5228154285076','2023-06-09 10:46:12.489','3');
INSERT INTO request_bid (request_bid_id,request_id,professional_id,amount,sent_date,bid_status_id) VALUES ('147','68','18','185.26447832179232','2023-05-26 10:14:07.198','3');
INSERT INTO request_bid (request_bid_id,request_id,professional_id,amount,sent_date,bid_status_id) VALUES ('148','69','11','70.92697306964735','2023-06-21 23:20:11.006','2');
INSERT INTO request_bid (request_bid_id,request_id,professional_id,amount,sent_date,bid_status_id) VALUES ('149','70','6','135.25216971734295','2023-06-20 12:55:06.563','1');
INSERT INTO request_bid (request_bid_id,request_id,professional_id,amount,sent_date,bid_status_id) VALUES ('150','70','9','51.020232298608356','2023-06-15 01:43:53.867','1');
INSERT INTO request_bid (request_bid_id,request_id,professional_id,amount,sent_date,bid_status_id) VALUES ('151','70','12','125.37283607932405','2023-06-11 16:35:30.763','2');
INSERT INTO request_bid (request_bid_id,request_id,professional_id,amount,sent_date,bid_status_id) VALUES ('152','71','2','144.65221718696128','2023-06-10 09:39:03.988','3');
INSERT INTO request_bid (request_bid_id,request_id,professional_id,amount,sent_date,bid_status_id) VALUES ('153','71','5','32.756909151203566','2023-05-30 11:26:54.208','3');
INSERT INTO request_bid (request_bid_id,request_id,professional_id,amount,sent_date,bid_status_id) VALUES ('154','71','14','106.7728304221531','2023-06-11 04:26:40.086','1');
INSERT INTO request_bid (request_bid_id,request_id,professional_id,amount,sent_date,bid_status_id) VALUES ('155','71','15','58.472505691180636','2023-05-29 10:05:44.466','2');
INSERT INTO request_bid (request_bid_id,request_id,professional_id,amount,sent_date,bid_status_id) VALUES ('156','71','19','102.3466120205007','2023-06-09 14:05:28.054','3');
INSERT INTO request_bid (request_bid_id,request_id,professional_id,amount,sent_date,bid_status_id) VALUES ('157','72','2','189.71239985276085','2023-06-10 07:52:39.176','3');
INSERT INTO request_bid (request_bid_id,request_id,professional_id,amount,sent_date,bid_status_id) VALUES ('158','72','5','15.804349857408475','2023-06-04 02:18:53.104','3');
INSERT INTO request_bid (request_bid_id,request_id,professional_id,amount,sent_date,bid_status_id) VALUES ('159','72','14','154.1356153737782','2023-06-07 00:21:46.521','3');
INSERT INTO request_bid (request_bid_id,request_id,professional_id,amount,sent_date,bid_status_id) VALUES ('160','72','15','47.24430638906399','2023-06-03 09:25:49.635','3');
INSERT INTO request_bid (request_bid_id,request_id,professional_id,amount,sent_date,bid_status_id) VALUES ('161','72','19','111.31866492286547','2023-06-19 21:22:04.608','1');
INSERT INTO request_bid (request_bid_id,request_id,professional_id,amount,sent_date,bid_status_id) VALUES ('162','73','8','63.73796882506104','2023-05-28 03:35:27.127','3');
INSERT INTO request_bid (request_bid_id,request_id,professional_id,amount,sent_date,bid_status_id) VALUES ('163','73','13','167.57613528764594','2023-06-20 11:38:54.447','1');
INSERT INTO request_bid (request_bid_id,request_id,professional_id,amount,sent_date,bid_status_id) VALUES ('164','73','15','69.13380990645487','2023-06-09 17:26:39.592','2');
INSERT INTO request_bid (request_bid_id,request_id,professional_id,amount,sent_date,bid_status_id) VALUES ('165','73','20','181.66547168876306','2023-05-31 12:39:31.303','3');
INSERT INTO request_bid (request_bid_id,request_id,professional_id,amount,sent_date,bid_status_id) VALUES ('166','75','8','10.703270822829339','2023-06-10 16:50:33.897','1');
INSERT INTO request_bid (request_bid_id,request_id,professional_id,amount,sent_date,bid_status_id) VALUES ('167','75','13','174.80743940907098','2023-05-27 09:09:51.865','3');
INSERT INTO request_bid (request_bid_id,request_id,professional_id,amount,sent_date,bid_status_id) VALUES ('168','75','15','106.61909959931221','2023-05-28 08:50:41.361','3');
INSERT INTO request_bid (request_bid_id,request_id,professional_id,amount,sent_date,bid_status_id) VALUES ('169','75','20','56.33027729143751','2023-06-09 19:46:07.495','3');
INSERT INTO request_bid (request_bid_id,request_id,professional_id,amount,sent_date,bid_status_id) VALUES ('170','76','13','60.88106733916033','2023-06-12 13:24:02.242','3');
INSERT INTO request_bid (request_bid_id,request_id,professional_id,amount,sent_date,bid_status_id) VALUES ('171','76','15','193.16744386474937','2023-06-14 14:26:12.411','3');
INSERT INTO request_bid (request_bid_id,request_id,professional_id,amount,sent_date,bid_status_id) VALUES ('172','78','7','25.115664306637687','2023-05-25 14:59:51.099','2');
INSERT INTO request_bid (request_bid_id,request_id,professional_id,amount,sent_date,bid_status_id) VALUES ('173','79','1','148.51331424991005','2023-06-04 03:47:33.995','3');
INSERT INTO request_bid (request_bid_id,request_id,professional_id,amount,sent_date,bid_status_id) VALUES ('174','79','3','166.37508123418516','2023-06-02 05:27:40.747','3');
INSERT INTO request_bid (request_bid_id,request_id,professional_id,amount,sent_date,bid_status_id) VALUES ('175','79','10','106.03154031665153','2023-06-09 09:54:43.674','3');
INSERT INTO request_bid (request_bid_id,request_id,professional_id,amount,sent_date,bid_status_id) VALUES ('176','79','18','112.6383475826825','2023-06-18 23:11:19.178','1');
INSERT INTO request_bid (request_bid_id,request_id,professional_id,amount,sent_date,bid_status_id) VALUES ('177','80','11','173.2249865745351','2023-06-04 14:14:49.811','1');
INSERT INTO request_bid (request_bid_id,request_id,professional_id,amount,sent_date,bid_status_id) VALUES ('178','81','8','91.53666722002784','2023-06-20 10:28:50.859','1');
INSERT INTO request_bid (request_bid_id,request_id,professional_id,amount,sent_date,bid_status_id) VALUES ('179','81','13','34.583448034447635','2023-06-18 00:23:17.305','1');
INSERT INTO request_bid (request_bid_id,request_id,professional_id,amount,sent_date,bid_status_id) VALUES ('180','81','15','196.65217858230898','2023-06-20 22:41:53.184','1');
INSERT INTO request_bid (request_bid_id,request_id,professional_id,amount,sent_date,bid_status_id) VALUES ('181','81','20','92.22045299163695','2023-06-19 18:32:49.438','2');
INSERT INTO request_bid (request_bid_id,request_id,professional_id,amount,sent_date,bid_status_id) VALUES ('182','82','1','118.28526202043746','2023-06-13 09:54:18.087','3');
INSERT INTO request_bid (request_bid_id,request_id,professional_id,amount,sent_date,bid_status_id) VALUES ('183','82','3','82.57282840818976','2023-06-18 17:04:05.391','2');
INSERT INTO request_bid (request_bid_id,request_id,professional_id,amount,sent_date,bid_status_id) VALUES ('184','82','10','44.515590753134475','2023-06-03 03:55:56.452','3');
INSERT INTO request_bid (request_bid_id,request_id,professional_id,amount,sent_date,bid_status_id) VALUES ('185','82','18','71.88615950451069','2023-06-05 09:14:20.964','3');
INSERT INTO request_bid (request_bid_id,request_id,professional_id,amount,sent_date,bid_status_id) VALUES ('186','84','13','57.85744629577607','2023-05-31 15:31:36.17','3');
INSERT INTO request_bid (request_bid_id,request_id,professional_id,amount,sent_date,bid_status_id) VALUES ('187','84','14','51.577686042944954','2023-06-12 08:25:09.856','2');
INSERT INTO request_bid (request_bid_id,request_id,professional_id,amount,sent_date,bid_status_id) VALUES ('188','84','15','169.65462511657793','2023-06-05 04:00:15.401','3');
INSERT INTO request_bid (request_bid_id,request_id,professional_id,amount,sent_date,bid_status_id) VALUES ('189','85','3','188.93468690059075','2023-05-24 19:36:25.968','1');
INSERT INTO request_bid (request_bid_id,request_id,professional_id,amount,sent_date,bid_status_id) VALUES ('190','85','6','174.9661374063166','2023-05-28 17:30:00.356','3');
INSERT INTO request_bid (request_bid_id,request_id,professional_id,amount,sent_date,bid_status_id) VALUES ('191','87','16','43.8932357341872','2023-06-03 01:52:52.382','2');
INSERT INTO request_bid (request_bid_id,request_id,professional_id,amount,sent_date,bid_status_id) VALUES ('192','88','1','41.65045752480175','2023-05-30 04:53:32.729','1');
INSERT INTO request_bid (request_bid_id,request_id,professional_id,amount,sent_date,bid_status_id) VALUES ('193','88','3','26.32726155182631','2023-06-17 21:12:40.394','1');
INSERT INTO request_bid (request_bid_id,request_id,professional_id,amount,sent_date,bid_status_id) VALUES ('194','88','10','176.17842496444518','2023-05-24 23:12:30.808','1');
INSERT INTO request_bid (request_bid_id,request_id,professional_id,amount,sent_date,bid_status_id) VALUES ('195','88','18','126.97734554509981','2023-06-03 12:48:35.28','3');
INSERT INTO request_bid (request_bid_id,request_id,professional_id,amount,sent_date,bid_status_id) VALUES ('196','89','2','58.04298443716424','2023-06-12 07:06:34.601','1');
INSERT INTO request_bid (request_bid_id,request_id,professional_id,amount,sent_date,bid_status_id) VALUES ('197','89','5','159.20804571188629','2023-06-19 18:13:11.733','3');
INSERT INTO request_bid (request_bid_id,request_id,professional_id,amount,sent_date,bid_status_id) VALUES ('198','89','14','72.82336383650696','2023-06-13 09:16:38.212','2');
INSERT INTO request_bid (request_bid_id,request_id,professional_id,amount,sent_date,bid_status_id) VALUES ('199','89','15','110.40342967289895','2023-06-07 11:33:18.881','3');
INSERT INTO request_bid (request_bid_id,request_id,professional_id,amount,sent_date,bid_status_id) VALUES ('200','89','19','184.74874290394922','2023-06-01 13:27:56.367','3');
INSERT INTO request_bid (request_bid_id,request_id,professional_id,amount,sent_date,bid_status_id) VALUES ('201','90','3','119.09371044777649','2023-05-25 11:36:49.5','3');
INSERT INTO request_bid (request_bid_id,request_id,professional_id,amount,sent_date,bid_status_id) VALUES ('202','90','9','172.69715335161368','2023-05-30 17:01:59.301','1');
INSERT INTO request_bid (request_bid_id,request_id,professional_id,amount,sent_date,bid_status_id) VALUES ('203','90','10','98.47906594330435','2023-06-01 05:25:58.458','3');
INSERT INTO request_bid (request_bid_id,request_id,professional_id,amount,sent_date,bid_status_id) VALUES ('204','90','18','121.37655807636162','2023-06-19 00:34:35.748','1');
INSERT INTO request_bid (request_bid_id,request_id,professional_id,amount,sent_date,bid_status_id) VALUES ('205','92','11','45.23325631058735','2023-06-08 02:40:20.515','1');
INSERT INTO request_bid (request_bid_id,request_id,professional_id,amount,sent_date,bid_status_id) VALUES ('206','93','3','111.88676365657238','2023-06-07 05:49:10.389','3');
INSERT INTO request_bid (request_bid_id,request_id,professional_id,amount,sent_date,bid_status_id) VALUES ('207','93','6','81.20652285394918','2023-05-27 21:15:51.054','3');
INSERT INTO request_bid (request_bid_id,request_id,professional_id,amount,sent_date,bid_status_id) VALUES ('208','95','16','142.56329605728746','2023-06-07 18:02:00.248','3');
INSERT INTO request_bid (request_bid_id,request_id,professional_id,amount,sent_date,bid_status_id) VALUES ('209','96','8','24.955704339467356','2023-06-14 02:04:01.416','1');
INSERT INTO request_bid (request_bid_id,request_id,professional_id,amount,sent_date,bid_status_id) VALUES ('210','96','13','28.80320880123339','2023-05-31 14:03:51.453','3');
INSERT INTO request_bid (request_bid_id,request_id,professional_id,amount,sent_date,bid_status_id) VALUES ('211','96','15','23.574590061262246','2023-06-09 00:58:21.13','1');
INSERT INTO request_bid (request_bid_id,request_id,professional_id,amount,sent_date,bid_status_id) VALUES ('212','96','20','96.10676566439324','2023-06-15 17:20:43.375','3');
INSERT INTO request_bid (request_bid_id,request_id,professional_id,amount,sent_date,bid_status_id) VALUES ('213','97','11','179.57067818155707','2023-05-29 12:19:45.653','3');
INSERT INTO request_bid (request_bid_id,request_id,professional_id,amount,sent_date,bid_status_id) VALUES ('214','99','2','101.05403602958648','2023-05-29 14:25:48.264','1');
INSERT INTO request_bid (request_bid_id,request_id,professional_id,amount,sent_date,bid_status_id) VALUES ('215','99','5','177.71491043735617','2023-06-21 20:06:38.449','3');
INSERT INTO request_bid (request_bid_id,request_id,professional_id,amount,sent_date,bid_status_id) VALUES ('216','99','14','89.9025504724371','2023-05-30 00:49:02.591','3');
INSERT INTO request_bid (request_bid_id,request_id,professional_id,amount,sent_date,bid_status_id) VALUES ('217','99','15','49.32109779803007','2023-06-13 05:35:25.085','1');
INSERT INTO request_bid (request_bid_id,request_id,professional_id,amount,sent_date,bid_status_id) VALUES ('218','99','19','92.82385521239681','2023-06-15 16:10:14.261','2');
INSERT INTO request_bid (request_bid_id,request_id,professional_id,amount,sent_date,bid_status_id) VALUES ('219','100','16','31.507226126166888','2023-05-27 04:08:18.614','3');

ALTER TABLE review AUTO_INCREMENT = 1;

INSERT INTO review (review_id,rating,comment,request_id) VALUES ('1','2','It was a meh service, not good, not bad','1');
INSERT INTO review (review_id,rating,comment,request_id) VALUES ('2','5','What a service, no reason not to hire this person','3');
INSERT INTO review (review_id,rating,comment,request_id) VALUES ('3','4','I am not sure if I would hire this person again','6');
INSERT INTO review (review_id,rating,comment,request_id) VALUES ('4','2','They showed up, they left, it was eh','7');
INSERT INTO review (review_id,rating,comment,request_id) VALUES ('5','5','This was an amazing service, I would definitely hire this person again!','8');
INSERT INTO review (review_id,rating,comment,request_id) VALUES ('6','3','Could do a bit better, had okay manners but not the best','10');
INSERT INTO review (review_id,rating,comment,request_id) VALUES ('7','3','They showed up, they left, it was eh','11');
INSERT INTO review (review_id,rating,comment,request_id) VALUES ('8','5','This was an amazing service, I would definitely hire this person again!','12');
INSERT INTO review (review_id,rating,comment,request_id) VALUES ('9','3','Service was good, wasnt an amazing experience but no real grievances against the traide','13');
INSERT INTO review (review_id,rating,comment,request_id) VALUES ('10','5','This was an amazing service, I would definitely hire this person again!','19');
INSERT INTO review (review_id,rating,comment,request_id) VALUES ('11','1','Yikes!!! Surely you could do better? Some better manners would be nice!','21');
INSERT INTO review (review_id,rating,comment,request_id) VALUES ('12','2','They showed up, they left, it was eh','23');
INSERT INTO review (review_id,rating,comment,request_id) VALUES ('13','4','Ok/Good service','27');
INSERT INTO review (review_id,rating,comment,request_id) VALUES ('14','4','Wished there were some things they did differently','29');
INSERT INTO review (review_id,rating,comment,request_id) VALUES ('15','4','They showed up, they left, it was eh','30');
INSERT INTO review (review_id,rating,comment,request_id) VALUES ('16','1','Jeez man that was one awful service...','31');
INSERT INTO review (review_id,rating,comment,request_id) VALUES ('17','2','Was an ok service, left something to be desired','32');
INSERT INTO review (review_id,rating,comment,request_id) VALUES ('18','2','No real complaints, it was an okay service','34');
INSERT INTO review (review_id,rating,comment,request_id) VALUES ('19','4','Quality was okay but definitely could have a better attitude','35');
INSERT INTO review (review_id,rating,comment,request_id) VALUES ('20','2','Service was good, wasnt an amazing experience but no real grievances against the traide','37');
INSERT INTO review (review_id,rating,comment,request_id) VALUES ('21','3','Wished there were some things they did differently','38');
INSERT INTO review (review_id,rating,comment,request_id) VALUES ('22','1','Absolutely terrible, no manners, no skills all garbage','43');
INSERT INTO review (review_id,rating,comment,request_id) VALUES ('23','4','Service was good, wasnt an amazing experience but no real grievances against the traide','46');
INSERT INTO review (review_id,rating,comment,request_id) VALUES ('24','1','Why oh why oh why did I hire this person. DO NOT HIRE','48');
INSERT INTO review (review_id,rating,comment,request_id) VALUES ('25','5','This was an amazing service, I would definitely hire this person again!','49');
INSERT INTO review (review_id,rating,comment,request_id) VALUES ('26','1','NEVER AGAIN!!!!','53');
INSERT INTO review (review_id,rating,comment,request_id) VALUES ('27','3','Was an ok service, left something to be desired','54');
INSERT INTO review (review_id,rating,comment,request_id) VALUES ('28','1','Jeez man that was one awful service...','55');
INSERT INTO review (review_id,rating,comment,request_id) VALUES ('29','3','Wished there were some things they did differently','57');
INSERT INTO review (review_id,rating,comment,request_id) VALUES ('30','3','Was an ok service, left something to be desired','59');
INSERT INTO review (review_id,rating,comment,request_id) VALUES ('31','5','Wow what a great service, some minor things, but were fixed up ASAP as pointed out','60');
INSERT INTO review (review_id,rating,comment,request_id) VALUES ('32','3','Could do a bit better, had okay manners but not the best','63');
INSERT INTO review (review_id,rating,comment,request_id) VALUES ('33','3','Sigh, could have been better.','67');
INSERT INTO review (review_id,rating,comment,request_id) VALUES ('34','3','It was a meh service, not good, not bad','71');
INSERT INTO review (review_id,rating,comment,request_id) VALUES ('35','5','What a service, no reason not to hire this person','79');
INSERT INTO review (review_id,rating,comment,request_id) VALUES ('36','2','Quality was okay but definitely could have a better attitude','81');
INSERT INTO review (review_id,rating,comment,request_id) VALUES ('37','4','They showed up, they left, it was eh','84');
INSERT INTO review (review_id,rating,comment,request_id) VALUES ('38','1','Awful service, I dont think I would hire this person again','85');
INSERT INTO review (review_id,rating,comment,request_id) VALUES ('39','2','I am not sure if I would hire this person again','87');
INSERT INTO review (review_id,rating,comment,request_id) VALUES ('40','1','Why oh why oh why did I hire this person. DO NOT HIRE','92');
INSERT INTO review (review_id,rating,comment,request_id) VALUES ('41','3','Could do a bit better, had okay manners but not the best','95');
INSERT INTO review (review_id,rating,comment,request_id) VALUES ('42','3','I am not sure if I would hire this person again','100');

ALTER TABLE transaction AUTO_INCREMENT = 1;

INSERT INTO transaction (transaction_id,amount,transaction_date,transaction_status_id,user_id,billing_type_id,billing_id) VALUES ('1','56.46722476882398','2023-06-14 18:13:54.541','1','39','1','45');
INSERT INTO transaction (transaction_id,amount,transaction_date,transaction_status_id,user_id,billing_type_id,billing_id) VALUES ('2','182.88037394578564','2023-06-23 10:50:56.574','2','34','1','40');
INSERT INTO transaction (transaction_id,amount,transaction_date,transaction_status_id,user_id,billing_type_id,billing_id) VALUES ('3','95.80704093708651','2023-06-22 01:03:56.107','1','32','1','38');
INSERT INTO transaction (transaction_id,amount,transaction_date,transaction_status_id,user_id,billing_type_id,billing_id) VALUES ('4','99.02986885189483','2023-06-04 06:15:08.356','2','39','1','45');
INSERT INTO transaction (transaction_id,amount,transaction_date,transaction_status_id,user_id,billing_type_id,billing_id) VALUES ('5','105.03192612491061','2023-06-14 00:20:39.332','1','21','1','27');
INSERT INTO transaction (transaction_id,amount,transaction_date,transaction_status_id,user_id,billing_type_id,billing_id) VALUES ('6','89.43900870123848','2023-06-21 23:24:59.476','1','20','2','26');
INSERT INTO transaction (transaction_id,amount,transaction_date,transaction_status_id,user_id,billing_type_id,billing_id) VALUES ('7','13.418442164534568','2023-05-30 19:58:31.482','1','21','1','27');
INSERT INTO transaction (transaction_id,amount,transaction_date,transaction_status_id,user_id,billing_type_id,billing_id) VALUES ('8','90.8377552916071','2023-07-05 17:32:07.524','2','16','2','18');
INSERT INTO transaction (transaction_id,amount,transaction_date,transaction_status_id,user_id,billing_type_id,billing_id) VALUES ('9','37.0397276562622','2023-06-15 06:14:42.428','2','30','1','36');
INSERT INTO transaction (transaction_id,amount,transaction_date,transaction_status_id,user_id,billing_type_id,billing_id) VALUES ('10','106.86163194647287','2023-07-06 23:49:02.645','2','27','1','33');
INSERT INTO transaction (transaction_id,amount,transaction_date,transaction_status_id,user_id,billing_type_id,billing_id) VALUES ('11','94.1658295401454','2023-06-16 12:05:40.207','1','21','1','27');
INSERT INTO transaction (transaction_id,amount,transaction_date,transaction_status_id,user_id,billing_type_id,billing_id) VALUES ('12','63.410181457254055','2023-06-09 17:39:03.139','1','39','1','45');
INSERT INTO transaction (transaction_id,amount,transaction_date,transaction_status_id,user_id,billing_type_id,billing_id) VALUES ('13','197.4313405364539','2023-07-08 21:28:00.531','2','38','1','44');
INSERT INTO transaction (transaction_id,amount,transaction_date,transaction_status_id,user_id,billing_type_id,billing_id) VALUES ('14','114.03471413110687','2023-06-07 16:43:15.027','2','30','1','36');
INSERT INTO transaction (transaction_id,amount,transaction_date,transaction_status_id,user_id,billing_type_id,billing_id) VALUES ('15','195.0778484941582','2023-06-20 21:53:26.586','1','19','2','24');
INSERT INTO transaction (transaction_id,amount,transaction_date,transaction_status_id,user_id,billing_type_id,billing_id) VALUES ('16','29.604882882845544','2023-06-07 06:15:11.646','1','38','1','44');
INSERT INTO transaction (transaction_id,amount,transaction_date,transaction_status_id,user_id,billing_type_id,billing_id) VALUES ('17','99.2065507977855','2023-06-18 10:38:04.084','2','17','2','20');
INSERT INTO transaction (transaction_id,amount,transaction_date,transaction_status_id,user_id,billing_type_id,billing_id) VALUES ('18','133.11104825911525','2023-05-31 12:48:18.846','2','21','1','27');
INSERT INTO transaction (transaction_id,amount,transaction_date,transaction_status_id,user_id,billing_type_id,billing_id) VALUES ('19','181.0657092932998','2023-07-04 01:46:11.292','2','39','1','45');
INSERT INTO transaction (transaction_id,amount,transaction_date,transaction_status_id,user_id,billing_type_id,billing_id) VALUES ('20','189.08785484112659','2023-06-14 23:53:42.042','2','29','1','35');
INSERT INTO transaction (transaction_id,amount,transaction_date,transaction_status_id,user_id,billing_type_id,billing_id) VALUES ('21','108.57365798697458','2023-06-20 16:00:51.02','2','39','1','45');
INSERT INTO transaction (transaction_id,amount,transaction_date,transaction_status_id,user_id,billing_type_id,billing_id) VALUES ('22','196.477190041858','2023-06-20 15:49:57.158','2','19','2','24');
INSERT INTO transaction (transaction_id,amount,transaction_date,transaction_status_id,user_id,billing_type_id,billing_id) VALUES ('23','62.63737825896406','2023-07-06 14:48:52.192','1','19','2','24');
INSERT INTO transaction (transaction_id,amount,transaction_date,transaction_status_id,user_id,billing_type_id,billing_id) VALUES ('24','144.4139588458425','2023-05-26 12:31:42.508','1','26','1','32');
INSERT INTO transaction (transaction_id,amount,transaction_date,transaction_status_id,user_id,billing_type_id,billing_id) VALUES ('25','110.14728295697218','2023-07-01 10:49:57.77','2','40','1','46');
INSERT INTO transaction (transaction_id,amount,transaction_date,transaction_status_id,user_id,billing_type_id,billing_id) VALUES ('26','45.15316814504692','2023-06-25 21:58:00.076','2','21','1','27');
INSERT INTO transaction (transaction_id,amount,transaction_date,transaction_status_id,user_id,billing_type_id,billing_id) VALUES ('27','183.61924640002118','2023-06-17 18:09:37.182','2','26','1','32');
INSERT INTO transaction (transaction_id,amount,transaction_date,transaction_status_id,user_id,billing_type_id,billing_id) VALUES ('28','66.28431726781845','2023-06-03 21:26:52.384','1','29','1','35');
INSERT INTO transaction (transaction_id,amount,transaction_date,transaction_status_id,user_id,billing_type_id,billing_id) VALUES ('29','39.46107121565896','2023-06-19 06:33:40.984','2','36','1','42');
INSERT INTO transaction (transaction_id,amount,transaction_date,transaction_status_id,user_id,billing_type_id,billing_id) VALUES ('30','185.37734351127241','2023-06-26 02:07:07.9','1','38','1','44');
INSERT INTO transaction (transaction_id,amount,transaction_date,transaction_status_id,user_id,billing_type_id,billing_id) VALUES ('31','46.89695996039321','2023-06-22 00:36:31.663','1','39','1','45');
INSERT INTO transaction (transaction_id,amount,transaction_date,transaction_status_id,user_id,billing_type_id,billing_id) VALUES ('32','90.01182342574228','2023-06-07 22:02:27.824','2','25','1','31');
INSERT INTO transaction (transaction_id,amount,transaction_date,transaction_status_id,user_id,billing_type_id,billing_id) VALUES ('33','155.80119636887426','2023-06-20 18:39:01.213','2','25','1','31');
INSERT INTO transaction (transaction_id,amount,transaction_date,transaction_status_id,user_id,billing_type_id,billing_id) VALUES ('34','102.3466120205007','2023-06-26 04:06:29.997','1','32','1','38');
INSERT INTO transaction (transaction_id,amount,transaction_date,transaction_status_id,user_id,billing_type_id,billing_id) VALUES ('35','112.6383475826825','2023-06-28 17:29:03.904','1','37','1','43');
INSERT INTO transaction (transaction_id,amount,transaction_date,transaction_status_id,user_id,billing_type_id,billing_id) VALUES ('36','92.22045299163695','2023-06-23 11:49:47.218','2','35','1','41');
INSERT INTO transaction (transaction_id,amount,transaction_date,transaction_status_id,user_id,billing_type_id,billing_id) VALUES ('37','169.65462511657793','2023-06-24 00:25:47.993','2','32','1','38');
INSERT INTO transaction (transaction_id,amount,transaction_date,transaction_status_id,user_id,billing_type_id,billing_id) VALUES ('38','174.9661374063166','2023-06-06 21:35:06.099','2','24','1','30');
INSERT INTO transaction (transaction_id,amount,transaction_date,transaction_status_id,user_id,billing_type_id,billing_id) VALUES ('39','43.8932357341872','2023-06-11 19:43:40.093','1','16','2','18');
INSERT INTO transaction (transaction_id,amount,transaction_date,transaction_status_id,user_id,billing_type_id,billing_id) VALUES ('40','45.23325631058735','2023-06-23 22:32:41.747','1','39','1','45');
INSERT INTO transaction (transaction_id,amount,transaction_date,transaction_status_id,user_id,billing_type_id,billing_id) VALUES ('41','142.56329605728746','2023-06-22 15:26:19.505','1','23','1','29');
INSERT INTO transaction (transaction_id,amount,transaction_date,transaction_status_id,user_id,billing_type_id,billing_id) VALUES ('42','31.507226126166888','2023-06-03 01:38:04.296','2','16','2','18');
