USE Project;

ALTER TABLE user AUTO_INCREMENT = 1;

INSERT INTO user (user_id,first_name,last_name,email_address,mobile,password) VALUES ('1','Eddy','Volkman','allegra.grant@outlook.com','(423) 260-0595','1e1fda9a69c24837a5ab579319c57810');
INSERT INTO user (user_id,first_name,last_name,email_address,mobile,password) VALUES ('2','Kami','White','lonnie.mayert@outlook.com','(772) 605-5359','1e1fda9a69c24837a5ab579319c57810');
INSERT INTO user (user_id,first_name,last_name,email_address,mobile,password) VALUES ('3','Kassie','Simonis','david.ruecker@outlook.com','(586) 737-9936','1e1fda9a69c24837a5ab579319c57810');
INSERT INTO user (user_id,first_name,last_name,email_address,mobile,password) VALUES ('4','Thomasena','Stokes','pat.haag@outlook.com','(302) 979-5384 x6176','1e1fda9a69c24837a5ab579319c57810');
INSERT INTO user (user_id,first_name,last_name,email_address,mobile,password) VALUES ('5','Marita','Collier','nikia.johnston@outlook.com','(215) 630-8478 x1496','1e1fda9a69c24837a5ab579319c57810');
INSERT INTO user (user_id,first_name,last_name,email_address,mobile,password) VALUES ('6','Lashawn','Spencer','rene.altenwerth@outlook.com','(201) 830-0660','1e1fda9a69c24837a5ab579319c57810');
INSERT INTO user (user_id,first_name,last_name,email_address,mobile,password) VALUES ('7','Jackie','McGlynn','lashaun.prohaska@outlook.com','(947) 276-5286','1e1fda9a69c24837a5ab579319c57810');
INSERT INTO user (user_id,first_name,last_name,email_address,mobile,password) VALUES ('8','Marinda','Romaguera','lasonya.connelly@outlook.com','(435) 484-9361 x9461','1e1fda9a69c24837a5ab579319c57810');
INSERT INTO user (user_id,first_name,last_name,email_address,mobile,password) VALUES ('9','Buffy','Borer','kelley.cassin@outlook.com','(408) 305-9895 x7641','1e1fda9a69c24837a5ab579319c57810');
INSERT INTO user (user_id,first_name,last_name,email_address,mobile,password) VALUES ('10','Maurice','Casper','amado.upton@outlook.com','(713) 320-9003 x0072','1e1fda9a69c24837a5ab579319c57810');
INSERT INTO user (user_id,first_name,last_name,email_address,mobile,password) VALUES ('11','Lee','Hahn','malcolm.sauer@outlook.com','(903) 616-9386 x8445','1e1fda9a69c24837a5ab579319c57810');
INSERT INTO user (user_id,first_name,last_name,email_address,mobile,password) VALUES ('12','Terrell','Hansen','devin.price@outlook.com','(530) 913-5961 x9366','1e1fda9a69c24837a5ab579319c57810');
INSERT INTO user (user_id,first_name,last_name,email_address,mobile,password) VALUES ('13','Elbert','Lind','jacinda.hackett@outlook.com','(918) 239-8911','1e1fda9a69c24837a5ab579319c57810');
INSERT INTO user (user_id,first_name,last_name,email_address,mobile,password) VALUES ('14','Takisha','Denesik','modesto.kuphal@outlook.com','(913) 804-8101','1e1fda9a69c24837a5ab579319c57810');
INSERT INTO user (user_id,first_name,last_name,email_address,mobile,password) VALUES ('15','Keenan','Boehm','karie.hirthe@outlook.com','(812) 806-6263','1e1fda9a69c24837a5ab579319c57810');
INSERT INTO user (user_id,first_name,last_name,email_address,mobile,password) VALUES ('16','Sterling','Schinner','nakesha.sawayn@outlook.com','(775) 252-5053','1e1fda9a69c24837a5ab579319c57810');
INSERT INTO user (user_id,first_name,last_name,email_address,mobile,password) VALUES ('17','Kelley','Wilderman','duane.bailey@outlook.com','(435) 213-4390','1e1fda9a69c24837a5ab579319c57810');
INSERT INTO user (user_id,first_name,last_name,email_address,mobile,password) VALUES ('18','Marquerite','Buckridge','rafaela.beer@outlook.com','(714) 937-9482','1e1fda9a69c24837a5ab579319c57810');
INSERT INTO user (user_id,first_name,last_name,email_address,mobile,password) VALUES ('19','Maynard','Stanton','clifford.mckenzie@outlook.com','(848) 601-3208 x0396','1e1fda9a69c24837a5ab579319c57810');
INSERT INTO user (user_id,first_name,last_name,email_address,mobile,password) VALUES ('20','Rich','Murphy','leora.kessler@outlook.com','(315) 351-5316','1e1fda9a69c24837a5ab579319c57810');
INSERT INTO user (user_id,first_name,last_name,email_address,mobile,password) VALUES ('21','Leta','Will','gwenda.nader@outlook.com','(949) 304-8618','1e1fda9a69c24837a5ab579319c57810');
INSERT INTO user (user_id,first_name,last_name,email_address,mobile,password) VALUES ('22','Amado','Nikolaus','dane.dach@outlook.com','(269) 919-6090','1e1fda9a69c24837a5ab579319c57810');
INSERT INTO user (user_id,first_name,last_name,email_address,mobile,password) VALUES ('23','Claudio','Gaylord','pedro.nikolaus@outlook.com','(208) 717-3086 x1341','1e1fda9a69c24837a5ab579319c57810');
INSERT INTO user (user_id,first_name,last_name,email_address,mobile,password) VALUES ('24','Alvaro','Heller','erica.bartoletti@outlook.com','(631) 501-7230 x3217','1e1fda9a69c24837a5ab579319c57810');
INSERT INTO user (user_id,first_name,last_name,email_address,mobile,password) VALUES ('25','Christoper','MacGyver','callie.bosco@outlook.com','(770) 858-1094 x6929','1e1fda9a69c24837a5ab579319c57810');
INSERT INTO user (user_id,first_name,last_name,email_address,mobile,password) VALUES ('26','Guillermo','Mann','noelia.ortiz@outlook.com','(714) 557-5181','1e1fda9a69c24837a5ab579319c57810');
INSERT INTO user (user_id,first_name,last_name,email_address,mobile,password) VALUES ('27','Lacy','Spinka','elnora.donnelly@outlook.com','(310) 903-1991','1e1fda9a69c24837a5ab579319c57810');
INSERT INTO user (user_id,first_name,last_name,email_address,mobile,password) VALUES ('28','Eliseo','Murazik','jenifer.konopelski@outlook.com','(234) 323-0702 x7532','1e1fda9a69c24837a5ab579319c57810');
INSERT INTO user (user_id,first_name,last_name,email_address,mobile,password) VALUES ('29','Kendall','Bergstrom','yuriko.bechtelar@outlook.com','(862) 724-9568','1e1fda9a69c24837a5ab579319c57810');
INSERT INTO user (user_id,first_name,last_name,email_address,mobile,password) VALUES ('30','Darnell','Veum','denver.friesen@outlook.com','(303) 253-6733','1e1fda9a69c24837a5ab579319c57810');
INSERT INTO user (user_id,first_name,last_name,email_address,mobile,password) VALUES ('31','Victorina','Satterfield','agustin.russel@outlook.com','(218) 773-2715 x6292','1e1fda9a69c24837a5ab579319c57810');
INSERT INTO user (user_id,first_name,last_name,email_address,mobile,password) VALUES ('32','Stewart','Hirthe','dee.hermiston@outlook.com','(561) 618-6403','1e1fda9a69c24837a5ab579319c57810');
INSERT INTO user (user_id,first_name,last_name,email_address,mobile,password) VALUES ('33','Asa','Bahringer','vance.balistreri@outlook.com','(614) 660-3567 x0267','1e1fda9a69c24837a5ab579319c57810');
INSERT INTO user (user_id,first_name,last_name,email_address,mobile,password) VALUES ('34','Claris','Hermann','boris.walker@outlook.com','(215) 310-8143','1e1fda9a69c24837a5ab579319c57810');
INSERT INTO user (user_id,first_name,last_name,email_address,mobile,password) VALUES ('35','Van','Walsh','gayla.walsh@outlook.com','(231) 716-9155 x8831','1e1fda9a69c24837a5ab579319c57810');
INSERT INTO user (user_id,first_name,last_name,email_address,mobile,password) VALUES ('36','Cierra','Cartwright','alberto.cummerata@outlook.com','(434) 561-5804 x1461','1e1fda9a69c24837a5ab579319c57810');
INSERT INTO user (user_id,first_name,last_name,email_address,mobile,password) VALUES ('37','Mason','Quigley','merna.farrell@outlook.com','(954) 321-5119','1e1fda9a69c24837a5ab579319c57810');
INSERT INTO user (user_id,first_name,last_name,email_address,mobile,password) VALUES ('38','Efrain','Breitenberg','elna.koepp@outlook.com','(251) 435-1527 x6548','1e1fda9a69c24837a5ab579319c57810');
INSERT INTO user (user_id,first_name,last_name,email_address,mobile,password) VALUES ('39','Katrina','Greenholt','rickey.kassulke@outlook.com','(330) 520-8533','1e1fda9a69c24837a5ab579319c57810');
INSERT INTO user (user_id,first_name,last_name,email_address,mobile,password) VALUES ('40','Laine','Bahringer','gladis.wolff@outlook.com','(605) 706-9184','1e1fda9a69c24837a5ab579319c57810');

ALTER TABLE user_question AUTO_INCREMENT = 1;

INSERT INTO user_question (user_question_id,user_id,security_question_id,answer) VALUES ('1','1','4','Marshall Law');
INSERT INTO user_question (user_question_id,user_id,security_question_id,answer) VALUES ('2','1','5','Alex Blaine Layder');
INSERT INTO user_question (user_question_id,user_id,security_question_id,answer) VALUES ('3','1','1','Dee Liver');
INSERT INTO user_question (user_question_id,user_id,security_question_id,answer) VALUES ('5','2','2','Frank Furter');
INSERT INTO user_question (user_question_id,user_id,security_question_id,answer) VALUES ('6','2','3','Rhoda Booke');
INSERT INTO user_question (user_question_id,user_id,security_question_id,answer) VALUES ('7','2','4','Colette A. Day');
INSERT INTO user_question (user_question_id,user_id,security_question_id,answer) VALUES ('12','3','5','Maurice Minor');
INSERT INTO user_question (user_question_id,user_id,security_question_id,answer) VALUES ('13','3','5','Rod N. Reel');
INSERT INTO user_question (user_question_id,user_id,security_question_id,answer) VALUES ('14','3','1','Walter Melon');
INSERT INTO user_question (user_question_id,user_id,security_question_id,answer) VALUES ('16','4','3','Eaton Wright');
INSERT INTO user_question (user_question_id,user_id,security_question_id,answer) VALUES ('17','4','1','Sonny Day');
INSERT INTO user_question (user_question_id,user_id,security_question_id,answer) VALUES ('18','4','4','Ilene North');
INSERT INTO user_question (user_question_id,user_id,security_question_id,answer) VALUES ('20','5','4','Cal Efornia');
INSERT INTO user_question (user_question_id,user_id,security_question_id,answer) VALUES ('21','5','3','Ed Jewcation');
INSERT INTO user_question (user_question_id,user_id,security_question_id,answer) VALUES ('22','5','2','Ricky T. Ladder');
INSERT INTO user_question (user_question_id,user_id,security_question_id,answer) VALUES ('27','6','3','Ima Lytle Teapot');
INSERT INTO user_question (user_question_id,user_id,security_question_id,answer) VALUES ('28','6','2','Miss Alanius');
INSERT INTO user_question (user_question_id,user_id,security_question_id,answer) VALUES ('29','6','5','Kareem OWeet');
INSERT INTO user_question (user_question_id,user_id,security_question_id,answer) VALUES ('32','7','1','Ben ODrill');
INSERT INTO user_question (user_question_id,user_id,security_question_id,answer) VALUES ('33','7','5','Mort Tallity');
INSERT INTO user_question (user_question_id,user_id,security_question_id,answer) VALUES ('34','7','1','Danielle Soloud');
INSERT INTO user_question (user_question_id,user_id,security_question_id,answer) VALUES ('39','8','3','Peg Legge');
INSERT INTO user_question (user_question_id,user_id,security_question_id,answer) VALUES ('40','8','3','Iona Ford');
INSERT INTO user_question (user_question_id,user_id,security_question_id,answer) VALUES ('41','8','5','Mel Function');
INSERT INTO user_question (user_question_id,user_id,security_question_id,answer) VALUES ('45','9','2','Joe Kerr');
INSERT INTO user_question (user_question_id,user_id,security_question_id,answer) VALUES ('46','9','5','Olive Green');
INSERT INTO user_question (user_question_id,user_id,security_question_id,answer) VALUES ('47','9','5','Liv Good');
INSERT INTO user_question (user_question_id,user_id,security_question_id,answer) VALUES ('51','10','1','Daisy Chain');
INSERT INTO user_question (user_question_id,user_id,security_question_id,answer) VALUES ('52','10','3','Hayden Seek');
INSERT INTO user_question (user_question_id,user_id,security_question_id,answer) VALUES ('53','10','2','Diane Toluvia');
INSERT INTO user_question (user_question_id,user_id,security_question_id,answer) VALUES ('55','11','3','Ilene North');
INSERT INTO user_question (user_question_id,user_id,security_question_id,answer) VALUES ('56','11','4','Robin Andis Merryman');
INSERT INTO user_question (user_question_id,user_id,security_question_id,answer) VALUES ('57','11','2','Kenny Dewitt');
INSERT INTO user_question (user_question_id,user_id,security_question_id,answer) VALUES ('59','12','2','Bill Dollar');
INSERT INTO user_question (user_question_id,user_id,security_question_id,answer) VALUES ('60','12','4','Ed Venture');
INSERT INTO user_question (user_question_id,user_id,security_question_id,answer) VALUES ('61','12','3','Doris Open');
INSERT INTO user_question (user_question_id,user_id,security_question_id,answer) VALUES ('65','13','2','Jay Bird');
INSERT INTO user_question (user_question_id,user_id,security_question_id,answer) VALUES ('66','13','5','Melba Crisp');
INSERT INTO user_question (user_question_id,user_id,security_question_id,answer) VALUES ('67','13','5','Warren Piece');
INSERT INTO user_question (user_question_id,user_id,security_question_id,answer) VALUES ('70','14','3','Chris P. Bacon');
INSERT INTO user_question (user_question_id,user_id,security_question_id,answer) VALUES ('71','14','4','Rusty Irons');
INSERT INTO user_question (user_question_id,user_id,security_question_id,answer) VALUES ('72','14','5','Duane Pipe');
INSERT INTO user_question (user_question_id,user_id,security_question_id,answer) VALUES ('74','15','4','Winnie Bago');
INSERT INTO user_question (user_question_id,user_id,security_question_id,answer) VALUES ('75','15','1','Dee Liver');
INSERT INTO user_question (user_question_id,user_id,security_question_id,answer) VALUES ('76','15','5','Dale E. Bread');
INSERT INTO user_question (user_question_id,user_id,security_question_id,answer) VALUES ('81','16','5','Ray Zenz');
INSERT INTO user_question (user_question_id,user_id,security_question_id,answer) VALUES ('82','16','5','Rick Kleiner');
INSERT INTO user_question (user_question_id,user_id,security_question_id,answer) VALUES ('83','16','4','Annie Buddyhome');
INSERT INTO user_question (user_question_id,user_id,security_question_id,answer) VALUES ('85','17','4','Megan Bacon');
INSERT INTO user_question (user_question_id,user_id,security_question_id,answer) VALUES ('86','17','2','Michael Otto Nuys');
INSERT INTO user_question (user_question_id,user_id,security_question_id,answer) VALUES ('87','17','4','Jan U. Wharry');
INSERT INTO user_question (user_question_id,user_id,security_question_id,answer) VALUES ('89','18','4','Buck Ng');
INSERT INTO user_question (user_question_id,user_id,security_question_id,answer) VALUES ('90','18','5','Alec Tricity');
INSERT INTO user_question (user_question_id,user_id,security_question_id,answer) VALUES ('91','18','5','Molly Kuehl');
INSERT INTO user_question (user_question_id,user_id,security_question_id,answer) VALUES ('96','19','5','Eddie Bull');
INSERT INTO user_question (user_question_id,user_id,security_question_id,answer) VALUES ('97','19','5','Des Buratto');
INSERT INTO user_question (user_question_id,user_id,security_question_id,answer) VALUES ('98','19','3','Jack Pott');
INSERT INTO user_question (user_question_id,user_id,security_question_id,answer) VALUES ('103','20','5','Oliver Sutton');
INSERT INTO user_question (user_question_id,user_id,security_question_id,answer) VALUES ('104','20','1','Brighton Early');
INSERT INTO user_question (user_question_id,user_id,security_question_id,answer) VALUES ('105','20','3','Ilene North');
INSERT INTO user_question (user_question_id,user_id,security_question_id,answer) VALUES ('108','21','1','Sawyer B. Hind');
INSERT INTO user_question (user_question_id,user_id,security_question_id,answer) VALUES ('109','21','5','Doris Schutt');
INSERT INTO user_question (user_question_id,user_id,security_question_id,answer) VALUES ('110','21','4','Bill Ng');
INSERT INTO user_question (user_question_id,user_id,security_question_id,answer) VALUES ('111','22','3','Val Crow');
INSERT INTO user_question (user_question_id,user_id,security_question_id,answer) VALUES ('112','22','4','Rory Storm');
INSERT INTO user_question (user_question_id,user_id,security_question_id,answer) VALUES ('113','22','5','Mandy Lifeboats');
INSERT INTO user_question (user_question_id,user_id,security_question_id,answer) VALUES ('114','23','4','Ginger Vitis');
INSERT INTO user_question (user_question_id,user_id,security_question_id,answer) VALUES ('115','23','2','Jaqueline Hyde');
INSERT INTO user_question (user_question_id,user_id,security_question_id,answer) VALUES ('116','23','2','Mort Tallity');
INSERT INTO user_question (user_question_id,user_id,security_question_id,answer) VALUES ('117','24','5','Biff Wellington');
INSERT INTO user_question (user_question_id,user_id,security_question_id,answer) VALUES ('118','24','3','Amanda B. Reckonwith');
INSERT INTO user_question (user_question_id,user_id,security_question_id,answer) VALUES ('119','24','2','Sam Manilla');
INSERT INTO user_question (user_question_id,user_id,security_question_id,answer) VALUES ('120','25','4','Haywood Jashootmee');
INSERT INTO user_question (user_question_id,user_id,security_question_id,answer) VALUES ('121','25','3','Jay Bird');
INSERT INTO user_question (user_question_id,user_id,security_question_id,answer) VALUES ('122','25','5','Brook Lynn Bridge');
INSERT INTO user_question (user_question_id,user_id,security_question_id,answer) VALUES ('123','26','4','Bowen Arrow');
INSERT INTO user_question (user_question_id,user_id,security_question_id,answer) VALUES ('124','26','2','Russell Sprout');
INSERT INTO user_question (user_question_id,user_id,security_question_id,answer) VALUES ('125','26','5','Olive Branch');
INSERT INTO user_question (user_question_id,user_id,security_question_id,answer) VALUES ('126','27','3','Nick OTeen');
INSERT INTO user_question (user_question_id,user_id,security_question_id,answer) VALUES ('127','27','3','Neve Adda');
INSERT INTO user_question (user_question_id,user_id,security_question_id,answer) VALUES ('128','27','2','Mel Function');
INSERT INTO user_question (user_question_id,user_id,security_question_id,answer) VALUES ('129','28','2','Cheri Pitts');
INSERT INTO user_question (user_question_id,user_id,security_question_id,answer) VALUES ('130','28','3','Faye Tallity');
INSERT INTO user_question (user_question_id,user_id,security_question_id,answer) VALUES ('131','28','4','Owen Big');
INSERT INTO user_question (user_question_id,user_id,security_question_id,answer) VALUES ('132','29','4','Kerry Oki');
INSERT INTO user_question (user_question_id,user_id,security_question_id,answer) VALUES ('133','29','1','Skip Dover');
INSERT INTO user_question (user_question_id,user_id,security_question_id,answer) VALUES ('134','29','2','Hal E. Luya');
INSERT INTO user_question (user_question_id,user_id,security_question_id,answer) VALUES ('135','30','4','Helena Hanbaskett');
INSERT INTO user_question (user_question_id,user_id,security_question_id,answer) VALUES ('136','30','3','Xavier Money');
INSERT INTO user_question (user_question_id,user_id,security_question_id,answer) VALUES ('137','30','4','Jaqueline Hyde');
INSERT INTO user_question (user_question_id,user_id,security_question_id,answer) VALUES ('138','31','3','Pete Moss');
INSERT INTO user_question (user_question_id,user_id,security_question_id,answer) VALUES ('139','31','3','Gus Tofwin');
INSERT INTO user_question (user_question_id,user_id,security_question_id,answer) VALUES ('140','31','2','Cole Kutz');
INSERT INTO user_question (user_question_id,user_id,security_question_id,answer) VALUES ('141','32','2','Luke Warm');
INSERT INTO user_question (user_question_id,user_id,security_question_id,answer) VALUES ('142','32','3','May K. Fist');
INSERT INTO user_question (user_question_id,user_id,security_question_id,answer) VALUES ('143','32','5','Jim Shorts');
INSERT INTO user_question (user_question_id,user_id,security_question_id,answer) VALUES ('144','33','4','Theresa Green');
INSERT INTO user_question (user_question_id,user_id,security_question_id,answer) VALUES ('145','33','5','Evan Keel');
INSERT INTO user_question (user_question_id,user_id,security_question_id,answer) VALUES ('146','33','4','Estelle Hertz');
INSERT INTO user_question (user_question_id,user_id,security_question_id,answer) VALUES ('147','34','1','Juan Fortharoad');
INSERT INTO user_question (user_question_id,user_id,security_question_id,answer) VALUES ('148','34','1','Bea Lowe');
INSERT INTO user_question (user_question_id,user_id,security_question_id,answer) VALUES ('149','34','4','Armand Hammer');
INSERT INTO user_question (user_question_id,user_id,security_question_id,answer) VALUES ('150','35','3','Warren Piece');
INSERT INTO user_question (user_question_id,user_id,security_question_id,answer) VALUES ('151','35','4','Ken Dahl');
INSERT INTO user_question (user_question_id,user_id,security_question_id,answer) VALUES ('152','35','5','Rita Booke');
INSERT INTO user_question (user_question_id,user_id,security_question_id,answer) VALUES ('153','36','4','Dennis Toffice');
INSERT INTO user_question (user_question_id,user_id,security_question_id,answer) VALUES ('154','36','3','Hope Ferterbest');
INSERT INTO user_question (user_question_id,user_id,security_question_id,answer) VALUES ('155','36','4','Melanie Letters');
INSERT INTO user_question (user_question_id,user_id,security_question_id,answer) VALUES ('156','37','2','Aaron Thetires');
INSERT INTO user_question (user_question_id,user_id,security_question_id,answer) VALUES ('157','37','2','Rich Guy');
INSERT INTO user_question (user_question_id,user_id,security_question_id,answer) VALUES ('158','37','4','Douglas Furr');
INSERT INTO user_question (user_question_id,user_id,security_question_id,answer) VALUES ('159','38','3','Myles Long');
INSERT INTO user_question (user_question_id,user_id,security_question_id,answer) VALUES ('160','38','5','Shirley U. Jest');
INSERT INTO user_question (user_question_id,user_id,security_question_id,answer) VALUES ('161','38','2','Helen Highwater');
INSERT INTO user_question (user_question_id,user_id,security_question_id,answer) VALUES ('162','39','5','Ivan Oder');
INSERT INTO user_question (user_question_id,user_id,security_question_id,answer) VALUES ('163','39','4','Lina Ginster');
INSERT INTO user_question (user_question_id,user_id,security_question_id,answer) VALUES ('164','39','2','Carl Arm');
INSERT INTO user_question (user_question_id,user_id,security_question_id,answer) VALUES ('165','40','4','Bea Sting');
INSERT INTO user_question (user_question_id,user_id,security_question_id,answer) VALUES ('166','40','4','Kandi Apple');
INSERT INTO user_question (user_question_id,user_id,security_question_id,answer) VALUES ('167','40','4','Estelle Hertz');

ALTER TABLE authorisation AUTO_INCREMENT = 1;

INSERT INTO authorisation (authorisation_id,user_id,refresh_token,number_of_uses,invalidated) VALUES ('1','1','674399cc-3b05-46b3-afda-70b9fc1c12d4','5','Y');
INSERT INTO authorisation (authorisation_id,user_id,refresh_token,number_of_uses,invalidated) VALUES ('2','1','00ba89e0-d98f-45f7-b26c-c42bb28ce798','5','N');
INSERT INTO authorisation (authorisation_id,user_id,refresh_token,number_of_uses,invalidated) VALUES ('3','2','fba6b173-39e0-42f9-8185-3750285d4f15','4','N');
INSERT INTO authorisation (authorisation_id,user_id,refresh_token,number_of_uses,invalidated) VALUES ('4','3','14eeae0f-d319-4699-adc3-745b63affe9e','2','Y');
INSERT INTO authorisation (authorisation_id,user_id,refresh_token,number_of_uses,invalidated) VALUES ('5','3','8d7c231e-9f09-4a00-a6f9-a7c2d2e21bdf','2','Y');
INSERT INTO authorisation (authorisation_id,user_id,refresh_token,number_of_uses,invalidated) VALUES ('6','3','96c34f94-fb8d-4144-aa89-1b0fb39749e1','0','Y');
INSERT INTO authorisation (authorisation_id,user_id,refresh_token,number_of_uses,invalidated) VALUES ('7','4','ad0e8f4d-a812-4c7c-aaca-4145509bc31c','1','N');
INSERT INTO authorisation (authorisation_id,user_id,refresh_token,number_of_uses,invalidated) VALUES ('8','5','d5132de7-ae19-4318-af99-b17eef7b1e75','1','Y');
INSERT INTO authorisation (authorisation_id,user_id,refresh_token,number_of_uses,invalidated) VALUES ('9','5','cf0e62a0-8ed8-401c-a9a6-5b8dd0f17f82','2','Y');
INSERT INTO authorisation (authorisation_id,user_id,refresh_token,number_of_uses,invalidated) VALUES ('10','5','1b5742b6-167a-43f0-8743-cb1e26bfa044','4','Y');
INSERT INTO authorisation (authorisation_id,user_id,refresh_token,number_of_uses,invalidated) VALUES ('11','5','0e0e70b3-5bf2-4978-91a3-7f7d4686659e','1','N');
INSERT INTO authorisation (authorisation_id,user_id,refresh_token,number_of_uses,invalidated) VALUES ('12','6','05a48058-6484-4faf-a37c-0fec1f926b73','3','Y');
INSERT INTO authorisation (authorisation_id,user_id,refresh_token,number_of_uses,invalidated) VALUES ('13','6','75ad2cf4-48d7-4bcb-821e-40d24e6a94c6','0','Y');
INSERT INTO authorisation (authorisation_id,user_id,refresh_token,number_of_uses,invalidated) VALUES ('14','6','0b48ad40-d552-44a9-a9f4-0852d53bf0a5','2','N');
INSERT INTO authorisation (authorisation_id,user_id,refresh_token,number_of_uses,invalidated) VALUES ('15','7','c2da2df9-83fe-4c5d-ab52-558bf6e1ac5a','1','N');
INSERT INTO authorisation (authorisation_id,user_id,refresh_token,number_of_uses,invalidated) VALUES ('16','8','ce7b0ca2-15a3-4c56-8b3b-121d6615824c','1','N');
INSERT INTO authorisation (authorisation_id,user_id,refresh_token,number_of_uses,invalidated) VALUES ('17','9','4769895a-301d-4f26-9935-b3846a5db0d3','5','Y');
INSERT INTO authorisation (authorisation_id,user_id,refresh_token,number_of_uses,invalidated) VALUES ('18','9','64e978f8-5481-4ffd-9dd8-16bc773dfbb0','5','N');
INSERT INTO authorisation (authorisation_id,user_id,refresh_token,number_of_uses,invalidated) VALUES ('19','10','49d4907a-c11d-45c1-8dbe-0a56b02bc550','4','Y');
INSERT INTO authorisation (authorisation_id,user_id,refresh_token,number_of_uses,invalidated) VALUES ('20','10','b332a63d-cbd3-4fb1-841c-13f92fb3462c','3','N');
INSERT INTO authorisation (authorisation_id,user_id,refresh_token,number_of_uses,invalidated) VALUES ('21','11','bc0b14e1-a0c2-4743-8959-cff54a1269c3','5','N');
INSERT INTO authorisation (authorisation_id,user_id,refresh_token,number_of_uses,invalidated) VALUES ('22','12','2c37b05a-5611-4a71-914b-2b9c609cb2ce','4','Y');
INSERT INTO authorisation (authorisation_id,user_id,refresh_token,number_of_uses,invalidated) VALUES ('23','12','c4fab920-3a8f-45c4-aee9-507914bf85c2','2','Y');
INSERT INTO authorisation (authorisation_id,user_id,refresh_token,number_of_uses,invalidated) VALUES ('24','12','5af182bd-d15d-46b1-a279-b71de143faef','3','Y');
INSERT INTO authorisation (authorisation_id,user_id,refresh_token,number_of_uses,invalidated) VALUES ('25','12','f3cddb97-21f4-48b1-9625-0bf8add03968','0','Y');
INSERT INTO authorisation (authorisation_id,user_id,refresh_token,number_of_uses,invalidated) VALUES ('26','13','2ecc2a9c-7045-41a5-93fb-b944b44f4c06','5','N');
INSERT INTO authorisation (authorisation_id,user_id,refresh_token,number_of_uses,invalidated) VALUES ('27','14','83b96fc4-8bca-4eb2-94c2-8ba82b28b2fd','5','N');
INSERT INTO authorisation (authorisation_id,user_id,refresh_token,number_of_uses,invalidated) VALUES ('28','15','a07913f5-5b3c-49dc-a5f0-8e6ed0491b93','5','Y');
INSERT INTO authorisation (authorisation_id,user_id,refresh_token,number_of_uses,invalidated) VALUES ('29','15','c048e6c6-5317-4a10-bcd8-9f1ec8b6cabc','1','Y');
INSERT INTO authorisation (authorisation_id,user_id,refresh_token,number_of_uses,invalidated) VALUES ('30','15','68302dd5-3e4c-437c-a66b-85b4be361f1b','4','N');
INSERT INTO authorisation (authorisation_id,user_id,refresh_token,number_of_uses,invalidated) VALUES ('31','16','30d7a8e0-6e0a-45b8-8d5b-856a64f097b3','2','N');
INSERT INTO authorisation (authorisation_id,user_id,refresh_token,number_of_uses,invalidated) VALUES ('32','17','ba555ee2-3379-46cd-bce5-f6269bad6081','2','Y');
INSERT INTO authorisation (authorisation_id,user_id,refresh_token,number_of_uses,invalidated) VALUES ('33','17','fe030872-aa6f-4832-bf89-0fac8fe98bf1','2','Y');
INSERT INTO authorisation (authorisation_id,user_id,refresh_token,number_of_uses,invalidated) VALUES ('34','17','2f370fc2-abb6-4365-a090-203c2204ae03','3','N');
INSERT INTO authorisation (authorisation_id,user_id,refresh_token,number_of_uses,invalidated) VALUES ('35','18','dd6f764f-2f23-4c16-91e6-7784fbebee9d','3','N');
INSERT INTO authorisation (authorisation_id,user_id,refresh_token,number_of_uses,invalidated) VALUES ('36','19','59132032-7c42-4daf-86e4-1c773e53e8ae','2','N');
INSERT INTO authorisation (authorisation_id,user_id,refresh_token,number_of_uses,invalidated) VALUES ('37','20','1b4c0fce-163a-4963-9252-6881a59cf992','0','Y');
INSERT INTO authorisation (authorisation_id,user_id,refresh_token,number_of_uses,invalidated) VALUES ('38','21','b5f162e0-655e-4706-83ba-6987c4ecbc8a','0','Y');
INSERT INTO authorisation (authorisation_id,user_id,refresh_token,number_of_uses,invalidated) VALUES ('39','21','c8a697de-513a-475a-9963-e6d99e27d8ca','3','N');
INSERT INTO authorisation (authorisation_id,user_id,refresh_token,number_of_uses,invalidated) VALUES ('40','22','4939bf76-fe31-42ff-88a8-9345e8e7d9eb','2','N');
INSERT INTO authorisation (authorisation_id,user_id,refresh_token,number_of_uses,invalidated) VALUES ('41','23','f0f01381-4013-4e39-8c09-833a4116d74d','3','Y');
INSERT INTO authorisation (authorisation_id,user_id,refresh_token,number_of_uses,invalidated) VALUES ('42','23','7ebd1c28-0d93-4ae4-9595-03ba6d986b20','5','N');
INSERT INTO authorisation (authorisation_id,user_id,refresh_token,number_of_uses,invalidated) VALUES ('43','24','b703292c-557e-4bcf-b7f5-0aebd3e94f2b','3','Y');
INSERT INTO authorisation (authorisation_id,user_id,refresh_token,number_of_uses,invalidated) VALUES ('44','24','8dfe8151-a82c-4a90-97d6-654cfe97daf6','4','N');
INSERT INTO authorisation (authorisation_id,user_id,refresh_token,number_of_uses,invalidated) VALUES ('45','25','43e5f4ca-b81e-4644-9742-758cb45afb90','1','Y');
INSERT INTO authorisation (authorisation_id,user_id,refresh_token,number_of_uses,invalidated) VALUES ('46','25','0434b5fa-2855-400b-b275-ed04b7784307','4','Y');
INSERT INTO authorisation (authorisation_id,user_id,refresh_token,number_of_uses,invalidated) VALUES ('47','25','78cb947c-7f65-41bb-bdd6-ae26fb233bcb','3','N');
INSERT INTO authorisation (authorisation_id,user_id,refresh_token,number_of_uses,invalidated) VALUES ('48','26','ea99e6c8-fedd-4e9d-8ceb-143b6ce41e51','5','Y');
INSERT INTO authorisation (authorisation_id,user_id,refresh_token,number_of_uses,invalidated) VALUES ('49','26','4113446e-c5a2-4df7-b15f-0e82915eecd4','4','Y');
INSERT INTO authorisation (authorisation_id,user_id,refresh_token,number_of_uses,invalidated) VALUES ('50','26','48ec1a4e-a0e4-4e21-8ee0-935a7b6128b8','2','Y');
INSERT INTO authorisation (authorisation_id,user_id,refresh_token,number_of_uses,invalidated) VALUES ('51','26','0c863eec-5cd3-4e80-9a4a-9b37cca76930','0','Y');
INSERT INTO authorisation (authorisation_id,user_id,refresh_token,number_of_uses,invalidated) VALUES ('52','27','4c3f743d-135c-4ae1-9b28-b3f8b621e851','2','Y');
INSERT INTO authorisation (authorisation_id,user_id,refresh_token,number_of_uses,invalidated) VALUES ('53','27','a7a214a4-5dbb-4d8f-9b40-c0c1f9e186c9','4','Y');
INSERT INTO authorisation (authorisation_id,user_id,refresh_token,number_of_uses,invalidated) VALUES ('54','27','aff5a2c2-7c76-4bc0-a033-b4625029f30f','3','Y');
INSERT INTO authorisation (authorisation_id,user_id,refresh_token,number_of_uses,invalidated) VALUES ('55','27','ec1d13d5-64b1-4185-a8a0-5a60c701528d','5','N');
INSERT INTO authorisation (authorisation_id,user_id,refresh_token,number_of_uses,invalidated) VALUES ('56','28','b8bfa0e2-f389-4b22-8798-c48511a57f60','2','Y');
INSERT INTO authorisation (authorisation_id,user_id,refresh_token,number_of_uses,invalidated) VALUES ('57','28','9853a3e4-c411-4e4a-9dd7-9e3786c11ed2','2','Y');
INSERT INTO authorisation (authorisation_id,user_id,refresh_token,number_of_uses,invalidated) VALUES ('58','28','1e160ffb-17bf-4228-9f03-19730d3e86ae','4','N');
INSERT INTO authorisation (authorisation_id,user_id,refresh_token,number_of_uses,invalidated) VALUES ('59','29','49970b0e-3262-4db9-ae67-9c9b631b04b2','0','Y');
INSERT INTO authorisation (authorisation_id,user_id,refresh_token,number_of_uses,invalidated) VALUES ('60','29','ddc347c3-a693-41c4-9f5f-da6920c8c391','5','Y');
INSERT INTO authorisation (authorisation_id,user_id,refresh_token,number_of_uses,invalidated) VALUES ('61','29','9e53b513-c1d3-48f6-a27d-4cf825808d5d','0','Y');
INSERT INTO authorisation (authorisation_id,user_id,refresh_token,number_of_uses,invalidated) VALUES ('62','30','d1946c82-ffc6-4f37-85fe-60b1a81e8e13','5','N');
INSERT INTO authorisation (authorisation_id,user_id,refresh_token,number_of_uses,invalidated) VALUES ('63','31','83dda615-11f0-4378-969a-0418b0d62a3d','0','Y');
INSERT INTO authorisation (authorisation_id,user_id,refresh_token,number_of_uses,invalidated) VALUES ('64','31','1a1992c6-5c65-42dd-aa8d-71b139acbfe0','2','Y');
INSERT INTO authorisation (authorisation_id,user_id,refresh_token,number_of_uses,invalidated) VALUES ('65','31','a09ea2fc-ecdb-4adb-a0a9-75c97c31074b','2','Y');
INSERT INTO authorisation (authorisation_id,user_id,refresh_token,number_of_uses,invalidated) VALUES ('66','31','13d7a26f-9ba1-47b2-97f2-6256c291a36d','1','N');
INSERT INTO authorisation (authorisation_id,user_id,refresh_token,number_of_uses,invalidated) VALUES ('67','32','71d5ddea-9324-4723-be81-4fb1d71b5ff6','5','Y');
INSERT INTO authorisation (authorisation_id,user_id,refresh_token,number_of_uses,invalidated) VALUES ('68','32','c8efddbb-91f4-4705-9e77-b69225c360f5','1','N');
INSERT INTO authorisation (authorisation_id,user_id,refresh_token,number_of_uses,invalidated) VALUES ('69','33','455bd71c-2c9c-42df-9783-1ee58683eed8','4','N');
INSERT INTO authorisation (authorisation_id,user_id,refresh_token,number_of_uses,invalidated) VALUES ('70','34','4bcfbaa3-61e5-41f9-b01d-079fcb906613','2','N');
INSERT INTO authorisation (authorisation_id,user_id,refresh_token,number_of_uses,invalidated) VALUES ('71','35','de8fd99d-29b7-4741-87b4-b55757f3162e','5','Y');
INSERT INTO authorisation (authorisation_id,user_id,refresh_token,number_of_uses,invalidated) VALUES ('72','35','86b5632f-2306-48ea-be72-05a457d9d4d7','3','N');
INSERT INTO authorisation (authorisation_id,user_id,refresh_token,number_of_uses,invalidated) VALUES ('73','36','36f4e67b-a4e7-4f13-a65e-72d1a6326810','4','Y');
INSERT INTO authorisation (authorisation_id,user_id,refresh_token,number_of_uses,invalidated) VALUES ('74','36','071b0b99-19c3-41e0-86d0-87b89a1402fe','0','Y');
INSERT INTO authorisation (authorisation_id,user_id,refresh_token,number_of_uses,invalidated) VALUES ('75','37','737582f2-b8b0-44a2-abef-4b3d3e1c58b5','0','Y');
INSERT INTO authorisation (authorisation_id,user_id,refresh_token,number_of_uses,invalidated) VALUES ('76','37','68bd2524-15a8-470e-a833-6e2b4890cce7','4','N');
INSERT INTO authorisation (authorisation_id,user_id,refresh_token,number_of_uses,invalidated) VALUES ('77','38','81c6512c-e959-44ba-a4a5-83572618e4d5','5','Y');
INSERT INTO authorisation (authorisation_id,user_id,refresh_token,number_of_uses,invalidated) VALUES ('78','38','9e935f5b-e854-49e3-8461-5f7ef748b8a3','4','N');
INSERT INTO authorisation (authorisation_id,user_id,refresh_token,number_of_uses,invalidated) VALUES ('79','39','1a1e1dbf-5367-4fea-a2c3-d58fc09c9626','3','Y');
INSERT INTO authorisation (authorisation_id,user_id,refresh_token,number_of_uses,invalidated) VALUES ('80','39','3fa43f17-6b6d-4a5a-aea7-c26c22b3a8b7','5','N');
INSERT INTO authorisation (authorisation_id,user_id,refresh_token,number_of_uses,invalidated) VALUES ('81','40','db316062-1052-441f-b52c-3251e8da9951','4','Y');
INSERT INTO authorisation (authorisation_id,user_id,refresh_token,number_of_uses,invalidated) VALUES ('82','40','5d0a8e6c-7ed3-49ad-8db3-ac28c716295a','0','Y');
INSERT INTO authorisation (authorisation_id,user_id,refresh_token,number_of_uses,invalidated) VALUES ('83','40','a38a8b94-1d50-4fd5-ac1a-18585af70d17','5','Y');
INSERT INTO authorisation (authorisation_id,user_id,refresh_token,number_of_uses,invalidated) VALUES ('84','40','ddd1bb6c-0f8f-4ae5-893a-17735c12a20e','4','N');

ALTER TABLE session AUTO_INCREMENT = 1;

INSERT INTO session (session_id,authorisation_id,expiry_date,access_token) VALUES ('1','1','2023-05-17T23:13:16.413325600','d63ea92b-a6a0-4e0b-8065-6436d483cc11');
INSERT INTO session (session_id,authorisation_id,expiry_date,access_token) VALUES ('2','2','2023-05-17T14:44:55.413325600','8f454895-2d8d-4b9e-8418-d42fadb137b3');
INSERT INTO session (session_id,authorisation_id,expiry_date,access_token) VALUES ('3','3','2023-05-17T23:14:06.415295500','90b8a3bc-b569-4d12-b9f8-363e244ff9b2');
INSERT INTO session (session_id,authorisation_id,expiry_date,access_token) VALUES ('4','3','2023-05-17T23:10:23.415295500','74a39691-e7fd-4322-94bc-38022631e6ec');
INSERT INTO session (session_id,authorisation_id,expiry_date,access_token) VALUES ('5','3','2023-05-17T23:09:28.415295500','38506f83-d71e-458f-9160-5582c11344d1');
INSERT INTO session (session_id,authorisation_id,expiry_date,access_token) VALUES ('6','3','2023-05-17T18:30:20.415295500','14b56fef-4afa-4982-ac52-2e64d17b7db9');
INSERT INTO session (session_id,authorisation_id,expiry_date,access_token) VALUES ('7','4','2023-05-17T23:10:02.416794800','cdfcc9bb-cfb2-4f59-bde9-002f3bee0238');
INSERT INTO session (session_id,authorisation_id,expiry_date,access_token) VALUES ('8','4','2023-05-17T23:13:27.416794800','67da3ae5-db25-475e-ba1b-c6310e3bb1f8');
INSERT INTO session (session_id,authorisation_id,expiry_date,access_token) VALUES ('9','4','2023-05-17T23:11:28.416794800','c65343ff-ae6f-49fb-8c78-c1ac123219c4');
INSERT INTO session (session_id,authorisation_id,expiry_date,access_token) VALUES ('10','4','2023-05-17T23:11:04.416794800','cbeb376c-0374-417f-9169-d1f4c74714a4');
INSERT INTO session (session_id,authorisation_id,expiry_date,access_token) VALUES ('11','5','2023-05-17T23:09:50.416794800','fdf621cd-a9e4-4d4c-b709-c8913221ba98');
INSERT INTO session (session_id,authorisation_id,expiry_date,access_token) VALUES ('12','5','2023-05-17T23:11:57.416794800','68a49b97-e9f8-4d27-a6d4-0180ed5b7cb1');
INSERT INTO session (session_id,authorisation_id,expiry_date,access_token) VALUES ('13','6','2023-05-17T23:13:43.417294600','6f873211-5732-4cc1-8aa2-3c0817960f2b');
INSERT INTO session (session_id,authorisation_id,expiry_date,access_token) VALUES ('14','6','2023-05-17T23:09:39.417294600','0d7e25fa-5791-4d8f-9010-8a4868fb5620');
INSERT INTO session (session_id,authorisation_id,expiry_date,access_token) VALUES ('15','6','2023-05-17T21:11:25.417294600','c62ea0db-8272-45d5-855b-29ca351bdaaf');
INSERT INTO session (session_id,authorisation_id,expiry_date,access_token) VALUES ('16','7','2023-05-17T23:10:02.418294700','dd5a7741-d1aa-41d0-9ad0-06a122cac812');
INSERT INTO session (session_id,authorisation_id,expiry_date,access_token) VALUES ('17','7','2023-05-17T23:10:52.418294700','b1d75a41-a973-4daf-93cd-640e3859adf8');
INSERT INTO session (session_id,authorisation_id,expiry_date,access_token) VALUES ('18','7','2023-05-17T15:03:00.418294700','626333b9-b162-4459-ab71-03cd52dabf19');
INSERT INTO session (session_id,authorisation_id,expiry_date,access_token) VALUES ('19','8','2023-05-17T23:12:34.419793900','ce601ecf-e22f-4703-a4eb-856d79cc4c8f');
INSERT INTO session (session_id,authorisation_id,expiry_date,access_token) VALUES ('20','8','2023-05-17T23:10:18.419793900','c6793628-7a0f-4543-be76-a33099c9d279');
INSERT INTO session (session_id,authorisation_id,expiry_date,access_token) VALUES ('21','8','2023-05-17T23:12:35.419793900','64c834b9-b833-45de-bf33-528e345414a4');
INSERT INTO session (session_id,authorisation_id,expiry_date,access_token) VALUES ('22','8','2023-05-17T23:11:25.419793900','114afb7b-f5fa-43e2-9d70-a7bd881ff4a0');
INSERT INTO session (session_id,authorisation_id,expiry_date,access_token) VALUES ('23','9','2023-05-17T23:13:13.420293700','45845ca6-a369-4c6b-9842-6f631d2c791e');
INSERT INTO session (session_id,authorisation_id,expiry_date,access_token) VALUES ('24','9','2023-05-17T23:10:02.420293700','ca4e00bb-14c9-4e40-8646-c88fed20c772');
INSERT INTO session (session_id,authorisation_id,expiry_date,access_token) VALUES ('25','9','2023-05-17T23:10:01.420293700','be6d0db8-06b7-49fb-bb82-1095674d23ac');
INSERT INTO session (session_id,authorisation_id,expiry_date,access_token) VALUES ('26','10','2023-05-17T23:12:54.420293700','5adf0f62-2aae-43f8-b5fe-d06cbe3e196c');
INSERT INTO session (session_id,authorisation_id,expiry_date,access_token) VALUES ('27','10','2023-05-17T23:12:44.420293700','9e2dd6ca-f649-406b-9298-f764d0b3c1c6');
INSERT INTO session (session_id,authorisation_id,expiry_date,access_token) VALUES ('28','10','2023-05-17T23:13:43.420293700','ea415192-a965-453d-b153-6cb749b4de6b');
INSERT INTO session (session_id,authorisation_id,expiry_date,access_token) VALUES ('29','11','2023-05-17T23:09:17.420796900','b101be63-c0b9-43d1-a252-1373508d5b68');
INSERT INTO session (session_id,authorisation_id,expiry_date,access_token) VALUES ('30','11','2023-05-17T23:13:51.420796900','8c822e6b-98b4-4e7c-a820-7ac338992124');
INSERT INTO session (session_id,authorisation_id,expiry_date,access_token) VALUES ('31','11','2023-05-17T17:07:01.420796900','6c6cb011-91d7-4e2f-933d-93bb2204b1a7');
INSERT INTO session (session_id,authorisation_id,expiry_date,access_token) VALUES ('32','12','2023-05-17T23:13:25.422794700','fa137f2c-5c8c-4a9d-bd61-55228776bdc5');
INSERT INTO session (session_id,authorisation_id,expiry_date,access_token) VALUES ('33','13','2023-05-17T23:14:03.422794700','8d50250d-0200-4d76-947b-37c43cab01b5');
INSERT INTO session (session_id,authorisation_id,expiry_date,access_token) VALUES ('34','14','2023-05-17T23:09:37.422794700','7a3646c1-2864-4777-91b5-8a74e2b48069');
INSERT INTO session (session_id,authorisation_id,expiry_date,access_token) VALUES ('35','14','2023-05-17T23:12:23.422794700','b50a7f09-0c09-42f2-a551-cbcc7d7e4820');
INSERT INTO session (session_id,authorisation_id,expiry_date,access_token) VALUES ('36','14','2023-05-17T23:12:00.423295400','156b3088-7825-4729-a1c7-a3fe73943cc9');
INSERT INTO session (session_id,authorisation_id,expiry_date,access_token) VALUES ('37','14','2023-05-17T20:12:01.423295400','068331c2-5b16-495b-baa4-e79afd1d8947');
INSERT INTO session (session_id,authorisation_id,expiry_date,access_token) VALUES ('38','15','2023-05-17T23:10:45.424794300','b340da43-a0bd-4a16-831e-9b78ac043a4c');
INSERT INTO session (session_id,authorisation_id,expiry_date,access_token) VALUES ('39','15','2023-05-17T23:13:04.424794300','495eef52-66c5-47d8-bf7b-39ac8105ef26');
INSERT INTO session (session_id,authorisation_id,expiry_date,access_token) VALUES ('40','15','2023-05-17T14:38:35.424794300','05bd00b4-241f-4cd6-8216-213fc2c8316c');
INSERT INTO session (session_id,authorisation_id,expiry_date,access_token) VALUES ('41','16','2023-05-17T23:12:57.426293700','d097de11-22ec-492b-a950-452f703e25db');
INSERT INTO session (session_id,authorisation_id,expiry_date,access_token) VALUES ('42','16','2023-05-17T18:13:38.426293700','5cb068d7-234d-4777-968f-d21da03a7ab4');
INSERT INTO session (session_id,authorisation_id,expiry_date,access_token) VALUES ('43','17','2023-05-17T23:13:16.427294800','3d8de0f0-85b2-478c-b877-b19ff7c78492');
INSERT INTO session (session_id,authorisation_id,expiry_date,access_token) VALUES ('44','17','2023-05-17T23:12:17.427294800','033fc5ad-c8f0-4d18-b1fe-d032218ac681');
INSERT INTO session (session_id,authorisation_id,expiry_date,access_token) VALUES ('45','18','2023-05-17T23:11:17.427294800','36b9d960-cf10-42a9-a207-fa20fa960395');
INSERT INTO session (session_id,authorisation_id,expiry_date,access_token) VALUES ('46','18','2023-05-17T23:13:27.427294800','1dc18687-3605-49b5-ac34-945b391edd45');
INSERT INTO session (session_id,authorisation_id,expiry_date,access_token) VALUES ('47','18','2023-05-17T23:10:17.427294800','fafa7dc5-a5e4-40ba-a4f9-75c208f572c9');
INSERT INTO session (session_id,authorisation_id,expiry_date,access_token) VALUES ('48','18','2023-05-17T20:30:28.427294800','a075152a-c174-4440-956b-7fea6616a35c');
INSERT INTO session (session_id,authorisation_id,expiry_date,access_token) VALUES ('49','19','2023-05-17T23:13:22.428295200','076becf3-505e-44e0-be7c-f95093154acf');
INSERT INTO session (session_id,authorisation_id,expiry_date,access_token) VALUES ('50','19','2023-05-17T23:11:54.428295200','03e82d88-052a-45e4-ab20-ec539ec2dfbb');
INSERT INTO session (session_id,authorisation_id,expiry_date,access_token) VALUES ('51','19','2023-05-17T23:13:19.428295200','1c0fd5d9-0f7d-441d-9e32-e77854d2acfd');
INSERT INTO session (session_id,authorisation_id,expiry_date,access_token) VALUES ('52','20','2023-05-17T21:16:30.428295200','2f131f1d-02cf-41c6-b864-9c8300f99163');
INSERT INTO session (session_id,authorisation_id,expiry_date,access_token) VALUES ('53','21','2023-05-17T15:06:35.429293700','ec493816-d405-40de-955e-39b97a4aa229');
INSERT INTO session (session_id,authorisation_id,expiry_date,access_token) VALUES ('54','22','2023-05-17T23:12:51.430295100','05a63a1c-6c3b-4fd5-aaa2-e01f186746f7');
INSERT INTO session (session_id,authorisation_id,expiry_date,access_token) VALUES ('55','22','2023-05-17T23:12:20.430295100','c1d82bca-1dbd-4046-a4c3-3ec242530b72');
INSERT INTO session (session_id,authorisation_id,expiry_date,access_token) VALUES ('56','23','2023-05-17T23:13:52.430295100','d46f32b4-0b55-45e1-926e-583f9be082c8');
INSERT INTO session (session_id,authorisation_id,expiry_date,access_token) VALUES ('57','23','2023-05-17T23:09:22.430295100','62c4ef1b-81c3-45e5-9d31-839d1953f9c9');
INSERT INTO session (session_id,authorisation_id,expiry_date,access_token) VALUES ('58','24','2023-05-17T23:09:46.430295100','da1388f0-08e1-4e32-b4f8-1473072d94ad');
INSERT INTO session (session_id,authorisation_id,expiry_date,access_token) VALUES ('59','25','2023-05-17T23:13:46.430295100','33c872ed-675e-47a6-a319-d733c57c0bc6');
INSERT INTO session (session_id,authorisation_id,expiry_date,access_token) VALUES ('60','25','2023-05-17T19:40:07.430295100','97edcf6e-9c82-4b77-86c4-27ab0c834363');
INSERT INTO session (session_id,authorisation_id,expiry_date,access_token) VALUES ('61','26','2023-05-17T23:12:40.431795800','4d1dffbe-0634-49f5-bf37-fe93493427e7');
INSERT INTO session (session_id,authorisation_id,expiry_date,access_token) VALUES ('62','26','2023-05-17T23:13:31.431795800','d2f7ec6f-2b2b-4bab-889f-5059357c71f1');
INSERT INTO session (session_id,authorisation_id,expiry_date,access_token) VALUES ('63','26','2023-05-17T20:45:39.431795800','28b7fd0f-342d-4c69-9074-1ea041f8f5b6');
INSERT INTO session (session_id,authorisation_id,expiry_date,access_token) VALUES ('64','27','2023-05-17T23:10:30.432793500','3016d9be-d5c0-4e70-b139-5ad59e4015da');
INSERT INTO session (session_id,authorisation_id,expiry_date,access_token) VALUES ('65','27','2023-05-17T15:43:57.432793500','a64a3885-2c97-4bfc-b4c7-34d6654ea2fb');
INSERT INTO session (session_id,authorisation_id,expiry_date,access_token) VALUES ('66','28','2023-05-17T23:10:51.436294500','9831fdda-89ec-448c-b60b-292277b06cd5');
INSERT INTO session (session_id,authorisation_id,expiry_date,access_token) VALUES ('67','28','2023-05-17T23:09:36.436294500','bf3c1c8f-f3d8-4436-82f4-acea9db69db1');
INSERT INTO session (session_id,authorisation_id,expiry_date,access_token) VALUES ('68','29','2023-05-17T23:09:25.436294500','061ed047-a904-4346-ad26-f1fc040f279e');
INSERT INTO session (session_id,authorisation_id,expiry_date,access_token) VALUES ('69','30','2023-05-17T19:24:35.436294500','f9e5d26d-5c3b-4fd2-b3c6-dd4ad7b8aae6');
INSERT INTO session (session_id,authorisation_id,expiry_date,access_token) VALUES ('70','31','2023-05-17T23:09:29.439294700','e15c5028-2aba-4b8d-bbc8-a2aea5c85c07');
INSERT INTO session (session_id,authorisation_id,expiry_date,access_token) VALUES ('71','31','2023-05-17T22:10:52.439294700','0874f194-4986-47e2-977f-f43c59ddd88a');
INSERT INTO session (session_id,authorisation_id,expiry_date,access_token) VALUES ('72','32','2023-05-17T23:13:19.439794400','d9e80905-a8ce-4b43-8d78-da2d7bd6cf70');
INSERT INTO session (session_id,authorisation_id,expiry_date,access_token) VALUES ('73','32','2023-05-17T23:09:43.440295400','25b49aac-b466-41a4-8de8-07a5c7879160');
INSERT INTO session (session_id,authorisation_id,expiry_date,access_token) VALUES ('74','33','2023-05-17T23:13:42.440295400','a8990641-e57d-480d-8e26-4a720ba66d73');
INSERT INTO session (session_id,authorisation_id,expiry_date,access_token) VALUES ('75','34','2023-05-17T23:10:12.440295400','86300bc5-1765-4c33-bd16-97320bea21c5');
INSERT INTO session (session_id,authorisation_id,expiry_date,access_token) VALUES ('76','34','2023-05-17T23:10:06.440295400','891bc8c5-796e-4520-91ea-072a96a12581');
INSERT INTO session (session_id,authorisation_id,expiry_date,access_token) VALUES ('77','34','2023-05-17T15:20:21.440295400','0cf14f00-bc72-42c5-a533-4f9df3ded1ee');
INSERT INTO session (session_id,authorisation_id,expiry_date,access_token) VALUES ('78','35','2023-05-17T23:13:15.440794700','f4cf5f42-67d5-48f4-9aa1-e3331628de51');
INSERT INTO session (session_id,authorisation_id,expiry_date,access_token) VALUES ('79','35','2023-05-17T23:09:24.440794700','26f7be2f-46ce-4d7c-852d-c8044cf58842');
INSERT INTO session (session_id,authorisation_id,expiry_date,access_token) VALUES ('80','35','2023-05-17T19:44:10.440794700','ec5f126f-1b0b-47d4-aea8-14363ea4fcd7');
INSERT INTO session (session_id,authorisation_id,expiry_date,access_token) VALUES ('81','36','2023-05-17T23:11:51.441793900','ddd13270-bdca-45a5-b76b-c063f4492829');
INSERT INTO session (session_id,authorisation_id,expiry_date,access_token) VALUES ('82','36','2023-05-17T13:48:10.441793900','990e16f5-7bde-4b68-bb53-236dd5d2c380');
INSERT INTO session (session_id,authorisation_id,expiry_date,access_token) VALUES ('83','37','2023-05-17T21:59:16.442794600','716e809e-80bd-4984-958b-337a7c76c51a');
INSERT INTO session (session_id,authorisation_id,expiry_date,access_token) VALUES ('84','38','2023-05-17T23:13:52.443294','26df3c7a-d31d-46de-8e1b-3712c9907f14');
INSERT INTO session (session_id,authorisation_id,expiry_date,access_token) VALUES ('85','38','2023-05-17T23:11:47.443294','016c92b5-bd06-49fc-abd0-1b9bbcc6465b');
INSERT INTO session (session_id,authorisation_id,expiry_date,access_token) VALUES ('86','38','2023-05-17T23:10:00.443294','c464def9-c2b3-4686-a212-edbcf511ef81');
INSERT INTO session (session_id,authorisation_id,expiry_date,access_token) VALUES ('87','38','2023-05-17T23:09:49.443294','3d68edda-13fc-4707-94e7-781d3197f028');
INSERT INTO session (session_id,authorisation_id,expiry_date,access_token) VALUES ('88','39','2023-05-17T23:10:24.443294','3cde439e-2e5e-4356-be22-290bf75efce2');
INSERT INTO session (session_id,authorisation_id,expiry_date,access_token) VALUES ('89','39','2023-05-17T23:12:59.443294','b2eb1f48-cf29-46c9-a547-aa1df768485a');
INSERT INTO session (session_id,authorisation_id,expiry_date,access_token) VALUES ('90','39','2023-05-17T23:11:03.443294','437ccd67-eb0f-4aa9-8b8b-4a040eeb1dc4');
INSERT INTO session (session_id,authorisation_id,expiry_date,access_token) VALUES ('91','39','2023-05-17T15:51:58.443294','836e2014-c911-4bd7-a1f3-bbf34d68efd6');
INSERT INTO session (session_id,authorisation_id,expiry_date,access_token) VALUES ('92','40','2023-05-17T23:13:14.444294500','3f3e376c-d758-44d7-bed8-26d6088060de');
INSERT INTO session (session_id,authorisation_id,expiry_date,access_token) VALUES ('93','40','2023-05-17T23:11:07.444294500','16c2e8d0-ab7e-4395-bffd-5819551edb94');
INSERT INTO session (session_id,authorisation_id,expiry_date,access_token) VALUES ('94','40','2023-05-17T23:10:29.444294500','c5697433-92d9-4ad6-aaf1-0a71136338ca');
INSERT INTO session (session_id,authorisation_id,expiry_date,access_token) VALUES ('95','40','2023-05-17T21:36:50.444294500','475f9d06-a9a8-437a-ac48-8245e53923e7');
INSERT INTO session (session_id,authorisation_id,expiry_date,access_token) VALUES ('96','41','2023-05-17T23:10:57.444794400','69dc92b0-7fca-4b91-9de4-56c383ee770e');
INSERT INTO session (session_id,authorisation_id,expiry_date,access_token) VALUES ('97','41','2023-05-17T23:10:36.444794400','49c9f4cd-83fe-4983-a495-67f4531f3b9a');
INSERT INTO session (session_id,authorisation_id,expiry_date,access_token) VALUES ('98','42','2023-05-17T17:27:07.444794400','2f198504-54ce-4912-ae7d-94bdc937b94f');
INSERT INTO session (session_id,authorisation_id,expiry_date,access_token) VALUES ('99','43','2023-05-17T23:11:12.445794100','19b1559c-1273-4ca6-822a-f3eafa42a48a');
INSERT INTO session (session_id,authorisation_id,expiry_date,access_token) VALUES ('100','43','2023-05-17T23:13:10.445794100','a0e57269-b49f-422d-96a9-6b696f9d2f44');
INSERT INTO session (session_id,authorisation_id,expiry_date,access_token) VALUES ('101','44','2023-05-17T16:50:04.445794100','0f982c93-9b02-42b3-818f-3ca0b4540c19');
INSERT INTO session (session_id,authorisation_id,expiry_date,access_token) VALUES ('102','45','2023-05-17T23:10:31.446293600','8d95e2fd-9ca8-4106-902c-2586cff2127d');
INSERT INTO session (session_id,authorisation_id,expiry_date,access_token) VALUES ('103','45','2023-05-17T23:11:46.446293600','a0d14a21-9c71-4001-b3d5-ca3702e0fe17');
INSERT INTO session (session_id,authorisation_id,expiry_date,access_token) VALUES ('104','45','2023-05-17T23:12:14.446293600','13afef5b-e795-4f25-8094-c1488c6acb7c');
INSERT INTO session (session_id,authorisation_id,expiry_date,access_token) VALUES ('105','46','2023-05-17T23:13:53.446293600','7faee545-e9e3-4d46-ad50-daf357941a94');
INSERT INTO session (session_id,authorisation_id,expiry_date,access_token) VALUES ('106','46','2023-05-17T23:13:07.446293600','be7fb805-d09d-4565-96cf-d07171c4bef6');
INSERT INTO session (session_id,authorisation_id,expiry_date,access_token) VALUES ('107','46','2023-05-17T23:12:58.446293600','e5192fbd-b71c-459b-9089-6dc72a5cabc5');
INSERT INTO session (session_id,authorisation_id,expiry_date,access_token) VALUES ('108','46','2023-05-17T23:10:27.446293600','7373a3cf-e0c2-4f88-bb07-931e58c8fcbd');
INSERT INTO session (session_id,authorisation_id,expiry_date,access_token) VALUES ('109','47','2023-05-17T23:13:38.446293600','0b0723ad-d465-4c20-896a-e43b10daf9c8');
INSERT INTO session (session_id,authorisation_id,expiry_date,access_token) VALUES ('110','47','2023-05-17T23:12:18.446293600','4c46afe6-9fee-413d-a998-2534b43fc414');
INSERT INTO session (session_id,authorisation_id,expiry_date,access_token) VALUES ('111','47','2023-05-17T23:14:01.446293600','49ad9ffb-d409-41c1-a258-36ff57d554e7');
INSERT INTO session (session_id,authorisation_id,expiry_date,access_token) VALUES ('112','47','2023-05-17T20:06:53.446293600','f0c921f7-a6db-4f32-ba8e-78ced47d6749');
INSERT INTO session (session_id,authorisation_id,expiry_date,access_token) VALUES ('113','48','2023-05-17T23:12:10.447296100','c02bc5c5-3aa5-46cd-8fab-400416533c46');
INSERT INTO session (session_id,authorisation_id,expiry_date,access_token) VALUES ('114','49','2023-05-17T23:10:46.447296100','263d5b02-4d15-4e8f-8f35-58b06b970388');
INSERT INTO session (session_id,authorisation_id,expiry_date,access_token) VALUES ('115','49','2023-05-17T23:09:47.447296100','ea205099-2378-417b-b456-a0ee20a1bf5d');
INSERT INTO session (session_id,authorisation_id,expiry_date,access_token) VALUES ('116','50','2023-05-17T23:12:48.447296100','a0c57d91-554d-4875-96c0-baa1fb30f042');
INSERT INTO session (session_id,authorisation_id,expiry_date,access_token) VALUES ('117','50','2023-05-17T23:13:53.447296100','26d27971-0415-49e4-840e-a496bfcc7709');
INSERT INTO session (session_id,authorisation_id,expiry_date,access_token) VALUES ('118','51','2023-05-17T23:11:12.447296100','4bfe031c-c031-4799-a58b-3cf11c2fab61');
INSERT INTO session (session_id,authorisation_id,expiry_date,access_token) VALUES ('119','51','2023-05-17T23:10:23.447296100','bab2a3c6-10db-458d-b9bd-2efa829ccdc7');
INSERT INTO session (session_id,authorisation_id,expiry_date,access_token) VALUES ('120','51','2023-05-17T23:09:58.447296100','3b78ca6d-7f8c-441f-906a-94ac78a8655a');
INSERT INTO session (session_id,authorisation_id,expiry_date,access_token) VALUES ('121','51','2023-05-17T20:51:46.447296100','a1b16c79-8bbb-4d27-aff0-a82d7ddd3beb');
INSERT INTO session (session_id,authorisation_id,expiry_date,access_token) VALUES ('122','52','2023-05-17T23:12:17.447796900','4eef9dbb-55a7-4faf-9b93-9f23f0287b24');
INSERT INTO session (session_id,authorisation_id,expiry_date,access_token) VALUES ('123','52','2023-05-17T23:09:26.447796900','c915143e-ade0-45f9-9610-8ba8c0ae5379');
INSERT INTO session (session_id,authorisation_id,expiry_date,access_token) VALUES ('124','52','2023-05-17T23:11:57.447796900','894219e0-2e20-46a4-bf42-8c8770a4b5e5');
INSERT INTO session (session_id,authorisation_id,expiry_date,access_token) VALUES ('125','53','2023-05-17T23:12:44.447796900','964f7ed8-6e58-4b74-b407-dbbb7f0a0932');
INSERT INTO session (session_id,authorisation_id,expiry_date,access_token) VALUES ('126','53','2023-05-17T23:10:57.447796900','4dd23501-e342-45ed-910b-c0da22367df6');
INSERT INTO session (session_id,authorisation_id,expiry_date,access_token) VALUES ('127','53','2023-05-17T23:13:58.447796900','9a300718-94b2-4bdd-8598-769a23bb31ae');
INSERT INTO session (session_id,authorisation_id,expiry_date,access_token) VALUES ('128','53','2023-05-17T23:11:32.447796900','d6ad4f64-1ab9-4c57-bc71-ede9eb7b36c2');
INSERT INTO session (session_id,authorisation_id,expiry_date,access_token) VALUES ('129','54','2023-05-17T23:10:47.447796900','7650e391-c0b8-45ce-8fb9-81a8fa4cc877');
INSERT INTO session (session_id,authorisation_id,expiry_date,access_token) VALUES ('130','54','2023-05-17T23:11:51.447796900','3929ec91-9809-45eb-98fc-99e88b71dacf');
INSERT INTO session (session_id,authorisation_id,expiry_date,access_token) VALUES ('131','54','2023-05-17T23:11:21.447796900','b3a18bc1-a2e3-4f59-a1ac-a73f2f551d44');
INSERT INTO session (session_id,authorisation_id,expiry_date,access_token) VALUES ('132','55','2023-05-17T17:56:28.448296','174d5fa1-640e-4a05-b267-74823c8acf5c');
INSERT INTO session (session_id,authorisation_id,expiry_date,access_token) VALUES ('133','56','2023-05-17T23:13:11.449295500','25198f4d-c775-4558-90c4-dcfe740003d1');
INSERT INTO session (session_id,authorisation_id,expiry_date,access_token) VALUES ('134','56','2023-05-17T23:13:28.449295500','353982a3-6da8-4045-926a-4cded98a1a81');
INSERT INTO session (session_id,authorisation_id,expiry_date,access_token) VALUES ('135','56','2023-05-17T23:11:15.449295500','2399d093-aea5-410d-8659-6af2d13006c7');
INSERT INTO session (session_id,authorisation_id,expiry_date,access_token) VALUES ('136','57','2023-05-17T23:13:40.449295500','a0778123-0fe9-4e92-9d3e-83918cd5158a');
INSERT INTO session (session_id,authorisation_id,expiry_date,access_token) VALUES ('137','57','2023-05-17T23:10:33.449295500','b035d902-bc69-4380-b2f0-5ab2b2a4553c');
INSERT INTO session (session_id,authorisation_id,expiry_date,access_token) VALUES ('138','58','2023-05-17T23:12:24.449295500','2a4d4040-06f1-412d-8517-14522a30b062');
INSERT INTO session (session_id,authorisation_id,expiry_date,access_token) VALUES ('139','58','2023-05-17T23:11:19.449295500','f34afb6c-d48b-4ef5-bf8e-993a40ee3d4f');
INSERT INTO session (session_id,authorisation_id,expiry_date,access_token) VALUES ('140','58','2023-05-17T23:09:31.449295500','eec621da-c469-45f2-b042-8f451c6f5542');
INSERT INTO session (session_id,authorisation_id,expiry_date,access_token) VALUES ('141','58','2023-05-17T19:24:02.449295500','5c16b2a9-7c5d-4a9d-8d37-2fa50ac95c2f');
INSERT INTO session (session_id,authorisation_id,expiry_date,access_token) VALUES ('142','59','2023-05-17T23:11:20.449795700','4691b7f5-82e8-46a7-9267-ee0761224d29');
INSERT INTO session (session_id,authorisation_id,expiry_date,access_token) VALUES ('143','59','2023-05-17T23:13:00.449795700','c815362f-4b02-4bc5-81bd-3b20ee28f912');
INSERT INTO session (session_id,authorisation_id,expiry_date,access_token) VALUES ('144','59','2023-05-17T23:11:39.449795700','7ff9270c-b967-4fee-a64a-e84435a31926');
INSERT INTO session (session_id,authorisation_id,expiry_date,access_token) VALUES ('145','60','2023-05-17T23:12:35.449795700','2ed6c404-0501-4830-bcc7-420856bb2f8e');
INSERT INTO session (session_id,authorisation_id,expiry_date,access_token) VALUES ('146','61','2023-05-17T22:54:05.449795700','339c6ad3-1933-4548-baeb-5a6733ef991b');
INSERT INTO session (session_id,authorisation_id,expiry_date,access_token) VALUES ('147','62','2023-05-17T21:13:59.450795400','577af92e-06e8-4ba3-a37b-4ae5429ddd63');
INSERT INTO session (session_id,authorisation_id,expiry_date,access_token) VALUES ('148','63','2023-05-17T23:10:08.451795100','71cbd14d-5dd9-478e-a9a4-cb5af28bab58');
INSERT INTO session (session_id,authorisation_id,expiry_date,access_token) VALUES ('149','63','2023-05-17T23:14:03.451795100','ca8b9609-31c5-4017-b668-6fde4738ed28');
INSERT INTO session (session_id,authorisation_id,expiry_date,access_token) VALUES ('150','64','2023-05-17T23:10:15.451795100','c6150c65-6b88-40d7-a860-20bbe3fec310');
INSERT INTO session (session_id,authorisation_id,expiry_date,access_token) VALUES ('151','64','2023-05-17T23:11:40.451795100','d3adbd19-d5af-4ff6-9e90-8341e6f3edf3');
INSERT INTO session (session_id,authorisation_id,expiry_date,access_token) VALUES ('152','64','2023-05-17T23:12:24.451795100','fc5d8c1c-6c09-4392-8314-1e4641d365ed');
INSERT INTO session (session_id,authorisation_id,expiry_date,access_token) VALUES ('153','64','2023-05-17T23:10:40.451795100','4d7a6930-f158-45fc-bef6-d3f2a9112c68');
INSERT INTO session (session_id,authorisation_id,expiry_date,access_token) VALUES ('154','65','2023-05-17T23:10:09.451795100','019c79f9-5361-425e-8829-e7e968be3b5d');
INSERT INTO session (session_id,authorisation_id,expiry_date,access_token) VALUES ('155','65','2023-05-17T23:10:51.451795100','5f624c72-1229-408c-8d39-b2e1b81d82ab');
INSERT INTO session (session_id,authorisation_id,expiry_date,access_token) VALUES ('156','65','2023-05-17T23:11:26.451795100','580f8419-43dc-4f96-96a2-35da192cb8ef');
INSERT INTO session (session_id,authorisation_id,expiry_date,access_token) VALUES ('157','65','2023-05-17T23:10:27.451795100','8bb888b9-951d-4a27-a9ba-0faa31e9d1f9');
INSERT INTO session (session_id,authorisation_id,expiry_date,access_token) VALUES ('158','66','2023-05-17T23:12:37.451795100','0c6907e1-c705-4cfa-b396-b25b5e766432');
INSERT INTO session (session_id,authorisation_id,expiry_date,access_token) VALUES ('159','66','2023-05-17T23:11:09.451795100','8d7d9dd2-dd35-4b5e-bad0-6efedcc01a20');
INSERT INTO session (session_id,authorisation_id,expiry_date,access_token) VALUES ('160','66','2023-05-17T23:10:37.451795100','2a0a568c-8a7a-4414-9034-276ca4c0773a');
INSERT INTO session (session_id,authorisation_id,expiry_date,access_token) VALUES ('161','66','2023-05-17T15:28:37.451795100','824ffb2a-6792-4831-b7e4-4e0d19ff71e2');
INSERT INTO session (session_id,authorisation_id,expiry_date,access_token) VALUES ('162','67','2023-05-17T23:12:29.452795200','2f0e34e1-3512-4305-9011-6b1f368c7cbf');
INSERT INTO session (session_id,authorisation_id,expiry_date,access_token) VALUES ('163','67','2023-05-17T23:11:42.452795200','4a568910-9656-4e7d-b468-282a796777cd');
INSERT INTO session (session_id,authorisation_id,expiry_date,access_token) VALUES ('164','67','2023-05-17T23:09:30.452795200','a3143883-c690-4dd8-9017-9c683a0eb4f8');
INSERT INTO session (session_id,authorisation_id,expiry_date,access_token) VALUES ('165','68','2023-05-17T23:12:56.452795200','e5d6fb0d-e8ec-4a3a-a946-2fb01264098f');
INSERT INTO session (session_id,authorisation_id,expiry_date,access_token) VALUES ('166','68','2023-05-17T23:11:26.452795200','4baf8993-33c5-41bf-a43e-dadeb3f48382');
INSERT INTO session (session_id,authorisation_id,expiry_date,access_token) VALUES ('167','68','2023-05-17T14:00:01.452795200','8b6e5be0-ca4e-4940-b203-c581f1485aed');
INSERT INTO session (session_id,authorisation_id,expiry_date,access_token) VALUES ('168','69','2023-05-17T23:10:19.453794100','0f6476bb-2e99-4c20-aaff-79e851eb2f9c');
INSERT INTO session (session_id,authorisation_id,expiry_date,access_token) VALUES ('169','69','2023-05-17T18:56:24.453794100','4c7be2a0-d24c-45c9-9bfc-66f846ba864b');
INSERT INTO session (session_id,authorisation_id,expiry_date,access_token) VALUES ('170','70','2023-05-17T21:06:43.454294700','20800273-beb4-4a78-8c68-066206f259ed');
INSERT INTO session (session_id,authorisation_id,expiry_date,access_token) VALUES ('171','71','2023-05-17T23:13:30.455294900','0e1133cd-3ddf-461a-844f-c2361ed11d71');
INSERT INTO session (session_id,authorisation_id,expiry_date,access_token) VALUES ('172','71','2023-05-17T23:11:31.455294900','df24bd0d-a7fb-453c-b281-071739f6ad00');
INSERT INTO session (session_id,authorisation_id,expiry_date,access_token) VALUES ('173','72','2023-05-17T23:12:47.455294900','fd773039-af64-4b69-890b-8ab9d11dc970');
INSERT INTO session (session_id,authorisation_id,expiry_date,access_token) VALUES ('174','72','2023-05-17T22:07:37.455294900','04d150e0-e228-410b-8fd3-0d18410760a2');
INSERT INTO session (session_id,authorisation_id,expiry_date,access_token) VALUES ('175','73','2023-05-17T23:11:54.456793700','20414ab5-2b64-48f9-87bd-425eb0a2f822');
INSERT INTO session (session_id,authorisation_id,expiry_date,access_token) VALUES ('176','73','2023-05-17T23:10:46.456793700','773300e6-5eb0-489a-b689-4f0202ee3177');
INSERT INTO session (session_id,authorisation_id,expiry_date,access_token) VALUES ('177','73','2023-05-17T23:13:19.456793700','6f31869b-f28a-4fcb-b3e5-3ad30e35edf2');
INSERT INTO session (session_id,authorisation_id,expiry_date,access_token) VALUES ('178','73','2023-05-17T23:10:06.456793700','f94ec6f5-06ad-463e-9673-277f1006e4b5');
INSERT INTO session (session_id,authorisation_id,expiry_date,access_token) VALUES ('179','74','2023-05-17T23:12:34.456793700','1f6b8f21-bfb0-4c45-b02d-40f8b6dcce20');
INSERT INTO session (session_id,authorisation_id,expiry_date,access_token) VALUES ('180','74','2023-05-17T17:03:42.456793700','3a28ad71-2e13-46a4-9647-9570f859939f');
INSERT INTO session (session_id,authorisation_id,expiry_date,access_token) VALUES ('181','75','2023-05-17T23:10:51.457794400','a04c69e3-5bd0-4387-af65-413309d7cd8b');
INSERT INTO session (session_id,authorisation_id,expiry_date,access_token) VALUES ('182','75','2023-05-17T23:13:30.457794400','4da8111c-4237-4e78-b2a5-8991963b63e4');
INSERT INTO session (session_id,authorisation_id,expiry_date,access_token) VALUES ('183','76','2023-05-17T23:13:02.457794400','547944b8-54e5-4e04-973a-9614667562a4');
INSERT INTO session (session_id,authorisation_id,expiry_date,access_token) VALUES ('184','76','2023-05-17T23:12:38.457794400','b344c2f9-d05d-4b62-a5ff-28aba6bcb5a3');
INSERT INTO session (session_id,authorisation_id,expiry_date,access_token) VALUES ('185','76','2023-05-17T17:24:42.457794400','8b8ed4b4-2581-4fb1-af60-3ec0ed2e7471');
INSERT INTO session (session_id,authorisation_id,expiry_date,access_token) VALUES ('186','77','2023-05-17T23:12:45.458293600','60c2a293-c462-40b4-af9a-c5730743c44e');
INSERT INTO session (session_id,authorisation_id,expiry_date,access_token) VALUES ('187','77','2023-05-17T23:11:46.458293600','2a8491f2-3eac-4b00-a8fc-962072d51ace');
INSERT INTO session (session_id,authorisation_id,expiry_date,access_token) VALUES ('188','77','2023-05-17T23:12:40.458293600','d6ff0bf7-bd5f-45d2-bdb0-6bd1fd2252b2');
INSERT INTO session (session_id,authorisation_id,expiry_date,access_token) VALUES ('189','77','2023-05-17T23:14:00.458293600','e2e3541f-bd16-4db2-85e0-567444453528');
INSERT INTO session (session_id,authorisation_id,expiry_date,access_token) VALUES ('190','78','2023-05-17T15:11:38.458293600','672d6e0d-6757-4c0c-bddf-fde94ac7dbc9');
INSERT INTO session (session_id,authorisation_id,expiry_date,access_token) VALUES ('191','79','2023-05-17T23:14:00.458794200','b252c12d-6341-4604-843c-fbee32e8cc90');
INSERT INTO session (session_id,authorisation_id,expiry_date,access_token) VALUES ('192','79','2023-05-17T23:10:13.458794200','e286da94-c1c8-496d-9899-7b44fca690c1');
INSERT INTO session (session_id,authorisation_id,expiry_date,access_token) VALUES ('193','79','2023-05-17T23:13:10.458794200','a082c3d0-7e87-4ccd-86ec-1575ad93c1c9');
INSERT INTO session (session_id,authorisation_id,expiry_date,access_token) VALUES ('194','79','2023-05-17T23:12:31.458794200','1bf8bda7-3677-4260-a5a3-407bcd81936e');
INSERT INTO session (session_id,authorisation_id,expiry_date,access_token) VALUES ('195','80','2023-05-17T23:09:53.459294900','1bfc1fe3-7e20-4237-b988-ef27f13acb38');
INSERT INTO session (session_id,authorisation_id,expiry_date,access_token) VALUES ('196','80','2023-05-17T21:20:55.459294900','1d26a72c-9a7f-4c95-a524-afa5415eb880');
INSERT INTO session (session_id,authorisation_id,expiry_date,access_token) VALUES ('197','81','2023-05-17T23:10:43.459799900','16b54a29-33dc-4c59-a9dd-e53a3cf7c3bc');
INSERT INTO session (session_id,authorisation_id,expiry_date,access_token) VALUES ('198','82','2023-05-17T23:10:46.459799900','05dda976-d523-4454-aa54-18d3dd76ba64');
INSERT INTO session (session_id,authorisation_id,expiry_date,access_token) VALUES ('199','82','2023-05-17T23:13:40.459799900','82dbc4f1-57e0-4ac3-96e7-71bfc1163cd6');
INSERT INTO session (session_id,authorisation_id,expiry_date,access_token) VALUES ('200','82','2023-05-17T23:10:01.459799900','4eac7875-6a64-48aa-9d94-cd4155d189c4');
INSERT INTO session (session_id,authorisation_id,expiry_date,access_token) VALUES ('201','83','2023-05-17T23:11:40.459799900','2cc69eeb-804f-46e6-8149-88a1e02869fd');
INSERT INTO session (session_id,authorisation_id,expiry_date,access_token) VALUES ('202','84','2023-05-17T23:13:05.459799900','062c719b-6d9d-4a61-a730-07388b750055');
INSERT INTO session (session_id,authorisation_id,expiry_date,access_token) VALUES ('203','84','2023-05-17T23:12:40.459799900','59c614bd-2369-436d-aad2-3bb1e5965305');
INSERT INTO session (session_id,authorisation_id,expiry_date,access_token) VALUES ('204','84','2023-05-17T23:09:32.459799900','0d740064-3bac-4d29-bac5-c5236762fbaf');
INSERT INTO session (session_id,authorisation_id,expiry_date,access_token) VALUES ('205','84','2023-05-17T13:40:42.459799900','76f9d554-59e2-4b2e-9902-1bd890d1e654');

ALTER TABLE address AUTO_INCREMENT = 1;

INSERT INTO address (address_id,street_number,street_name,suburb,postcode,user_id) VALUES ('1','89','Tarah Mill','Warrimoo','2774','1');
INSERT INTO address (address_id,street_number,street_name,suburb,postcode,user_id) VALUES ('2','193','Rosita Walk','Oconnor','2602','2');
INSERT INTO address (address_id,street_number,street_name,suburb,postcode,user_id) VALUES ('3','196','Ann Mill','Black Mountain','2601','3');
INSERT INTO address (address_id,street_number,street_name,suburb,postcode,user_id) VALUES ('4','81','Moore Vista','Warrimoo','2774','4');
INSERT INTO address (address_id,street_number,street_name,suburb,postcode,user_id) VALUES ('5','171','Koss Lane','Blaxland East','2774','5');
INSERT INTO address (address_id,street_number,street_name,suburb,postcode,user_id) VALUES ('6','47','Kreiger Hollow','Oconnor','2602','6');
INSERT INTO address (address_id,street_number,street_name,suburb,postcode,user_id) VALUES ('7','82','Hermiston Trail','Black Mountain','2601','7');
INSERT INTO address (address_id,street_number,street_name,suburb,postcode,user_id) VALUES ('8','178','Conrad Junctions','Mount Riverview','2774','8');
INSERT INTO address (address_id,street_number,street_name,suburb,postcode,user_id) VALUES ('9','65','Stroman Islands','Acton','2601','9');
INSERT INTO address (address_id,street_number,street_name,suburb,postcode,user_id) VALUES ('10','146','Erdman Cliff','Russell Hill','2600','10');
INSERT INTO address (address_id,street_number,street_name,suburb,postcode,user_id) VALUES ('11','102','Dare Lane','Harman','2600','11');
INSERT INTO address (address_id,street_number,street_name,suburb,postcode,user_id) VALUES ('12','10','Barton Knolls','Warrimoo','2774','12');
INSERT INTO address (address_id,street_number,street_name,suburb,postcode,user_id) VALUES ('13','129','Dannie Unions','Hackett','2602','13');
INSERT INTO address (address_id,street_number,street_name,suburb,postcode,user_id) VALUES ('14','136','Altenwerth Flats','Rydalmere','2116','14');
INSERT INTO address (address_id,street_number,street_name,suburb,postcode,user_id) VALUES ('15','187','Cody Track','Oconnor','2602','15');
INSERT INTO address (address_id,street_number,street_name,suburb,postcode,user_id) VALUES ('16','61','Stepanie Stream','Warrimoo','2774','16');
INSERT INTO address (address_id,street_number,street_name,suburb,postcode,user_id) VALUES ('17','160','Cummings Plain','Ainslie','2602','17');
INSERT INTO address (address_id,street_number,street_name,suburb,postcode,user_id) VALUES ('18','118','Edmond Lock','Barton','2600','18');
INSERT INTO address (address_id,street_number,street_name,suburb,postcode,user_id) VALUES ('19','177','Raymon Groves','Dickson','2602','19');
INSERT INTO address (address_id,street_number,street_name,suburb,postcode,user_id) VALUES ('20','54','Hans Land','Lyneham','2602','20');
INSERT INTO address (address_id,street_number,street_name,suburb,postcode,user_id) VALUES ('21','120','Adams Lakes','Deakin','2600','21');
INSERT INTO address (address_id,street_number,street_name,suburb,postcode,user_id) VALUES ('22','50','Max Burgs','Deakin','2600','22');
INSERT INTO address (address_id,street_number,street_name,suburb,postcode,user_id) VALUES ('23','113','Tanner Shore','Russell','2600','23');
INSERT INTO address (address_id,street_number,street_name,suburb,postcode,user_id) VALUES ('24','115','Rowe Center','Blaxlands Ridge','2774','24');
INSERT INTO address (address_id,street_number,street_name,suburb,postcode,user_id) VALUES ('25','160','Emogene Ville','Oconnor','2602','25');
INSERT INTO address (address_id,street_number,street_name,suburb,postcode,user_id) VALUES ('26','127','Dorthea Parkways','Duntroon','2600','26');
INSERT INTO address (address_id,street_number,street_name,suburb,postcode,user_id) VALUES ('27','23','Myron Stravenue','Dickson','2602','27');
INSERT INTO address (address_id,street_number,street_name,suburb,postcode,user_id) VALUES ('28','31','Zetta Trace','Warrimoo','2774','28');
INSERT INTO address (address_id,street_number,street_name,suburb,postcode,user_id) VALUES ('29','192','Bashirian Brooks','Russell','2600','29');
INSERT INTO address (address_id,street_number,street_name,suburb,postcode,user_id) VALUES ('30','153','Bruen Way','Acton','2601','30');
INSERT INTO address (address_id,street_number,street_name,suburb,postcode,user_id) VALUES ('31','70','Ledner Fields','Fairbairn Raaf','2600','31');
INSERT INTO address (address_id,street_number,street_name,suburb,postcode,user_id) VALUES ('32','195','Tromp Canyon','Oconnor','2602','32');
INSERT INTO address (address_id,street_number,street_name,suburb,postcode,user_id) VALUES ('33','107','Leffler Field','Mount Riverview','2774','33');
INSERT INTO address (address_id,street_number,street_name,suburb,postcode,user_id) VALUES ('34','53','Kuhn Radial','Harman','2600','34');
INSERT INTO address (address_id,street_number,street_name,suburb,postcode,user_id) VALUES ('35','82','Bergstrom Vista','Fairbairn Raaf','2600','35');
INSERT INTO address (address_id,street_number,street_name,suburb,postcode,user_id) VALUES ('36','121','Josephine Groves','Canberra','2600','36');
INSERT INTO address (address_id,street_number,street_name,suburb,postcode,user_id) VALUES ('37','71','Homenick Creek','Watson','2602','37');
INSERT INTO address (address_id,street_number,street_name,suburb,postcode,user_id) VALUES ('38','93','Crooks Vista','Blaxlands Ridge','2774','38');
INSERT INTO address (address_id,street_number,street_name,suburb,postcode,user_id) VALUES ('39','185','Jacklyn Valleys','Parkes','2600','39');
INSERT INTO address (address_id,street_number,street_name,suburb,postcode,user_id) VALUES ('40','88','Roberts Stravenue','Deakin','2600','40');

ALTER TABLE client AUTO_INCREMENT = 1;

INSERT INTO client (client_id,user_id,subscription_id) VALUES ('1','15','1');
INSERT INTO client (client_id,user_id,subscription_id) VALUES ('2','16','1');
INSERT INTO client (client_id,user_id,subscription_id) VALUES ('3','17','1');
INSERT INTO client (client_id,user_id,subscription_id) VALUES ('4','18','1');
INSERT INTO client (client_id,user_id,subscription_id) VALUES ('5','19','2');
INSERT INTO client (client_id,user_id,subscription_id) VALUES ('6','20','2');
INSERT INTO client (client_id,user_id,subscription_id) VALUES ('7','21','2');
INSERT INTO client (client_id,user_id,subscription_id) VALUES ('8','22','1');
INSERT INTO client (client_id,user_id,subscription_id) VALUES ('9','23','1');
INSERT INTO client (client_id,user_id,subscription_id) VALUES ('10','24','1');
INSERT INTO client (client_id,user_id,subscription_id) VALUES ('11','25','1');
INSERT INTO client (client_id,user_id,subscription_id) VALUES ('12','26','2');
INSERT INTO client (client_id,user_id,subscription_id) VALUES ('13','27','1');
INSERT INTO client (client_id,user_id,subscription_id) VALUES ('14','28','2');
INSERT INTO client (client_id,user_id,subscription_id) VALUES ('15','29','2');
INSERT INTO client (client_id,user_id,subscription_id) VALUES ('16','30','1');
INSERT INTO client (client_id,user_id,subscription_id) VALUES ('17','31','2');
INSERT INTO client (client_id,user_id,subscription_id) VALUES ('18','32','2');
INSERT INTO client (client_id,user_id,subscription_id) VALUES ('19','33','2');
INSERT INTO client (client_id,user_id,subscription_id) VALUES ('20','34','1');
INSERT INTO client (client_id,user_id,subscription_id) VALUES ('21','35','1');
INSERT INTO client (client_id,user_id,subscription_id) VALUES ('22','36','1');
INSERT INTO client (client_id,user_id,subscription_id) VALUES ('23','37','2');
INSERT INTO client (client_id,user_id,subscription_id) VALUES ('24','38','2');
INSERT INTO client (client_id,user_id,subscription_id) VALUES ('25','39','1');
INSERT INTO client (client_id,user_id,subscription_id) VALUES ('26','40','2');

ALTER TABLE professional AUTO_INCREMENT = 1;

INSERT INTO professional (professional_id,subscription_id,user_id) VALUES ('1','2','1');
INSERT INTO professional (professional_id,subscription_id,user_id) VALUES ('2','2','2');
INSERT INTO professional (professional_id,subscription_id,user_id) VALUES ('3','2','3');
INSERT INTO professional (professional_id,subscription_id,user_id) VALUES ('4','1','4');
INSERT INTO professional (professional_id,subscription_id,user_id) VALUES ('5','1','5');
INSERT INTO professional (professional_id,subscription_id,user_id) VALUES ('6','1','6');
INSERT INTO professional (professional_id,subscription_id,user_id) VALUES ('7','2','7');
INSERT INTO professional (professional_id,subscription_id,user_id) VALUES ('8','2','8');
INSERT INTO professional (professional_id,subscription_id,user_id) VALUES ('9','1','9');
INSERT INTO professional (professional_id,subscription_id,user_id) VALUES ('10','1','10');
INSERT INTO professional (professional_id,subscription_id,user_id) VALUES ('11','1','11');
INSERT INTO professional (professional_id,subscription_id,user_id) VALUES ('12','2','12');
INSERT INTO professional (professional_id,subscription_id,user_id) VALUES ('13','2','13');
INSERT INTO professional (professional_id,subscription_id,user_id) VALUES ('14','2','14');
INSERT INTO professional (professional_id,subscription_id,user_id) VALUES ('15','1','15');
INSERT INTO professional (professional_id,subscription_id,user_id) VALUES ('16','1','16');
INSERT INTO professional (professional_id,subscription_id,user_id) VALUES ('17','1','17');
INSERT INTO professional (professional_id,subscription_id,user_id) VALUES ('18','1','18');
INSERT INTO professional (professional_id,subscription_id,user_id) VALUES ('19','2','19');
INSERT INTO professional (professional_id,subscription_id,user_id) VALUES ('20','1','20');

ALTER TABLE request AUTO_INCREMENT = 1;

INSERT INTO request (request_id,request_date,instruction,postcode,client_id,professional_id,service_id,request_status_id) VALUES ('1','2023-06-16 07:14:37.88','Good Morning! There is an issue with the front yard tree. My partner insisted that we plant a tree in the back yard. Now the council has complained forcing us to remove the tree. I should never listened to my partner!! No rush on the issue.','2601','16','7','4','4');
INSERT INTO request (request_id,request_date,instruction,postcode,client_id,professional_id,service_id,request_status_id) VALUES ('2','2023-06-08 04:00:50.649','Good Afternoon! I have found an issue with the broken branch, it is hanging. Kinda looks like it might fall on the house uh... Can this please be fixed ASAP!?','2600','25',null,'1','2');
INSERT INTO request (request_id,request_date,instruction,postcode,client_id,professional_id,service_id,request_status_id) VALUES ('3','2023-05-19 14:14:39.398','Awh man looks like there is an issue with the broken branch, it is hanging. Kinda looks like it might fall on the house uh... Can this please be fixed ASAP!?','2602','5','17','4','3');
INSERT INTO request (request_id,request_date,instruction,postcode,client_id,professional_id,service_id,request_status_id) VALUES ('4','2023-05-28 17:19:46.498','Ayyyyyye pro man or woman, help us with the front yard tree. My partner insisted that we plant a tree in the back yard. Now the council has complained forcing us to remove the tree. I should never listened to my partner!! Can we please have this sorted quickly?','2600','12','11','3','2');
INSERT INTO request (request_id,request_date,instruction,postcode,client_id,professional_id,service_id,request_status_id) VALUES ('5','2023-05-23 12:18:46.066','This morning I started having trouble with the tree in the front yard. It is blocking our view of the coast. Really wanna get this one fixed before my partner returns from their trip...','2600','26','18','5','1');
INSERT INTO request (request_id,request_date,instruction,postcode,client_id,professional_id,service_id,request_status_id) VALUES ('6','2023-06-06 19:01:48.268','To whom this may concern, I have discovered an issue with my tree, it has fallen on top of the house! Not the damn house! Can this please be fixed ASAP!?','2600','9',null,'4','4');
INSERT INTO request (request_id,request_date,instruction,postcode,client_id,professional_id,service_id,request_status_id) VALUES ('7','2023-06-11 05:28:37.1','Ayyyyyye pro man or woman, help us with the tree, it is leaning. Really badly so... I do not want to be rude, but could this please be looked at with haste?','2600','15','10','2','3');
INSERT INTO request (request_id,request_date,instruction,postcode,client_id,professional_id,service_id,request_status_id) VALUES ('8','2023-06-13 06:16:17.504','Awh man looks like there is an issue with the tree, it has has fallen over. Tried to stop it though! Look forward to hearing from you.','2602','13','2','5','3');
INSERT INTO request (request_id,request_date,instruction,postcode,client_id,professional_id,service_id,request_status_id) VALUES ('9','2023-06-06 03:37:37.554','This morning I started having trouble with the front yard tree. My partner insisted that we plant a tree in the back yard. Now the council has complained forcing us to remove the tree. I should never listened to my partner!! No rush on the issue.','2602','23','15','3','3');
INSERT INTO request (request_id,request_date,instruction,postcode,client_id,professional_id,service_id,request_status_id) VALUES ('10','2023-06-01 15:19:53.655','Help me! Problem with the tree in the front yard. It is blocking our view of the coast. Look forward to hearing from you.','2774','2','12','5','1');
INSERT INTO request (request_id,request_date,instruction,postcode,client_id,professional_id,service_id,request_status_id) VALUES ('11','2023-06-14 16:04:37.701','This morning I started having trouble with the front yard tree. My partner insisted that we plant a tree in the back yard. Now the council has complained forcing us to remove the tree. I should never listened to my partner!! Can we please have this sorted quickly?','2600','21',null,'2','1');
INSERT INTO request (request_id,request_date,instruction,postcode,client_id,professional_id,service_id,request_status_id) VALUES ('12','2023-06-12 13:48:07.675','To whom this may concern, I have discovered an issue with my tree, it has fallen on top of the house! Not the damn house! No rush on the issue.','2602','5','2','1','1');
INSERT INTO request (request_id,request_date,instruction,postcode,client_id,professional_id,service_id,request_status_id) VALUES ('13','2023-06-03 23:09:42.391','Help me! Problem with the tree, it has fallen on top of the house! Not the damn house! Really wanna get this one fixed before my partner returns from their trip...','2601','16',null,'5','1');
INSERT INTO request (request_id,request_date,instruction,postcode,client_id,professional_id,service_id,request_status_id) VALUES ('14','2023-06-15 05:58:22.215','Awh man looks like there is an issue with the broken branch, it is hanging. Kinda looks like it might fall on the house uh... Look forward to hearing from you.','2600','22',null,'4','4');
INSERT INTO request (request_id,request_date,instruction,postcode,client_id,professional_id,service_id,request_status_id) VALUES ('15','2023-06-03 11:39:33.01','Awh man looks like there is an issue with the broken branch, it is hanging. Kinda looks like it might fall on the house uh... I do not want to be rude, but could this please be looked at with haste?','2602','6',null,'2','1');
INSERT INTO request (request_id,request_date,instruction,postcode,client_id,professional_id,service_id,request_status_id) VALUES ('16','2023-06-08 19:04:17.029','Help me! Problem with the tree, it has fallen on top of the house! Not the damn house! If someone could look at this quickly I would be grateful!','2774','2','5','1','4');
INSERT INTO request (request_id,request_date,instruction,postcode,client_id,professional_id,service_id,request_status_id) VALUES ('17','2023-06-03 07:04:22.762','This morning I started having trouble with the tree. Neighbour planted it actually and I hate it! Gotta get this thing removed. No rush on the issue.','2602','23','2','5','2');
INSERT INTO request (request_id,request_date,instruction,postcode,client_id,professional_id,service_id,request_status_id) VALUES ('18','2023-05-21 20:23:02.027','Good Morning! There is an issue with the broken branch, it is hanging. Kinda looks like it might fall on the house uh... If someone could look at this quickly I would be grateful!','2600','8',null,'4','3');
INSERT INTO request (request_id,request_date,instruction,postcode,client_id,professional_id,service_id,request_status_id) VALUES ('19','2023-06-09 04:54:54.763','I am not sure what is going on, but we are having trouble with the front yard tree. My partner insisted that we plant a tree in the back yard. Now the council has complained forcing us to remove the tree. I should never listened to my partner!! I do not want to be rude, but could this please be looked at with haste?','2600','9','18','1','2');
INSERT INTO request (request_id,request_date,instruction,postcode,client_id,professional_id,service_id,request_status_id) VALUES ('20','2023-06-05 18:41:19.628','To whom this may concern, I have discovered an issue with my tree. Neighbour planted it actually and I hate it! Gotta get this thing removed. Look forward to hearing from you.','2600','26',null,'3','3');
INSERT INTO request (request_id,request_date,instruction,postcode,client_id,professional_id,service_id,request_status_id) VALUES ('21','2023-06-08 20:13:41.654','Good Afternoon! I have found an issue with the tree, it has fallen on top of the house! Not the damn house! I do not want to be rude, but could this please be looked at with haste?','2600','17',null,'5','1');
INSERT INTO request (request_id,request_date,instruction,postcode,client_id,professional_id,service_id,request_status_id) VALUES ('22','2023-06-03 18:36:04.283','This morning I started having trouble with the tree, it is leaning. Really badly so... Can we please have this sorted quickly?','2774','14','5','4','1');
INSERT INTO request (request_id,request_date,instruction,postcode,client_id,professional_id,service_id,request_status_id) VALUES ('23','2023-06-10 00:35:48.782','Help me! Problem with the tree, it is leaning. Really badly so... I do not want to be rude, but could this please be looked at with haste?','2600','9','11','3','3');
INSERT INTO request (request_id,request_date,instruction,postcode,client_id,professional_id,service_id,request_status_id) VALUES ('24','2023-05-19 18:06:19.476','Ayyyyyye pro man or woman, help us with the tree, it has fallen on top of the house! Not the damn house! Can we please have this sorted quickly?','2601','16','7','4','1');
INSERT INTO request (request_id,request_date,instruction,postcode,client_id,professional_id,service_id,request_status_id) VALUES ('25','2023-06-04 05:39:27.375','Awh man looks like there is an issue with the front yard tree. My partner insisted that we plant a tree in the back yard. Now the council has complained forcing us to remove the tree. I should never listened to my partner!! Gotta get this one done quick, interest rates are going right up might run out of funds soon!','2600','7','18','4','2');
INSERT INTO request (request_id,request_date,instruction,postcode,client_id,professional_id,service_id,request_status_id) VALUES ('26','2023-05-19 16:29:54.136','Hiya, there is a problem with our tree in the front yard. It is blocking our view of the coast. If someone could look at this quickly I would be grateful!','2601','16','9','3','3');
INSERT INTO request (request_id,request_date,instruction,postcode,client_id,professional_id,service_id,request_status_id) VALUES ('27','2023-05-18 22:49:03.096','Good Morning! There is an issue with the tree in the front yard. It is blocking our view of the coast. Can this please be fixed ASAP!?','2602','6','2','1','4');
INSERT INTO request (request_id,request_date,instruction,postcode,client_id,professional_id,service_id,request_status_id) VALUES ('28','2023-06-10 00:31:36.94','Ayyyyyye pro man or woman, help us with the front yard tree. My partner insisted that we plant a tree in the back yard. Now the council has complained forcing us to remove the tree. I should never listened to my partner!! Can this please be fixed ASAP!?','2602','18','20','2','3');
INSERT INTO request (request_id,request_date,instruction,postcode,client_id,professional_id,service_id,request_status_id) VALUES ('29','2023-06-14 20:55:14.044','I am not sure what is going on, but we are having trouble with the tree, it has fallen on top of the house! Not the damn house! No rush on the issue.','2600','22','18','4','2');
INSERT INTO request (request_id,request_date,instruction,postcode,client_id,professional_id,service_id,request_status_id) VALUES ('30','2023-06-09 04:56:04.848','Ayyyyyye pro man or woman, help us with the tree, it has has fallen over. Tried to stop it though! Gotta get this one done quick, interest rates are going right up might run out of funds soon!','2602','13','19','3','2');
INSERT INTO request (request_id,request_date,instruction,postcode,client_id,professional_id,service_id,request_status_id) VALUES ('31','2023-06-11 04:29:42.529','Awh man looks like there is an issue with the broken branch, it is hanging. Kinda looks like it might fall on the house uh... Can this please be fixed ASAP!?','2600','12',null,'1','1');
INSERT INTO request (request_id,request_date,instruction,postcode,client_id,professional_id,service_id,request_status_id) VALUES ('32','2023-06-06 10:45:46.159','Hiya, there is a problem with our tree, it has fallen on top of the house! Not the damn house! I do not want to be rude, but could this please be looked at with haste?','2774','10',null,'3','1');
INSERT INTO request (request_id,request_date,instruction,postcode,client_id,professional_id,service_id,request_status_id) VALUES ('33','2023-06-04 13:15:55.943','Hiya, there is a problem with our tree. Neighbour planted it actually and I hate it! Gotta get this thing removed. Really wanna get this one fixed before my partner returns from their trip...','2600','7',null,'2','3');
INSERT INTO request (request_id,request_date,instruction,postcode,client_id,professional_id,service_id,request_status_id) VALUES ('34','2023-06-14 05:47:34.335','Hiya, there is a problem with our tree, it has fallen on top of the house! Not the damn house! Gotta get this one done quick, interest rates are going right up might run out of funds soon!','2774','10',null,'1','3');
INSERT INTO request (request_id,request_date,instruction,postcode,client_id,professional_id,service_id,request_status_id) VALUES ('35','2023-05-20 08:58:29.178','Ayyyyyye pro man or woman, help us with the tree, it has fallen on top of the house! Not the damn house! Gotta get this one done quick, interest rates are going right up might run out of funds soon!','2602','5',null,'2','3');
INSERT INTO request (request_id,request_date,instruction,postcode,client_id,professional_id,service_id,request_status_id) VALUES ('36','2023-06-07 20:09:52.502','I am not sure what is going on, but we are having trouble with the broken branch, it is hanging. Kinda looks like it might fall on the house uh... Look forward to hearing from you.','2601','16',null,'3','1');
INSERT INTO request (request_id,request_date,instruction,postcode,client_id,professional_id,service_id,request_status_id) VALUES ('37','2023-05-31 14:01:20.965','Ayyyyyye pro man or woman, help us with the broken branch, it is hanging. Kinda looks like it might fall on the house uh... If someone could look at this quickly I would be grateful!','2602','6','2','5','1');
INSERT INTO request (request_id,request_date,instruction,postcode,client_id,professional_id,service_id,request_status_id) VALUES ('38','2023-06-09 08:03:40.514','Help me! Problem with the broken branch, it is hanging. Kinda looks like it might fall on the house uh... Really wanna get this one fixed before my partner returns from their trip...','2602','18','2','2','1');
INSERT INTO request (request_id,request_date,instruction,postcode,client_id,professional_id,service_id,request_status_id) VALUES ('39','2023-06-14 03:52:06.05','Hiya, there is a problem with our tree, it has fallen on top of the house! Not the damn house! Can this please be fixed ASAP!?','2602','23','13','4','4');
INSERT INTO request (request_id,request_date,instruction,postcode,client_id,professional_id,service_id,request_status_id) VALUES ('40','2023-05-19 10:06:10.479','Good Morning! There is an issue with the tree, it is leaning. Really badly so... Can we please have this sorted quickly?','2600','8',null,'3','4');
INSERT INTO request (request_id,request_date,instruction,postcode,client_id,professional_id,service_id,request_status_id) VALUES ('41','2023-05-19 05:52:36.58','Ayyyyyye pro man or woman, help us with the tree. Neighbour planted it actually and I hate it! Gotta get this thing removed. If someone could look at this quickly I would be grateful!','2600','17','10','2','3');
INSERT INTO request (request_id,request_date,instruction,postcode,client_id,professional_id,service_id,request_status_id) VALUES ('42','2023-05-18 19:04:25.381','Bonjour sir/madam. The partner and I figured it would be best to get a professional to sort out the issue with the tree, it is leaning. Really badly so... I do not want to be rude, but could this please be looked at with haste?','2774','10','8','4','3');
INSERT INTO request (request_id,request_date,instruction,postcode,client_id,professional_id,service_id,request_status_id) VALUES ('43','2023-06-04 11:08:49.806','Hiya, there is a problem with our tree in the front yard. It is blocking our view of the coast. Can this please be fixed ASAP!?','2600','25',null,'4','3');
INSERT INTO request (request_id,request_date,instruction,postcode,client_id,professional_id,service_id,request_status_id) VALUES ('44','2023-06-07 03:23:46.126','Good Morning! There is an issue with the tree. Neighbour planted it actually and I hate it! Gotta get this thing removed. Look forward to hearing from you.','2774','2','5','3','4');
INSERT INTO request (request_id,request_date,instruction,postcode,client_id,professional_id,service_id,request_status_id) VALUES ('45','2023-06-06 14:13:50.031','Good Morning! There is an issue with the broken branch, it is hanging. Kinda looks like it might fall on the house uh... Look forward to hearing from you.','2774','14',null,'2','2');
INSERT INTO request (request_id,request_date,instruction,postcode,client_id,professional_id,service_id,request_status_id) VALUES ('46','2023-05-26 20:07:15.377','This morning I started having trouble with the broken branch, it is hanging. Kinda looks like it might fall on the house uh... Help me if my partner sees this and confirms they were right. This one might be bad haha...','2774','19','8','5','2');
INSERT INTO request (request_id,request_date,instruction,postcode,client_id,professional_id,service_id,request_status_id) VALUES ('47','2023-05-30 20:01:02.288','Good Afternoon! I have found an issue with the front yard tree. My partner insisted that we plant a tree in the back yard. Now the council has complained forcing us to remove the tree. I should never listened to my partner!! No rush on the issue.','2600','9',null,'4','3');
INSERT INTO request (request_id,request_date,instruction,postcode,client_id,professional_id,service_id,request_status_id) VALUES ('48','2023-06-12 01:24:32.717','To whom this may concern, I have discovered an issue with my tree. Neighbour planted it actually and I hate it! Gotta get this thing removed. Gotta get this one done quick, interest rates are going right up might run out of funds soon!','2774','2','4','5','1');
INSERT INTO request (request_id,request_date,instruction,postcode,client_id,professional_id,service_id,request_status_id) VALUES ('49','2023-06-03 06:15:37.786','Hiya, there is a problem with our tree in the front yard. It is blocking our view of the coast. Really wanna get this one fixed before my partner returns from their trip...','2774','24','12','5','2');
INSERT INTO request (request_id,request_date,instruction,postcode,client_id,professional_id,service_id,request_status_id) VALUES ('50','2023-06-06 16:09:12.673','Ayyyyyye pro man or woman, help us with the tree, it is leaning. Really badly so... Can we please have this sorted quickly?','2602','18','13','2','4');
INSERT INTO request (request_id,request_date,instruction,postcode,client_id,professional_id,service_id,request_status_id) VALUES ('51','2023-06-02 05:01:18.615','To whom this may concern, I have discovered an issue with my tree, it is leaning. Really badly so... Help me if my partner sees this and confirms they were right. This one might be bad haha...','2602','23','15','5','2');
INSERT INTO request (request_id,request_date,instruction,postcode,client_id,professional_id,service_id,request_status_id) VALUES ('52','2023-05-20 05:19:36.722','Bonjour sir/madam. The partner and I figured it would be best to get a professional to sort out the issue with the front yard tree. My partner insisted that we plant a tree in the back yard. Now the council has complained forcing us to remove the tree. I should never listened to my partner!! Can we please have this sorted quickly?','2600','26',null,'1','3');
INSERT INTO request (request_id,request_date,instruction,postcode,client_id,professional_id,service_id,request_status_id) VALUES ('53','2023-06-13 01:23:10.332','Hello! Currently I have an issues with my broken branch, it is hanging. Kinda looks like it might fall on the house uh... Help me if my partner sees this and confirms they were right. This one might be bad haha...','2600','8','10','2','3');
INSERT INTO request (request_id,request_date,instruction,postcode,client_id,professional_id,service_id,request_status_id) VALUES ('54','2023-05-22 11:38:05.283','Hello! Currently I have an issues with my tree, it has fallen on top of the house! Not the damn house! Can we please have this sorted quickly?','2600','12','18','5','1');
INSERT INTO request (request_id,request_date,instruction,postcode,client_id,professional_id,service_id,request_status_id) VALUES ('55','2023-05-25 01:48:27.451','I am not sure what is going on, but we are having trouble with the tree in the front yard. It is blocking our view of the coast. If someone could look at this quickly I would be grateful!','2600','9',null,'3','3');
INSERT INTO request (request_id,request_date,instruction,postcode,client_id,professional_id,service_id,request_status_id) VALUES ('56','2023-05-28 23:44:52.429','Help me! Problem with the tree in the front yard. It is blocking our view of the coast. Really wanna get this one fixed before my partner returns from their trip...','2774','14','12','5','2');
INSERT INTO request (request_id,request_date,instruction,postcode,client_id,professional_id,service_id,request_status_id) VALUES ('57','2023-05-22 12:09:00.728','Ayyyyyye pro man or woman, help us with the tree, it has has fallen over. Tried to stop it though! Can we please have this sorted quickly?','2774','14',null,'2','4');
INSERT INTO request (request_id,request_date,instruction,postcode,client_id,professional_id,service_id,request_status_id) VALUES ('58','2023-06-02 10:22:32.484','Good Morning! There is an issue with the tree, it has fallen on top of the house! Not the damn house! No rush on the issue.','2600','20',null,'2','3');
INSERT INTO request (request_id,request_date,instruction,postcode,client_id,professional_id,service_id,request_status_id) VALUES ('59','2023-05-20 13:07:44.784','To whom this may concern, I have discovered an issue with my tree in the front yard. It is blocking our view of the coast. Can this please be fixed ASAP!?','2600','15',null,'4','3');
INSERT INTO request (request_id,request_date,instruction,postcode,client_id,professional_id,service_id,request_status_id) VALUES ('60','2023-06-12 12:31:01.897','I am not sure what is going on, but we are having trouble with the tree in the front yard. It is blocking our view of the coast. No rush on the issue.','2602','6','17','4','3');
INSERT INTO request (request_id,request_date,instruction,postcode,client_id,professional_id,service_id,request_status_id) VALUES ('61','2023-05-31 20:05:33.28','Good Afternoon! I have found an issue with the tree, it is leaning. Really badly so... Gotta get this one done quick, interest rates are going right up might run out of funds soon!','2600','8',null,'2','2');
INSERT INTO request (request_id,request_date,instruction,postcode,client_id,professional_id,service_id,request_status_id) VALUES ('62','2023-06-14 07:45:53.085','Awh man looks like there is an issue with the broken branch, it is hanging. Kinda looks like it might fall on the house uh... I do not want to be rude, but could this please be looked at with haste?','2600','12','18','1','4');
INSERT INTO request (request_id,request_date,instruction,postcode,client_id,professional_id,service_id,request_status_id) VALUES ('63','2023-05-20 13:48:36.044','Ayyyyyye pro man or woman, help us with the tree, it has fallen on top of the house! Not the damn house! Really wanna get this one fixed before my partner returns from their trip...','2774','2',null,'2','1');
INSERT INTO request (request_id,request_date,instruction,postcode,client_id,professional_id,service_id,request_status_id) VALUES ('64','2023-06-03 08:35:53.894','Help me! Problem with the broken branch, it is hanging. Kinda looks like it might fall on the house uh... Really wanna get this one fixed before my partner returns from their trip...','2774','14',null,'3','4');
INSERT INTO request (request_id,request_date,instruction,postcode,client_id,professional_id,service_id,request_status_id) VALUES ('65','2023-05-26 23:13:13.003','To whom this may concern, I have discovered an issue with my tree. Neighbour planted it actually and I hate it! Gotta get this thing removed. I do not want to be rude, but could this please be looked at with haste?','2600','21',null,'4','2');
INSERT INTO request (request_id,request_date,instruction,postcode,client_id,professional_id,service_id,request_status_id) VALUES ('66','2023-06-08 18:06:21.805','Help me! Problem with the tree in the front yard. It is blocking our view of the coast. Really wanna get this one fixed before my partner returns from their trip...','2600','15','18','4','3');
INSERT INTO request (request_id,request_date,instruction,postcode,client_id,professional_id,service_id,request_status_id) VALUES ('67','2023-06-01 01:50:51.048','This morning I started having trouble with the tree in the front yard. It is blocking our view of the coast. Help me if my partner sees this and confirms they were right. This one might be bad haha...','2600','20',null,'1','4');
INSERT INTO request (request_id,request_date,instruction,postcode,client_id,professional_id,service_id,request_status_id) VALUES ('68','2023-06-03 23:33:33.572','Help me! Problem with the front yard tree. My partner insisted that we plant a tree in the back yard. Now the council has complained forcing us to remove the tree. I should never listened to my partner!! No rush on the issue.','2774','24',null,'2','3');
INSERT INTO request (request_id,request_date,instruction,postcode,client_id,professional_id,service_id,request_status_id) VALUES ('69','2023-06-06 16:44:19.5','Good Afternoon! I have found an issue with the tree. Neighbour planted it actually and I hate it! Gotta get this thing removed. Can this please be fixed ASAP!?','2774','2','12','5','2');
INSERT INTO request (request_id,request_date,instruction,postcode,client_id,professional_id,service_id,request_status_id) VALUES ('70','2023-05-27 00:20:17.248','Hiya, there is a problem with our broken branch, it is hanging. Kinda looks like it might fall on the house uh... Gotta get this one done quick, interest rates are going right up might run out of funds soon!','2774','2',null,'2','4');
INSERT INTO request (request_id,request_date,instruction,postcode,client_id,professional_id,service_id,request_status_id) VALUES ('71','2023-06-16 07:20:08.597','To whom this may concern, I have discovered an issue with my broken branch, it is hanging. Kinda looks like it might fall on the house uh... If someone could look at this quickly I would be grateful!','2600','21',null,'3','4');
INSERT INTO request (request_id,request_date,instruction,postcode,client_id,professional_id,service_id,request_status_id) VALUES ('72','2023-05-21 15:31:54.514','To whom this may concern, I have discovered an issue with my tree. Neighbour planted it actually and I hate it! Gotta get this thing removed. Gotta get this one done quick, interest rates are going right up might run out of funds soon!','2600','15',null,'5','1');
INSERT INTO request (request_id,request_date,instruction,postcode,client_id,professional_id,service_id,request_status_id) VALUES ('73','2023-06-08 04:27:10.773','Ayyyyyye pro man or woman, help us with the tree. Neighbour planted it actually and I hate it! Gotta get this thing removed. Can this please be fixed ASAP!?','2602','18',null,'1','1');
INSERT INTO request (request_id,request_date,instruction,postcode,client_id,professional_id,service_id,request_status_id) VALUES ('74','2023-06-12 22:42:45.63','Good Morning! There is an issue with the tree. Neighbour planted it actually and I hate it! Gotta get this thing removed. Can we please have this sorted quickly?','2602','5','19','3','3');
INSERT INTO request (request_id,request_date,instruction,postcode,client_id,professional_id,service_id,request_status_id) VALUES ('75','2023-06-09 01:29:48.109','To whom this may concern, I have discovered an issue with my tree, it has fallen on top of the house! Not the damn house! If someone could look at this quickly I would be grateful!','2774','10',null,'2','3');
INSERT INTO request (request_id,request_date,instruction,postcode,client_id,professional_id,service_id,request_status_id) VALUES ('76','2023-05-20 12:03:47.055','Hiya, there is a problem with our tree in the front yard. It is blocking our view of the coast. If someone could look at this quickly I would be grateful!','2600','26',null,'2','4');
INSERT INTO request (request_id,request_date,instruction,postcode,client_id,professional_id,service_id,request_status_id) VALUES ('77','2023-05-18 05:19:06.333','Good Morning! There is an issue with the front yard tree. My partner insisted that we plant a tree in the back yard. Now the council has complained forcing us to remove the tree. I should never listened to my partner!! Can we please have this sorted quickly?','2600','25',null,'1','2');
INSERT INTO request (request_id,request_date,instruction,postcode,client_id,professional_id,service_id,request_status_id) VALUES ('78','2023-05-26 14:20:53.207','Ayyyyyye pro man or woman, help us with the tree, it has fallen on top of the house! Not the damn house! Really wanna get this one fixed before my partner returns from their trip...','2602','11','2','2','4');
INSERT INTO request (request_id,request_date,instruction,postcode,client_id,professional_id,service_id,request_status_id) VALUES ('79','2023-06-01 17:22:01.942','Bonjour sir/madam. The partner and I figured it would be best to get a professional to sort out the issue with the tree in the front yard. It is blocking our view of the coast. Gotta get this one done quick, interest rates are going right up might run out of funds soon!','2602','13','2','1','1');
INSERT INTO request (request_id,request_date,instruction,postcode,client_id,professional_id,service_id,request_status_id) VALUES ('80','2023-06-01 03:22:41.146','Hello! Currently I have an issues with my broken branch, it is hanging. Kinda looks like it might fall on the house uh... Really wanna get this one fixed before my partner returns from their trip...','2600','25',null,'5','4');
INSERT INTO request (request_id,request_date,instruction,postcode,client_id,professional_id,service_id,request_status_id) VALUES ('81','2023-06-09 12:48:11.091','I am not sure what is going on, but we are having trouble with the tree. Neighbour planted it actually and I hate it! Gotta get this thing removed. Can this please be fixed ASAP!?','2774','19',null,'2','2');
INSERT INTO request (request_id,request_date,instruction,postcode,client_id,professional_id,service_id,request_status_id) VALUES ('82','2023-06-13 20:29:18.868','Hello! Currently I have an issues with my tree, it has has fallen over. Tried to stop it though! Really wanna get this one fixed before my partner returns from their trip...','2600','12','10','2','2');
INSERT INTO request (request_id,request_date,instruction,postcode,client_id,professional_id,service_id,request_status_id) VALUES ('83','2023-06-09 23:33:18.654','Help me! Problem with the front yard tree. My partner insisted that we plant a tree in the back yard. Now the council has complained forcing us to remove the tree. I should never listened to my partner!! Can this please be fixed ASAP!?','2602','3','2','3','4');
INSERT INTO request (request_id,request_date,instruction,postcode,client_id,professional_id,service_id,request_status_id) VALUES ('84','2023-05-29 20:51:39.498','Awh man looks like there is an issue with the front yard tree. My partner insisted that we plant a tree in the back yard. Now the council has complained forcing us to remove the tree. I should never listened to my partner!! Really wanna get this one fixed before my partner returns from their trip...','2602','3','13','2','4');
INSERT INTO request (request_id,request_date,instruction,postcode,client_id,professional_id,service_id,request_status_id) VALUES ('85','2023-05-17 23:49:36.862','Hiya, there is a problem with our front yard tree. My partner insisted that we plant a tree in the back yard. Now the council has complained forcing us to remove the tree. I should never listened to my partner!! Can this please be fixed ASAP!?','2600','9','11','3','3');
INSERT INTO request (request_id,request_date,instruction,postcode,client_id,professional_id,service_id,request_status_id) VALUES ('86','2023-05-30 07:26:51.219','This morning I started having trouble with the tree, it has has fallen over. Tried to stop it though! I do not want to be rude, but could this please be looked at with haste?','2600','20',null,'2','2');
INSERT INTO request (request_id,request_date,instruction,postcode,client_id,professional_id,service_id,request_status_id) VALUES ('87','2023-06-10 00:37:47.599','Bonjour sir/madam. The partner and I figured it would be best to get a professional to sort out the issue with the tree in the front yard. It is blocking our view of the coast. Can we please have this sorted quickly?','2600','21',null,'3','1');
INSERT INTO request (request_id,request_date,instruction,postcode,client_id,professional_id,service_id,request_status_id) VALUES ('88','2023-06-07 13:57:22.071','Awh man looks like there is an issue with the tree. Neighbour planted it actually and I hate it! Gotta get this thing removed. Gotta get this one done quick, interest rates are going right up might run out of funds soon!','2774','19','1','3','2');
INSERT INTO request (request_id,request_date,instruction,postcode,client_id,professional_id,service_id,request_status_id) VALUES ('89','2023-05-19 02:19:11.693','Hiya, there is a problem with our tree, it has fallen on top of the house! Not the damn house! I do not want to be rude, but could this please be looked at with haste?','2774','10','5','1','2');
INSERT INTO request (request_id,request_date,instruction,postcode,client_id,professional_id,service_id,request_status_id) VALUES ('90','2023-05-21 18:37:17.43','Good Morning! There is an issue with the tree, it has fallen on top of the house! Not the damn house! Can we please have this sorted quickly?','2600','12','18','4','2');
INSERT INTO request (request_id,request_date,instruction,postcode,client_id,professional_id,service_id,request_status_id) VALUES ('91','2023-06-11 23:18:01.673','Hello! Currently I have an issues with my tree, it has has fallen over. Tried to stop it though! I do not want to be rude, but could this please be looked at with haste?','2600','20',null,'4','1');
INSERT INTO request (request_id,request_date,instruction,postcode,client_id,professional_id,service_id,request_status_id) VALUES ('92','2023-05-18 17:25:37.831','Bonjour sir/madam. The partner and I figured it would be best to get a professional to sort out the issue with the tree in the front yard. It is blocking our view of the coast. Help me if my partner sees this and confirms they were right. This one might be bad haha...','2600','20','10','2','2');
INSERT INTO request (request_id,request_date,instruction,postcode,client_id,professional_id,service_id,request_status_id) VALUES ('93','2023-06-13 23:40:30.696','Hello! Currently I have an issues with my tree, it is leaning. Really badly so... Can we please have this sorted quickly?','2774','19','5','4','2');
INSERT INTO request (request_id,request_date,instruction,postcode,client_id,professional_id,service_id,request_status_id) VALUES ('94','2023-06-16 21:13:37.753','Ayyyyyye pro man or woman, help us with the tree, it is leaning. Really badly so... Gotta get this one done quick, interest rates are going right up might run out of funds soon!','2774','19','5','4','2');
INSERT INTO request (request_id,request_date,instruction,postcode,client_id,professional_id,service_id,request_status_id) VALUES ('95','2023-05-20 14:03:36.796','Bonjour sir/madam. The partner and I figured it would be best to get a professional to sort out the issue with the broken branch, it is hanging. Kinda looks like it might fall on the house uh... Can we please have this sorted quickly?','2600','17',null,'1','2');
INSERT INTO request (request_id,request_date,instruction,postcode,client_id,professional_id,service_id,request_status_id) VALUES ('96','2023-05-22 00:33:15.885','Bonjour sir/madam. The partner and I figured it would be best to get a professional to sort out the issue with the tree, it is leaning. Really badly so... Can we please have this sorted quickly?','2600','12',null,'3','2');
INSERT INTO request (request_id,request_date,instruction,postcode,client_id,professional_id,service_id,request_status_id) VALUES ('97','2023-06-07 11:39:04.875','Awh man looks like there is an issue with the tree, it has has fallen over. Tried to stop it though! Help me if my partner sees this and confirms they were right. This one might be bad haha...','2602','18','19','3','1');
INSERT INTO request (request_id,request_date,instruction,postcode,client_id,professional_id,service_id,request_status_id) VALUES ('98','2023-05-21 06:46:41.732','Good Morning! There is an issue with the tree, it has has fallen over. Tried to stop it though! Look forward to hearing from you.','2601','16',null,'1','3');
INSERT INTO request (request_id,request_date,instruction,postcode,client_id,professional_id,service_id,request_status_id) VALUES ('99','2023-05-28 18:10:04.181','Bonjour sir/madam. The partner and I figured it would be best to get a professional to sort out the issue with the tree. Neighbour planted it actually and I hate it! Gotta get this thing removed. Really wanna get this one fixed before my partner returns from their trip...','2600','12','18','5','4');
INSERT INTO request (request_id,request_date,instruction,postcode,client_id,professional_id,service_id,request_status_id) VALUES ('100','2023-06-11 10:56:16.111','Bonjour sir/madam. The partner and I figured it would be best to get a professional to sort out the issue with the tree, it has has fallen over. Tried to stop it though! If someone could look at this quickly I would be grateful!','2600','17',null,'2','2');

ALTER TABLE request_bid AUTO_INCREMENT = 1;

INSERT INTO request_bid (request_bid_id,request_id,professional_id,amount,sent_date,bid_status_id) VALUES ('1','1','7','198.48558926062194','2023-06-16 12:12:18.302','2');
INSERT INTO request_bid (request_bid_id,request_id,professional_id,amount,sent_date,bid_status_id) VALUES ('2','1','9','31.273613218581733','2023-05-26 01:09:49.616','3');
INSERT INTO request_bid (request_bid_id,request_id,professional_id,amount,sent_date,bid_status_id) VALUES ('3','2','18','34.52882222340487','2023-06-05 00:01:38.478','3');
INSERT INTO request_bid (request_bid_id,request_id,professional_id,amount,sent_date,bid_status_id) VALUES ('4','3','13','188.53330721378038','2023-05-20 17:32:26.57','1');
INSERT INTO request_bid (request_bid_id,request_id,professional_id,amount,sent_date,bid_status_id) VALUES ('5','3','17','26.203880932664255','2023-06-02 08:41:43.574','2');
INSERT INTO request_bid (request_bid_id,request_id,professional_id,amount,sent_date,bid_status_id) VALUES ('6','3','19','79.58173988008308','2023-05-18 15:09:46.275','3');
INSERT INTO request_bid (request_bid_id,request_id,professional_id,amount,sent_date,bid_status_id) VALUES ('7','4','11','86.1792409479126','2023-06-14 11:11:48.729','2');
INSERT INTO request_bid (request_bid_id,request_id,professional_id,amount,sent_date,bid_status_id) VALUES ('8','5','18','60.535839135219184','2023-06-10 05:00:08.851','2');
INSERT INTO request_bid (request_bid_id,request_id,professional_id,amount,sent_date,bid_status_id) VALUES ('9','5','18','163.9966628726622','2023-06-03 12:13:09.978','3');
INSERT INTO request_bid (request_bid_id,request_id,professional_id,amount,sent_date,bid_status_id) VALUES ('10','6','18','183.55009287296332','2023-06-14 14:16:57.447','1');
INSERT INTO request_bid (request_bid_id,request_id,professional_id,amount,sent_date,bid_status_id) VALUES ('11','7','10','32.37838183628995','2023-06-03 08:06:55.465','2');
INSERT INTO request_bid (request_bid_id,request_id,professional_id,amount,sent_date,bid_status_id) VALUES ('12','8','2','56.19001678605254','2023-06-02 11:08:34.957','2');
INSERT INTO request_bid (request_bid_id,request_id,professional_id,amount,sent_date,bid_status_id) VALUES ('13','8','15','95.59090731779486','2023-06-05 04:21:16.493','3');
INSERT INTO request_bid (request_bid_id,request_id,professional_id,amount,sent_date,bid_status_id) VALUES ('14','8','15','191.85777860399523','2023-05-31 02:52:48.232','3');
INSERT INTO request_bid (request_bid_id,request_id,professional_id,amount,sent_date,bid_status_id) VALUES ('15','8','19','77.66121358429848','2023-06-08 18:17:57.149','3');
INSERT INTO request_bid (request_bid_id,request_id,professional_id,amount,sent_date,bid_status_id) VALUES ('16','9','2','168.6550968469632','2023-05-26 02:47:38.928','1');
INSERT INTO request_bid (request_bid_id,request_id,professional_id,amount,sent_date,bid_status_id) VALUES ('17','9','15','49.08463288682971','2023-06-03 22:50:20.806','2');
INSERT INTO request_bid (request_bid_id,request_id,professional_id,amount,sent_date,bid_status_id) VALUES ('18','9','19','155.48750612061758','2023-05-27 11:58:04.585','3');
INSERT INTO request_bid (request_bid_id,request_id,professional_id,amount,sent_date,bid_status_id) VALUES ('19','9','20','170.48929094944268','2023-06-05 19:28:53.766','3');
INSERT INTO request_bid (request_bid_id,request_id,professional_id,amount,sent_date,bid_status_id) VALUES ('20','10','4','91.29103032027254','2023-05-22 22:18:37.732','1');
INSERT INTO request_bid (request_bid_id,request_id,professional_id,amount,sent_date,bid_status_id) VALUES ('21','10','8','161.32535646729812','2023-06-09 19:46:32.851','3');
INSERT INTO request_bid (request_bid_id,request_id,professional_id,amount,sent_date,bid_status_id) VALUES ('22','10','12','169.55908505223854','2023-05-23 00:34:57.647','2');
INSERT INTO request_bid (request_bid_id,request_id,professional_id,amount,sent_date,bid_status_id) VALUES ('23','10','16','149.9789475586023','2023-05-29 18:05:43.179','3');
INSERT INTO request_bid (request_bid_id,request_id,professional_id,amount,sent_date,bid_status_id) VALUES ('24','11','10','124.20831559103526','2023-06-16 06:28:10.76','1');
INSERT INTO request_bid (request_bid_id,request_id,professional_id,amount,sent_date,bid_status_id) VALUES ('25','12','2','18.962627960307564','2023-06-16 11:58:00.994','2');
INSERT INTO request_bid (request_bid_id,request_id,professional_id,amount,sent_date,bid_status_id) VALUES ('26','12','6','55.38944040060958','2023-06-07 19:27:22.396','3');
INSERT INTO request_bid (request_bid_id,request_id,professional_id,amount,sent_date,bid_status_id) VALUES ('27','13','7','148.71415695232773','2023-05-27 13:20:38.149','1');
INSERT INTO request_bid (request_bid_id,request_id,professional_id,amount,sent_date,bid_status_id) VALUES ('28','14','18','155.35471598215045','2023-06-15 15:58:47.943','3');
INSERT INTO request_bid (request_bid_id,request_id,professional_id,amount,sent_date,bid_status_id) VALUES ('29','15','2','116.99794900217509','2023-05-19 17:56:23.318','1');
INSERT INTO request_bid (request_bid_id,request_id,professional_id,amount,sent_date,bid_status_id) VALUES ('30','15','6','96.0930663586713','2023-05-25 14:12:54.743','1');
INSERT INTO request_bid (request_bid_id,request_id,professional_id,amount,sent_date,bid_status_id) VALUES ('31','15','13','119.24108926597812','2023-05-22 07:41:24.76','3');
INSERT INTO request_bid (request_bid_id,request_id,professional_id,amount,sent_date,bid_status_id) VALUES ('32','15','15','153.9593552783383','2023-05-23 08:11:25.1','3');
INSERT INTO request_bid (request_bid_id,request_id,professional_id,amount,sent_date,bid_status_id) VALUES ('33','15','19','50.015252140544504','2023-05-29 13:55:06.2','1');
INSERT INTO request_bid (request_bid_id,request_id,professional_id,amount,sent_date,bid_status_id) VALUES ('34','15','20','103.49533882306139','2023-05-25 18:44:39.375','3');
INSERT INTO request_bid (request_bid_id,request_id,professional_id,amount,sent_date,bid_status_id) VALUES ('35','16','5','123.77967876028542','2023-06-09 22:44:52.664','1');
INSERT INTO request_bid (request_bid_id,request_id,professional_id,amount,sent_date,bid_status_id) VALUES ('36','16','5','184.38158859078555','2023-06-08 08:26:42.613','2');
INSERT INTO request_bid (request_bid_id,request_id,professional_id,amount,sent_date,bid_status_id) VALUES ('37','16','8','166.43881921435135','2023-05-29 02:43:30.048','3');
INSERT INTO request_bid (request_bid_id,request_id,professional_id,amount,sent_date,bid_status_id) VALUES ('38','17','2','49.41914818587046','2023-05-19 19:05:28.498','2');
INSERT INTO request_bid (request_bid_id,request_id,professional_id,amount,sent_date,bid_status_id) VALUES ('39','17','15','114.45723150693811','2023-05-26 13:04:29.755','3');
INSERT INTO request_bid (request_bid_id,request_id,professional_id,amount,sent_date,bid_status_id) VALUES ('40','17','15','114.99134648921823','2023-05-26 21:46:28.621','3');
INSERT INTO request_bid (request_bid_id,request_id,professional_id,amount,sent_date,bid_status_id) VALUES ('41','17','19','26.54151567802095','2023-05-21 02:26:49.594','3');
INSERT INTO request_bid (request_bid_id,request_id,professional_id,amount,sent_date,bid_status_id) VALUES ('42','18','18','181.26503084129624','2023-06-02 10:03:42.977','3');
INSERT INTO request_bid (request_bid_id,request_id,professional_id,amount,sent_date,bid_status_id) VALUES ('43','19','18','177.84553293165655','2023-06-05 01:34:09.645','2');
INSERT INTO request_bid (request_bid_id,request_id,professional_id,amount,sent_date,bid_status_id) VALUES ('44','20','11','44.741942018482106','2023-06-06 20:00:27.909','3');
INSERT INTO request_bid (request_bid_id,request_id,professional_id,amount,sent_date,bid_status_id) VALUES ('45','21','18','18.330520764296097','2023-06-03 14:47:30.328','1');
INSERT INTO request_bid (request_bid_id,request_id,professional_id,amount,sent_date,bid_status_id) VALUES ('46','21','18','188.12220231673524','2023-05-19 13:59:58.753','1');
INSERT INTO request_bid (request_bid_id,request_id,professional_id,amount,sent_date,bid_status_id) VALUES ('47','22','5','38.41024663932892','2023-05-19 19:12:08.756','2');
INSERT INTO request_bid (request_bid_id,request_id,professional_id,amount,sent_date,bid_status_id) VALUES ('48','22','8','13.445236230486167','2023-05-25 10:59:54.904','3');
INSERT INTO request_bid (request_bid_id,request_id,professional_id,amount,sent_date,bid_status_id) VALUES ('49','22','12','152.09925730377498','2023-06-03 20:11:47.453','3');
INSERT INTO request_bid (request_bid_id,request_id,professional_id,amount,sent_date,bid_status_id) VALUES ('50','22','12','111.94973541798703','2023-05-25 20:09:49.243','3');
INSERT INTO request_bid (request_bid_id,request_id,professional_id,amount,sent_date,bid_status_id) VALUES ('51','23','11','58.90513739907331','2023-06-13 18:51:38.994','2');
INSERT INTO request_bid (request_bid_id,request_id,professional_id,amount,sent_date,bid_status_id) VALUES ('52','24','7','167.4449293733864','2023-05-21 14:21:55.958','2');
INSERT INTO request_bid (request_bid_id,request_id,professional_id,amount,sent_date,bid_status_id) VALUES ('53','24','9','125.36006721245694','2023-06-11 10:41:23.535','3');
INSERT INTO request_bid (request_bid_id,request_id,professional_id,amount,sent_date,bid_status_id) VALUES ('54','25','18','56.91524028655331','2023-05-25 10:07:57.009','2');
INSERT INTO request_bid (request_bid_id,request_id,professional_id,amount,sent_date,bid_status_id) VALUES ('55','26','7','28.07242476930439','2023-06-16 16:53:36.451','1');
INSERT INTO request_bid (request_bid_id,request_id,professional_id,amount,sent_date,bid_status_id) VALUES ('56','26','9','172.18458719897833','2023-05-30 00:42:56.387','2');
INSERT INTO request_bid (request_bid_id,request_id,professional_id,amount,sent_date,bid_status_id) VALUES ('57','27','2','37.050488993180295','2023-06-06 02:58:50.712','2');
INSERT INTO request_bid (request_bid_id,request_id,professional_id,amount,sent_date,bid_status_id) VALUES ('58','27','6','15.48556562209703','2023-06-09 16:21:08.802','3');
INSERT INTO request_bid (request_bid_id,request_id,professional_id,amount,sent_date,bid_status_id) VALUES ('59','28','2','101.34246026363128','2023-06-05 01:12:20.849','1');
INSERT INTO request_bid (request_bid_id,request_id,professional_id,amount,sent_date,bid_status_id) VALUES ('60','28','6','68.75497153213914','2023-05-30 07:30:45.114','3');
INSERT INTO request_bid (request_bid_id,request_id,professional_id,amount,sent_date,bid_status_id) VALUES ('61','28','13','80.72945095394907','2023-06-01 18:40:25.694','3');
INSERT INTO request_bid (request_bid_id,request_id,professional_id,amount,sent_date,bid_status_id) VALUES ('62','28','15','79.86495508255896','2023-06-10 11:19:30.708','3');
INSERT INTO request_bid (request_bid_id,request_id,professional_id,amount,sent_date,bid_status_id) VALUES ('63','28','19','198.72171424945515','2023-05-18 10:56:32.318','3');
INSERT INTO request_bid (request_bid_id,request_id,professional_id,amount,sent_date,bid_status_id) VALUES ('64','28','20','162.94373670340224','2023-05-26 10:42:37.02','2');
INSERT INTO request_bid (request_bid_id,request_id,professional_id,amount,sent_date,bid_status_id) VALUES ('65','29','18','60.193942362722176','2023-06-10 19:44:01.543','2');
INSERT INTO request_bid (request_bid_id,request_id,professional_id,amount,sent_date,bid_status_id) VALUES ('66','30','2','110.70635547449673','2023-06-16 20:46:38.088','1');
INSERT INTO request_bid (request_bid_id,request_id,professional_id,amount,sent_date,bid_status_id) VALUES ('67','30','15','155.69907663219948','2023-06-09 15:11:39.068','1');
INSERT INTO request_bid (request_bid_id,request_id,professional_id,amount,sent_date,bid_status_id) VALUES ('68','30','19','69.9637541781197','2023-06-01 00:01:23.755','2');
INSERT INTO request_bid (request_bid_id,request_id,professional_id,amount,sent_date,bid_status_id) VALUES ('69','30','20','79.2502546656585','2023-06-15 04:07:51.968','3');
INSERT INTO request_bid (request_bid_id,request_id,professional_id,amount,sent_date,bid_status_id) VALUES ('70','31','18','169.2789068916455','2023-05-28 13:01:47.91','1');
INSERT INTO request_bid (request_bid_id,request_id,professional_id,amount,sent_date,bid_status_id) VALUES ('71','32','1','70.79135548874274','2023-05-21 03:35:17.915','3');
INSERT INTO request_bid (request_bid_id,request_id,professional_id,amount,sent_date,bid_status_id) VALUES ('72','32','5','49.30195193046251','2023-05-19 21:47:06.807','3');
INSERT INTO request_bid (request_bid_id,request_id,professional_id,amount,sent_date,bid_status_id) VALUES ('73','33','10','198.89369808361667','2023-05-28 07:40:09.355','1');
INSERT INTO request_bid (request_bid_id,request_id,professional_id,amount,sent_date,bid_status_id) VALUES ('74','34','5','76.91766425793797','2023-06-09 21:59:34.01','3');
INSERT INTO request_bid (request_bid_id,request_id,professional_id,amount,sent_date,bid_status_id) VALUES ('75','34','5','47.4160729406112','2023-06-04 08:47:47.512','1');
INSERT INTO request_bid (request_bid_id,request_id,professional_id,amount,sent_date,bid_status_id) VALUES ('76','34','8','49.56354529661676','2023-06-12 01:11:24.635','3');
INSERT INTO request_bid (request_bid_id,request_id,professional_id,amount,sent_date,bid_status_id) VALUES ('77','35','2','180.6679217435094','2023-06-14 03:39:51.863','3');
INSERT INTO request_bid (request_bid_id,request_id,professional_id,amount,sent_date,bid_status_id) VALUES ('78','35','6','37.58778763321227','2023-06-09 15:09:26.56','3');
INSERT INTO request_bid (request_bid_id,request_id,professional_id,amount,sent_date,bid_status_id) VALUES ('79','35','13','118.82174285288016','2023-05-31 01:10:35.439','3');
INSERT INTO request_bid (request_bid_id,request_id,professional_id,amount,sent_date,bid_status_id) VALUES ('80','35','15','146.66525267197665','2023-06-01 16:25:41.061','1');
INSERT INTO request_bid (request_bid_id,request_id,professional_id,amount,sent_date,bid_status_id) VALUES ('81','35','19','137.73941304955042','2023-06-03 18:02:09.925','3');
INSERT INTO request_bid (request_bid_id,request_id,professional_id,amount,sent_date,bid_status_id) VALUES ('82','35','20','76.05331376002972','2023-05-24 05:24:43.359','3');
INSERT INTO request_bid (request_bid_id,request_id,professional_id,amount,sent_date,bid_status_id) VALUES ('83','36','7','199.6141382297189','2023-06-11 13:16:15.377','3');
INSERT INTO request_bid (request_bid_id,request_id,professional_id,amount,sent_date,bid_status_id) VALUES ('84','36','9','160.5143729560101','2023-05-22 13:25:31.875','3');
INSERT INTO request_bid (request_bid_id,request_id,professional_id,amount,sent_date,bid_status_id) VALUES ('85','37','2','12.723796222391025','2023-06-02 17:12:52.86','2');
INSERT INTO request_bid (request_bid_id,request_id,professional_id,amount,sent_date,bid_status_id) VALUES ('86','37','15','109.67999335305312','2023-06-11 17:23:54.556','3');
INSERT INTO request_bid (request_bid_id,request_id,professional_id,amount,sent_date,bid_status_id) VALUES ('87','37','15','51.91472079771063','2023-06-12 01:39:30.361','3');
INSERT INTO request_bid (request_bid_id,request_id,professional_id,amount,sent_date,bid_status_id) VALUES ('88','37','19','160.90487856696222','2023-06-02 11:44:02.379','3');
INSERT INTO request_bid (request_bid_id,request_id,professional_id,amount,sent_date,bid_status_id) VALUES ('89','38','2','20.67161794222256','2023-06-01 13:27:28.618','2');
INSERT INTO request_bid (request_bid_id,request_id,professional_id,amount,sent_date,bid_status_id) VALUES ('90','38','6','167.43104169622472','2023-05-19 05:56:43.134','3');
INSERT INTO request_bid (request_bid_id,request_id,professional_id,amount,sent_date,bid_status_id) VALUES ('91','38','13','165.84593381135332','2023-06-01 14:52:20.351','3');
INSERT INTO request_bid (request_bid_id,request_id,professional_id,amount,sent_date,bid_status_id) VALUES ('92','38','15','195.05088007325472','2023-05-23 10:57:52.559','3');
INSERT INTO request_bid (request_bid_id,request_id,professional_id,amount,sent_date,bid_status_id) VALUES ('93','38','19','139.44804479057103','2023-05-29 00:23:30.816','3');
INSERT INTO request_bid (request_bid_id,request_id,professional_id,amount,sent_date,bid_status_id) VALUES ('94','38','20','82.3612936156682','2023-05-29 10:20:17.016','3');
INSERT INTO request_bid (request_bid_id,request_id,professional_id,amount,sent_date,bid_status_id) VALUES ('95','39','13','194.2761604957247','2023-05-22 10:55:07.405','2');
INSERT INTO request_bid (request_bid_id,request_id,professional_id,amount,sent_date,bid_status_id) VALUES ('96','39','17','151.76903619526013','2023-05-26 19:06:29.121','3');
INSERT INTO request_bid (request_bid_id,request_id,professional_id,amount,sent_date,bid_status_id) VALUES ('97','39','19','93.55757465362166','2023-06-16 10:02:25.266','3');
INSERT INTO request_bid (request_bid_id,request_id,professional_id,amount,sent_date,bid_status_id) VALUES ('98','40','11','70.92594970086166','2023-06-06 18:57:16.686','1');
INSERT INTO request_bid (request_bid_id,request_id,professional_id,amount,sent_date,bid_status_id) VALUES ('99','41','10','23.404952198483805','2023-06-08 04:59:32.89','2');
INSERT INTO request_bid (request_bid_id,request_id,professional_id,amount,sent_date,bid_status_id) VALUES ('100','42','5','50.32093829034001','2023-06-11 23:25:09.893','1');
INSERT INTO request_bid (request_bid_id,request_id,professional_id,amount,sent_date,bid_status_id) VALUES ('101','42','8','96.03066268763124','2023-06-09 21:09:18.333','2');
INSERT INTO request_bid (request_bid_id,request_id,professional_id,amount,sent_date,bid_status_id) VALUES ('102','42','12','97.78127702391879','2023-05-21 02:57:10.785','3');
INSERT INTO request_bid (request_bid_id,request_id,professional_id,amount,sent_date,bid_status_id) VALUES ('103','42','12','111.19035433106062','2023-05-28 13:07:20.451','3');
INSERT INTO request_bid (request_bid_id,request_id,professional_id,amount,sent_date,bid_status_id) VALUES ('104','43','18','145.86841549117224','2023-06-08 18:38:05.559','3');
INSERT INTO request_bid (request_bid_id,request_id,professional_id,amount,sent_date,bid_status_id) VALUES ('105','44','1','65.6119658769641','2023-06-16 15:52:44.293','3');
INSERT INTO request_bid (request_bid_id,request_id,professional_id,amount,sent_date,bid_status_id) VALUES ('106','44','5','39.87622784781534','2023-06-03 17:40:17.67','2');
INSERT INTO request_bid (request_bid_id,request_id,professional_id,amount,sent_date,bid_status_id) VALUES ('107','46','4','193.14504105419974','2023-05-31 01:07:21.391','1');
INSERT INTO request_bid (request_bid_id,request_id,professional_id,amount,sent_date,bid_status_id) VALUES ('108','46','8','156.41146812815865','2023-05-20 15:32:54.658','2');
INSERT INTO request_bid (request_bid_id,request_id,professional_id,amount,sent_date,bid_status_id) VALUES ('109','46','12','51.98050969012728','2023-05-23 04:23:25.775','3');
INSERT INTO request_bid (request_bid_id,request_id,professional_id,amount,sent_date,bid_status_id) VALUES ('110','46','16','31.313877574529307','2023-05-29 18:56:48.771','3');
INSERT INTO request_bid (request_bid_id,request_id,professional_id,amount,sent_date,bid_status_id) VALUES ('111','47','18','133.03141304458117','2023-06-09 19:30:31.75','1');
INSERT INTO request_bid (request_bid_id,request_id,professional_id,amount,sent_date,bid_status_id) VALUES ('112','48','4','167.87282713460735','2023-05-22 10:31:03.57','2');
INSERT INTO request_bid (request_bid_id,request_id,professional_id,amount,sent_date,bid_status_id) VALUES ('113','48','8','61.19805137057824','2023-05-31 08:36:11.307','3');
INSERT INTO request_bid (request_bid_id,request_id,professional_id,amount,sent_date,bid_status_id) VALUES ('114','48','12','123.14117177224571','2023-05-30 09:56:28.513','3');
INSERT INTO request_bid (request_bid_id,request_id,professional_id,amount,sent_date,bid_status_id) VALUES ('115','48','16','133.93221758634382','2023-05-27 01:15:04.525','3');
INSERT INTO request_bid (request_bid_id,request_id,professional_id,amount,sent_date,bid_status_id) VALUES ('116','49','4','169.76860922202053','2023-05-21 09:19:44.395','3');
INSERT INTO request_bid (request_bid_id,request_id,professional_id,amount,sent_date,bid_status_id) VALUES ('117','49','8','16.992797497902863','2023-05-20 02:50:30.295','1');
INSERT INTO request_bid (request_bid_id,request_id,professional_id,amount,sent_date,bid_status_id) VALUES ('118','49','12','161.76553165514474','2023-05-26 14:54:36.052','2');
INSERT INTO request_bid (request_bid_id,request_id,professional_id,amount,sent_date,bid_status_id) VALUES ('119','49','16','98.17946901979863','2023-05-24 14:44:13.785','3');
INSERT INTO request_bid (request_bid_id,request_id,professional_id,amount,sent_date,bid_status_id) VALUES ('120','50','2','84.06300765165139','2023-06-09 08:57:43.706','1');
INSERT INTO request_bid (request_bid_id,request_id,professional_id,amount,sent_date,bid_status_id) VALUES ('121','50','6','29.267490666741036','2023-05-23 03:28:39.926','1');
INSERT INTO request_bid (request_bid_id,request_id,professional_id,amount,sent_date,bid_status_id) VALUES ('122','50','13','68.51861614945425','2023-05-22 00:23:24.523','2');
INSERT INTO request_bid (request_bid_id,request_id,professional_id,amount,sent_date,bid_status_id) VALUES ('123','50','15','192.3420085195419','2023-06-14 04:45:03.551','3');
INSERT INTO request_bid (request_bid_id,request_id,professional_id,amount,sent_date,bid_status_id) VALUES ('124','50','19','54.021246510927554','2023-05-24 05:48:08.308','3');
INSERT INTO request_bid (request_bid_id,request_id,professional_id,amount,sent_date,bid_status_id) VALUES ('125','50','20','106.55880757789134','2023-06-15 17:18:05.475','3');
INSERT INTO request_bid (request_bid_id,request_id,professional_id,amount,sent_date,bid_status_id) VALUES ('126','51','2','70.9391351284537','2023-05-20 17:17:17.839','1');
INSERT INTO request_bid (request_bid_id,request_id,professional_id,amount,sent_date,bid_status_id) VALUES ('127','51','15','81.40763296920113','2023-06-10 10:43:37.204','1');
INSERT INTO request_bid (request_bid_id,request_id,professional_id,amount,sent_date,bid_status_id) VALUES ('128','51','15','113.38510999699231','2023-05-27 04:53:36.308','2');
INSERT INTO request_bid (request_bid_id,request_id,professional_id,amount,sent_date,bid_status_id) VALUES ('129','51','19','86.20757482618137','2023-05-20 04:02:22.328','3');
INSERT INTO request_bid (request_bid_id,request_id,professional_id,amount,sent_date,bid_status_id) VALUES ('130','52','18','93.68439867575867','2023-06-03 21:05:28.787','1');
INSERT INTO request_bid (request_bid_id,request_id,professional_id,amount,sent_date,bid_status_id) VALUES ('131','53','10','100.10263841783852','2023-05-30 15:42:45.522','2');
INSERT INTO request_bid (request_bid_id,request_id,professional_id,amount,sent_date,bid_status_id) VALUES ('132','54','18','136.0473353170059','2023-05-25 07:55:28.537','2');
INSERT INTO request_bid (request_bid_id,request_id,professional_id,amount,sent_date,bid_status_id) VALUES ('133','54','18','171.3055978188282','2023-05-20 05:45:55.331','3');
INSERT INTO request_bid (request_bid_id,request_id,professional_id,amount,sent_date,bid_status_id) VALUES ('134','55','11','191.33636970023133','2023-06-02 10:49:58.006','1');
INSERT INTO request_bid (request_bid_id,request_id,professional_id,amount,sent_date,bid_status_id) VALUES ('135','56','4','159.89803414314352','2023-06-08 07:45:10.605','3');
INSERT INTO request_bid (request_bid_id,request_id,professional_id,amount,sent_date,bid_status_id) VALUES ('136','56','8','155.52619971551135','2023-06-09 16:11:57.552','1');
INSERT INTO request_bid (request_bid_id,request_id,professional_id,amount,sent_date,bid_status_id) VALUES ('137','56','12','147.84344636003638','2023-06-13 14:17:01.742','2');
INSERT INTO request_bid (request_bid_id,request_id,professional_id,amount,sent_date,bid_status_id) VALUES ('138','56','16','67.92006743534414','2023-06-09 13:21:21.836','3');
INSERT INTO request_bid (request_bid_id,request_id,professional_id,amount,sent_date,bid_status_id) VALUES ('139','58','10','20.044537734571158','2023-05-21 19:08:11.738','1');
INSERT INTO request_bid (request_bid_id,request_id,professional_id,amount,sent_date,bid_status_id) VALUES ('140','59','18','43.126781349492965','2023-06-08 18:14:18.658','3');
INSERT INTO request_bid (request_bid_id,request_id,professional_id,amount,sent_date,bid_status_id) VALUES ('141','60','13','111.13907604864029','2023-05-26 03:18:48.49','3');
INSERT INTO request_bid (request_bid_id,request_id,professional_id,amount,sent_date,bid_status_id) VALUES ('142','60','17','139.8894952460908','2023-06-02 13:22:57.239','2');
INSERT INTO request_bid (request_bid_id,request_id,professional_id,amount,sent_date,bid_status_id) VALUES ('143','60','19','83.0699210125391','2023-05-20 14:46:09.926','3');
INSERT INTO request_bid (request_bid_id,request_id,professional_id,amount,sent_date,bid_status_id) VALUES ('144','61','10','108.17714891023151','2023-06-07 06:53:25.592','1');
INSERT INTO request_bid (request_bid_id,request_id,professional_id,amount,sent_date,bid_status_id) VALUES ('145','62','18','30.442924352125477','2023-05-19 17:07:27.373','2');
INSERT INTO request_bid (request_bid_id,request_id,professional_id,amount,sent_date,bid_status_id) VALUES ('146','64','1','45.50833775789934','2023-05-20 08:56:35.291','3');
INSERT INTO request_bid (request_bid_id,request_id,professional_id,amount,sent_date,bid_status_id) VALUES ('147','64','5','156.1355851396408','2023-06-03 15:48:35.507','3');
INSERT INTO request_bid (request_bid_id,request_id,professional_id,amount,sent_date,bid_status_id) VALUES ('148','65','18','111.2959427206385','2023-05-23 01:54:05.415','1');
INSERT INTO request_bid (request_bid_id,request_id,professional_id,amount,sent_date,bid_status_id) VALUES ('149','66','18','173.06761512426732','2023-05-30 03:39:44.327','2');
INSERT INTO request_bid (request_bid_id,request_id,professional_id,amount,sent_date,bid_status_id) VALUES ('150','67','18','166.9542505663684','2023-06-15 06:38:04.561','3');
INSERT INTO request_bid (request_bid_id,request_id,professional_id,amount,sent_date,bid_status_id) VALUES ('151','69','4','138.80463729078724','2023-05-31 00:53:25.682','3');
INSERT INTO request_bid (request_bid_id,request_id,professional_id,amount,sent_date,bid_status_id) VALUES ('152','69','8','52.40509982709263','2023-05-26 15:24:24.285','3');
INSERT INTO request_bid (request_bid_id,request_id,professional_id,amount,sent_date,bid_status_id) VALUES ('153','69','12','71.9596351380226','2023-06-02 02:57:10.452','2');
INSERT INTO request_bid (request_bid_id,request_id,professional_id,amount,sent_date,bid_status_id) VALUES ('154','69','16','139.6926856671661','2023-06-10 16:57:36.948','3');
INSERT INTO request_bid (request_bid_id,request_id,professional_id,amount,sent_date,bid_status_id) VALUES ('155','71','11','48.21636612804982','2023-06-09 02:32:36.102','3');
INSERT INTO request_bid (request_bid_id,request_id,professional_id,amount,sent_date,bid_status_id) VALUES ('156','72','18','78.77623352450796','2023-05-20 21:04:17.357','3');
INSERT INTO request_bid (request_bid_id,request_id,professional_id,amount,sent_date,bid_status_id) VALUES ('157','72','18','154.57338809338276','2023-05-28 17:26:19.939','1');
INSERT INTO request_bid (request_bid_id,request_id,professional_id,amount,sent_date,bid_status_id) VALUES ('158','73','2','110.6635492047317','2023-06-06 21:57:28.791','1');
INSERT INTO request_bid (request_bid_id,request_id,professional_id,amount,sent_date,bid_status_id) VALUES ('159','73','6','65.06723726989529','2023-05-22 08:59:32.04','1');
INSERT INTO request_bid (request_bid_id,request_id,professional_id,amount,sent_date,bid_status_id) VALUES ('160','74','2','27.935538709654086','2023-06-11 10:30:50.635','3');
INSERT INTO request_bid (request_bid_id,request_id,professional_id,amount,sent_date,bid_status_id) VALUES ('161','74','15','92.80625965771972','2023-05-18 08:14:58.841','1');
INSERT INTO request_bid (request_bid_id,request_id,professional_id,amount,sent_date,bid_status_id) VALUES ('162','74','19','184.66276004252362','2023-05-19 03:57:30.173','2');
INSERT INTO request_bid (request_bid_id,request_id,professional_id,amount,sent_date,bid_status_id) VALUES ('163','74','20','164.24847398189823','2023-05-28 17:13:50.146','3');
INSERT INTO request_bid (request_bid_id,request_id,professional_id,amount,sent_date,bid_status_id) VALUES ('164','76','10','185.58934853276494','2023-05-29 00:14:12.111','1');
INSERT INTO request_bid (request_bid_id,request_id,professional_id,amount,sent_date,bid_status_id) VALUES ('165','77','18','176.2359374999021','2023-05-30 10:17:21.348','1');
INSERT INTO request_bid (request_bid_id,request_id,professional_id,amount,sent_date,bid_status_id) VALUES ('166','78','2','138.7893010566601','2023-05-23 08:28:01.582','2');
INSERT INTO request_bid (request_bid_id,request_id,professional_id,amount,sent_date,bid_status_id) VALUES ('167','78','6','190.68918187428687','2023-05-24 00:02:36.613','3');
INSERT INTO request_bid (request_bid_id,request_id,professional_id,amount,sent_date,bid_status_id) VALUES ('168','78','13','189.09981542098055','2023-05-28 02:53:31.227','3');
INSERT INTO request_bid (request_bid_id,request_id,professional_id,amount,sent_date,bid_status_id) VALUES ('169','78','15','120.87755160677109','2023-06-05 03:28:46.326','3');
INSERT INTO request_bid (request_bid_id,request_id,professional_id,amount,sent_date,bid_status_id) VALUES ('170','78','19','149.61043295214674','2023-06-06 22:59:27.723','3');
INSERT INTO request_bid (request_bid_id,request_id,professional_id,amount,sent_date,bid_status_id) VALUES ('171','78','20','22.905357402568395','2023-05-23 02:01:10.97','3');
INSERT INTO request_bid (request_bid_id,request_id,professional_id,amount,sent_date,bid_status_id) VALUES ('172','79','2','167.41023069856695','2023-06-06 02:56:26.097','2');
INSERT INTO request_bid (request_bid_id,request_id,professional_id,amount,sent_date,bid_status_id) VALUES ('173','79','6','150.2504409786871','2023-05-22 05:26:40.329','3');
INSERT INTO request_bid (request_bid_id,request_id,professional_id,amount,sent_date,bid_status_id) VALUES ('174','80','18','194.4531726433262','2023-06-11 20:11:11.027','1');
INSERT INTO request_bid (request_bid_id,request_id,professional_id,amount,sent_date,bid_status_id) VALUES ('175','80','18','104.3873802322411','2023-06-06 21:44:30.858','1');
INSERT INTO request_bid (request_bid_id,request_id,professional_id,amount,sent_date,bid_status_id) VALUES ('176','82','10','144.17964398883055','2023-05-31 01:08:56.225','2');
INSERT INTO request_bid (request_bid_id,request_id,professional_id,amount,sent_date,bid_status_id) VALUES ('177','83','2','66.60468654093611','2023-06-16 08:46:21.806','2');
INSERT INTO request_bid (request_bid_id,request_id,professional_id,amount,sent_date,bid_status_id) VALUES ('178','83','15','134.72348986715662','2023-06-16 07:02:34.958','3');
INSERT INTO request_bid (request_bid_id,request_id,professional_id,amount,sent_date,bid_status_id) VALUES ('179','83','19','41.68664648991463','2023-06-09 19:20:03.255','3');
INSERT INTO request_bid (request_bid_id,request_id,professional_id,amount,sent_date,bid_status_id) VALUES ('180','83','20','97.0803754882398','2023-06-11 21:37:30.75','3');
INSERT INTO request_bid (request_bid_id,request_id,professional_id,amount,sent_date,bid_status_id) VALUES ('181','84','2','193.52622867494588','2023-05-29 17:24:50.748','1');
INSERT INTO request_bid (request_bid_id,request_id,professional_id,amount,sent_date,bid_status_id) VALUES ('182','84','6','142.18046803977495','2023-06-03 21:54:49.599','3');
INSERT INTO request_bid (request_bid_id,request_id,professional_id,amount,sent_date,bid_status_id) VALUES ('183','84','13','191.96215504488384','2023-06-06 22:59:00.712','2');
INSERT INTO request_bid (request_bid_id,request_id,professional_id,amount,sent_date,bid_status_id) VALUES ('184','84','15','12.436361196740364','2023-06-07 02:26:45.656','3');
INSERT INTO request_bid (request_bid_id,request_id,professional_id,amount,sent_date,bid_status_id) VALUES ('185','84','19','87.22591584600445','2023-06-15 17:49:45.616','3');
INSERT INTO request_bid (request_bid_id,request_id,professional_id,amount,sent_date,bid_status_id) VALUES ('186','84','20','158.72101069855017','2023-06-13 07:53:04.316','3');
INSERT INTO request_bid (request_bid_id,request_id,professional_id,amount,sent_date,bid_status_id) VALUES ('187','85','11','27.016178035613745','2023-06-11 20:56:52.642','2');
INSERT INTO request_bid (request_bid_id,request_id,professional_id,amount,sent_date,bid_status_id) VALUES ('188','86','10','127.83132466342255','2023-05-29 22:59:01.549','1');
INSERT INTO request_bid (request_bid_id,request_id,professional_id,amount,sent_date,bid_status_id) VALUES ('189','87','11','169.4432710886787','2023-06-15 23:51:34.519','3');
INSERT INTO request_bid (request_bid_id,request_id,professional_id,amount,sent_date,bid_status_id) VALUES ('190','88','1','34.8586015733261','2023-05-27 22:59:37.72','2');
INSERT INTO request_bid (request_bid_id,request_id,professional_id,amount,sent_date,bid_status_id) VALUES ('191','88','5','178.13215958568804','2023-05-25 10:51:43.65','3');
INSERT INTO request_bid (request_bid_id,request_id,professional_id,amount,sent_date,bid_status_id) VALUES ('192','89','5','12.19806949040936','2023-05-25 19:24:51.879','1');
INSERT INTO request_bid (request_bid_id,request_id,professional_id,amount,sent_date,bid_status_id) VALUES ('193','89','5','149.05715232698685','2023-06-05 18:12:21.827','2');
INSERT INTO request_bid (request_bid_id,request_id,professional_id,amount,sent_date,bid_status_id) VALUES ('194','89','8','146.80638819765267','2023-05-20 23:36:22.93','3');
INSERT INTO request_bid (request_bid_id,request_id,professional_id,amount,sent_date,bid_status_id) VALUES ('195','90','18','41.227559795400744','2023-06-13 00:17:49.693','2');
INSERT INTO request_bid (request_bid_id,request_id,professional_id,amount,sent_date,bid_status_id) VALUES ('196','91','18','75.05136576465407','2023-05-20 14:48:07.057','3');
INSERT INTO request_bid (request_bid_id,request_id,professional_id,amount,sent_date,bid_status_id) VALUES ('197','92','10','33.321291317765734','2023-05-27 22:21:14.733','2');
INSERT INTO request_bid (request_bid_id,request_id,professional_id,amount,sent_date,bid_status_id) VALUES ('198','93','5','168.33030661827698','2023-05-22 18:46:03.64','2');
INSERT INTO request_bid (request_bid_id,request_id,professional_id,amount,sent_date,bid_status_id) VALUES ('199','93','8','173.8267821068764','2023-05-28 05:13:24.182','3');
INSERT INTO request_bid (request_bid_id,request_id,professional_id,amount,sent_date,bid_status_id) VALUES ('200','93','12','35.02871655457574','2023-06-10 21:42:05.928','3');
INSERT INTO request_bid (request_bid_id,request_id,professional_id,amount,sent_date,bid_status_id) VALUES ('201','93','12','86.27021926896032','2023-05-19 00:32:25.088','3');
INSERT INTO request_bid (request_bid_id,request_id,professional_id,amount,sent_date,bid_status_id) VALUES ('202','94','5','122.49228811239341','2023-06-06 10:34:01.819','2');
INSERT INTO request_bid (request_bid_id,request_id,professional_id,amount,sent_date,bid_status_id) VALUES ('203','94','8','85.72789697530466','2023-06-08 21:59:08.669','3');
INSERT INTO request_bid (request_bid_id,request_id,professional_id,amount,sent_date,bid_status_id) VALUES ('204','94','12','145.33806922854626','2023-05-31 06:55:06.755','3');
INSERT INTO request_bid (request_bid_id,request_id,professional_id,amount,sent_date,bid_status_id) VALUES ('205','94','12','54.08272211341612','2023-05-29 00:11:00.415','3');
INSERT INTO request_bid (request_bid_id,request_id,professional_id,amount,sent_date,bid_status_id) VALUES ('206','95','18','102.96626721079225','2023-06-05 07:14:56.008','3');
INSERT INTO request_bid (request_bid_id,request_id,professional_id,amount,sent_date,bid_status_id) VALUES ('207','96','11','132.6555592436451','2023-05-22 07:29:59.944','3');
INSERT INTO request_bid (request_bid_id,request_id,professional_id,amount,sent_date,bid_status_id) VALUES ('208','97','2','68.68436426904927','2023-06-14 07:59:51.58','3');
INSERT INTO request_bid (request_bid_id,request_id,professional_id,amount,sent_date,bid_status_id) VALUES ('209','97','15','51.82804269134384','2023-06-03 02:07:49.329','1');
INSERT INTO request_bid (request_bid_id,request_id,professional_id,amount,sent_date,bid_status_id) VALUES ('210','97','19','180.92352293174815','2023-05-29 05:55:57.276','2');
INSERT INTO request_bid (request_bid_id,request_id,professional_id,amount,sent_date,bid_status_id) VALUES ('211','97','20','142.86986297239486','2023-06-12 23:08:36.419','3');
INSERT INTO request_bid (request_bid_id,request_id,professional_id,amount,sent_date,bid_status_id) VALUES ('212','98','3','33.01898394233192','2023-06-04 16:13:34.316','3');
INSERT INTO request_bid (request_bid_id,request_id,professional_id,amount,sent_date,bid_status_id) VALUES ('213','98','9','119.20432180141917','2023-06-11 12:09:00.842','1');
INSERT INTO request_bid (request_bid_id,request_id,professional_id,amount,sent_date,bid_status_id) VALUES ('214','99','18','112.45542429059454','2023-06-03 22:13:08.637','2');
INSERT INTO request_bid (request_bid_id,request_id,professional_id,amount,sent_date,bid_status_id) VALUES ('215','99','18','144.9065773577639','2023-05-25 21:24:45.806','3');
INSERT INTO request_bid (request_bid_id,request_id,professional_id,amount,sent_date,bid_status_id) VALUES ('216','100','10','126.01593445738625','2023-05-18 07:49:58.197','3');
