USE Project;

ALTER TABLE user AUTO_INCREMENT = 1;

INSERT INTO user (user_id,first_name,last_name,email_address,mobile,password) VALUES ('1','Johnathon','Bernier','jefferey.lubowitz@outlook.com','(925) 434-2219','1e1fda9a69c24837a5ab579319c57810');
INSERT INTO user (user_id,first_name,last_name,email_address,mobile,password) VALUES ('2','Claudio','Legros','cole.harber@outlook.com','(614) 307-0973 x9385','1e1fda9a69c24837a5ab579319c57810');
INSERT INTO user (user_id,first_name,last_name,email_address,mobile,password) VALUES ('3','Alaine','Cummerata','benjamin.purdy@outlook.com','(973) 402-5598 x1622','1e1fda9a69c24837a5ab579319c57810');
INSERT INTO user (user_id,first_name,last_name,email_address,mobile,password) VALUES ('4','Raelene','Von','wesley.sauer@outlook.com','(978) 760-4689 x4608','1e1fda9a69c24837a5ab579319c57810');
INSERT INTO user (user_id,first_name,last_name,email_address,mobile,password) VALUES ('5','Vertie','Reynolds','kum.nicolas@outlook.com','(859) 219-1887 x8437','1e1fda9a69c24837a5ab579319c57810');
INSERT INTO user (user_id,first_name,last_name,email_address,mobile,password) VALUES ('6','Cindy','Dickinson','al.homenick@outlook.com','(703) 912-7465 x2961','1e1fda9a69c24837a5ab579319c57810');
INSERT INTO user (user_id,first_name,last_name,email_address,mobile,password) VALUES ('7','Winona','Larson','kassie.lesch@outlook.com','(914) 623-5020 x5331','1e1fda9a69c24837a5ab579319c57810');
INSERT INTO user (user_id,first_name,last_name,email_address,mobile,password) VALUES ('8','Solomon','Schmidt','sandy.gerlach@outlook.com','(704) 252-2838','1e1fda9a69c24837a5ab579319c57810');
INSERT INTO user (user_id,first_name,last_name,email_address,mobile,password) VALUES ('9','Sumiko','Rosenbaum','blaine.goodwin@outlook.com','(636) 928-3480','1e1fda9a69c24837a5ab579319c57810');
INSERT INTO user (user_id,first_name,last_name,email_address,mobile,password) VALUES ('10','Ignacia','Watsica','lamar.kirlin@outlook.com','(817) 603-5257','1e1fda9a69c24837a5ab579319c57810');
INSERT INTO user (user_id,first_name,last_name,email_address,mobile,password) VALUES ('11','Aubrey','Frami','bertram.mueller@outlook.com','(209) 614-9000','1e1fda9a69c24837a5ab579319c57810');
INSERT INTO user (user_id,first_name,last_name,email_address,mobile,password) VALUES ('12','Jeanie','Heathcote','toi.wunsch@outlook.com','(815) 848-7697 x1413','1e1fda9a69c24837a5ab579319c57810');
INSERT INTO user (user_id,first_name,last_name,email_address,mobile,password) VALUES ('13','Oliver','Schamberger','phebe.swift@outlook.com','(229) 770-4224','1e1fda9a69c24837a5ab579319c57810');
INSERT INTO user (user_id,first_name,last_name,email_address,mobile,password) VALUES ('14','Ariane','Rath','charisse.reynolds@outlook.com','(509) 208-0408 x9775','1e1fda9a69c24837a5ab579319c57810');
INSERT INTO user (user_id,first_name,last_name,email_address,mobile,password) VALUES ('15','Shae','Wyman','arlen.keebler@outlook.com','(585) 808-2103 x8597','1e1fda9a69c24837a5ab579319c57810');
INSERT INTO user (user_id,first_name,last_name,email_address,mobile,password) VALUES ('16','Letha','Kunde','roy.graham@outlook.com','(618) 484-7154 x2873','1e1fda9a69c24837a5ab579319c57810');
INSERT INTO user (user_id,first_name,last_name,email_address,mobile,password) VALUES ('17','Marnie','Gaylord','celinda.schmidt@outlook.com','(907) 573-0716 x5205','1e1fda9a69c24837a5ab579319c57810');
INSERT INTO user (user_id,first_name,last_name,email_address,mobile,password) VALUES ('18','Malia','Marvin','colby.cassin@outlook.com','(713) 309-0732','1e1fda9a69c24837a5ab579319c57810');
INSERT INTO user (user_id,first_name,last_name,email_address,mobile,password) VALUES ('19','Madonna','Breitenberg','markus.carter@outlook.com','(814) 573-0882','1e1fda9a69c24837a5ab579319c57810');
INSERT INTO user (user_id,first_name,last_name,email_address,mobile,password) VALUES ('20','Theodore','Conn','krystina.dooley@outlook.com','(989) 626-9340 x5985','1e1fda9a69c24837a5ab579319c57810');
INSERT INTO user (user_id,first_name,last_name,email_address,mobile,password) VALUES ('21','Gillian','Schimmel','leonardo.strosin@outlook.com','(716) 971-2108 x0842','1e1fda9a69c24837a5ab579319c57810');
INSERT INTO user (user_id,first_name,last_name,email_address,mobile,password) VALUES ('22','Marcos','Schiller','oliver.quigley@outlook.com','(781) 781-8120','1e1fda9a69c24837a5ab579319c57810');
INSERT INTO user (user_id,first_name,last_name,email_address,mobile,password) VALUES ('23','Karole','Weimann','dion.mcdermott@outlook.com','(620) 856-6246 x7804','1e1fda9a69c24837a5ab579319c57810');
INSERT INTO user (user_id,first_name,last_name,email_address,mobile,password) VALUES ('24','Levi','Kunze','dennis.farrell@outlook.com','(619) 804-5209 x4891','1e1fda9a69c24837a5ab579319c57810');
INSERT INTO user (user_id,first_name,last_name,email_address,mobile,password) VALUES ('25','Luciano','Simonis','gustavo.ebert@outlook.com','(817) 253-9593 x9447','1e1fda9a69c24837a5ab579319c57810');
INSERT INTO user (user_id,first_name,last_name,email_address,mobile,password) VALUES ('26','Erin','Fay','normand.kozey@outlook.com','(702) 860-6085 x1608','1e1fda9a69c24837a5ab579319c57810');
INSERT INTO user (user_id,first_name,last_name,email_address,mobile,password) VALUES ('27','Joni','Leffler','cesar.botsford@outlook.com','(972) 478-9743','1e1fda9a69c24837a5ab579319c57810');
INSERT INTO user (user_id,first_name,last_name,email_address,mobile,password) VALUES ('28','Sonny','Pfannerstill','cammy.kshlerin@outlook.com','(303) 601-1113 x9650','1e1fda9a69c24837a5ab579319c57810');
INSERT INTO user (user_id,first_name,last_name,email_address,mobile,password) VALUES ('29','Dorsey','Jacobs','adolfo.hudson@outlook.com','(443) 281-8318 x0543','1e1fda9a69c24837a5ab579319c57810');
INSERT INTO user (user_id,first_name,last_name,email_address,mobile,password) VALUES ('30','Robby','Boehm','rena.funk@outlook.com','(715) 828-7788','1e1fda9a69c24837a5ab579319c57810');
INSERT INTO user (user_id,first_name,last_name,email_address,mobile,password) VALUES ('31','Jani','Nicolas','joel.hintz@outlook.com','(407) 682-3233 x9307','1e1fda9a69c24837a5ab579319c57810');
INSERT INTO user (user_id,first_name,last_name,email_address,mobile,password) VALUES ('32','Rodney','McGlynn','anika.koepp@outlook.com','(863) 410-9032','1e1fda9a69c24837a5ab579319c57810');
INSERT INTO user (user_id,first_name,last_name,email_address,mobile,password) VALUES ('33','Shawn','Grimes','darrin.larkin@outlook.com','(307) 323-9798','1e1fda9a69c24837a5ab579319c57810');
INSERT INTO user (user_id,first_name,last_name,email_address,mobile,password) VALUES ('34','Emile','Lueilwitz','jamel.connelly@outlook.com','(754) 803-0708 x3541','1e1fda9a69c24837a5ab579319c57810');
INSERT INTO user (user_id,first_name,last_name,email_address,mobile,password) VALUES ('35','Lenore','Paucek','dave.corkery@outlook.com','(760) 952-1257','1e1fda9a69c24837a5ab579319c57810');
INSERT INTO user (user_id,first_name,last_name,email_address,mobile,password) VALUES ('36','Arlen','Graham','bradford.labadie@outlook.com','(605) 864-0088','1e1fda9a69c24837a5ab579319c57810');
INSERT INTO user (user_id,first_name,last_name,email_address,mobile,password) VALUES ('37','Jamie','Jacobs','marvin.yundt@outlook.com','(908) 832-2549','1e1fda9a69c24837a5ab579319c57810');
INSERT INTO user (user_id,first_name,last_name,email_address,mobile,password) VALUES ('38','Bonnie','Brakus','augustine.hintz@outlook.com','(614) 464-1886','1e1fda9a69c24837a5ab579319c57810');
INSERT INTO user (user_id,first_name,last_name,email_address,mobile,password) VALUES ('39','Brigitte','Walker','ozzie.olson@outlook.com','(559) 828-4021','1e1fda9a69c24837a5ab579319c57810');
INSERT INTO user (user_id,first_name,last_name,email_address,mobile,password) VALUES ('40','Regenia','Rice','phylis.lindgren@outlook.com','(509) 404-1000 x5414','1e1fda9a69c24837a5ab579319c57810');

ALTER TABLE billing AUTO_INCREMENT = 1;

INSERT INTO billing (billing_id,name,card_number,expiry_date,ccv,billing_type_id,user_id) VALUES ('1','Johnathon Bernier','3592 3781 4832 7019','13/9651','281','2','1');
INSERT INTO billing (billing_id,name,card_number,expiry_date,ccv,billing_type_id,user_id) VALUES ('2','Claudio Legros','2514 9257 9782 2935','74/4677','813','2','2');
INSERT INTO billing (billing_id,name,card_number,expiry_date,ccv,billing_type_id,user_id) VALUES ('3','Alaine Cummerata','4535 1501 6136 7588','69/8377','267','2','3');
INSERT INTO billing (billing_id,name,card_number,expiry_date,ccv,billing_type_id,user_id) VALUES ('4','Raelene Von','3694 2071 2756 7703','66/7131','333','2','4');
INSERT INTO billing (billing_id,name,card_number,expiry_date,ccv,billing_type_id,user_id) VALUES ('5','Vertie Reynolds','3315 6026 7395 5855','42/3354','819','2','5');
INSERT INTO billing (billing_id,name,card_number,expiry_date,ccv,billing_type_id,user_id) VALUES ('6','Cindy Dickinson','4603 4252 6860 7538','76/6755','223','2','6');
INSERT INTO billing (billing_id,name,card_number,expiry_date,ccv,billing_type_id,user_id) VALUES ('7','Winona Larson','6167 2167 1940 0546','91/2697','876','2','7');
INSERT INTO billing (billing_id,name,card_number,expiry_date,ccv,billing_type_id,user_id) VALUES ('8','Solomon Schmidt','7655 2426 2675 1017','71/2915','974','2','8');
INSERT INTO billing (billing_id,name,card_number,expiry_date,ccv,billing_type_id,user_id) VALUES ('9','Sumiko Rosenbaum','3800 4366 4464 1095','71/5296','378','2','9');
INSERT INTO billing (billing_id,name,card_number,expiry_date,ccv,billing_type_id,user_id) VALUES ('10','Ignacia Watsica','2359 3323 6683 0315','73/8133','339','2','10');
INSERT INTO billing (billing_id,name,card_number,expiry_date,ccv,billing_type_id,user_id) VALUES ('11','Aubrey Frami','1768 9905 2146 1347','13/6126','472','2','11');
INSERT INTO billing (billing_id,name,card_number,expiry_date,ccv,billing_type_id,user_id) VALUES ('12','Jeanie Heathcote','1635 6863 7556 5549','14/6617','131','2','12');
INSERT INTO billing (billing_id,name,card_number,expiry_date,ccv,billing_type_id,user_id) VALUES ('13','Oliver Schamberger','5442 7490 9850 9301','71/2714','937','2','13');
INSERT INTO billing (billing_id,name,card_number,expiry_date,ccv,billing_type_id,user_id) VALUES ('14','Ariane Rath','3628 0953 7220 6735','86/5773','186','2','14');
INSERT INTO billing (billing_id,name,card_number,expiry_date,ccv,billing_type_id,user_id) VALUES ('15','Shae Wyman','7283 5598 8241 3560','63/9842','236','1','15');
INSERT INTO billing (billing_id,name,card_number,expiry_date,ccv,billing_type_id,user_id) VALUES ('16','Shae Wyman','5086 6438 5634 7833','97/7292','338','2','15');
INSERT INTO billing (billing_id,name,card_number,expiry_date,ccv,billing_type_id,user_id) VALUES ('17','Letha Kunde','9734 9980 7787 4645','95/5416','181','1','16');
INSERT INTO billing (billing_id,name,card_number,expiry_date,ccv,billing_type_id,user_id) VALUES ('18','Letha Kunde','6024 4863 2186 8696','41/1549','259','2','16');
INSERT INTO billing (billing_id,name,card_number,expiry_date,ccv,billing_type_id,user_id) VALUES ('19','Marnie Gaylord','8083 2173 2460 4930','88/6874','682','1','17');
INSERT INTO billing (billing_id,name,card_number,expiry_date,ccv,billing_type_id,user_id) VALUES ('20','Marnie Gaylord','0746 1281 3598 7573','28/2141','493','2','17');
INSERT INTO billing (billing_id,name,card_number,expiry_date,ccv,billing_type_id,user_id) VALUES ('21','Malia Marvin','6329 6895 0801 8124','51/9465','238','1','18');
INSERT INTO billing (billing_id,name,card_number,expiry_date,ccv,billing_type_id,user_id) VALUES ('22','Malia Marvin','6709 5501 0960 8448','22/5524','944','2','18');
INSERT INTO billing (billing_id,name,card_number,expiry_date,ccv,billing_type_id,user_id) VALUES ('23','Madonna Breitenberg','5854 8062 9636 7452','36/4399','678','1','19');
INSERT INTO billing (billing_id,name,card_number,expiry_date,ccv,billing_type_id,user_id) VALUES ('24','Madonna Breitenberg','5786 4655 9167 8605','26/4489','618','2','19');
INSERT INTO billing (billing_id,name,card_number,expiry_date,ccv,billing_type_id,user_id) VALUES ('25','Theodore Conn','1498 6547 7328 7077','76/2938','977','1','20');
INSERT INTO billing (billing_id,name,card_number,expiry_date,ccv,billing_type_id,user_id) VALUES ('26','Theodore Conn','7433 8432 0959 9763','32/3616','289','2','20');
INSERT INTO billing (billing_id,name,card_number,expiry_date,ccv,billing_type_id,user_id) VALUES ('27','Gillian Schimmel','0959 2331 2340 2463','99/8917','319','1','21');
INSERT INTO billing (billing_id,name,card_number,expiry_date,ccv,billing_type_id,user_id) VALUES ('28','Marcos Schiller','5692 4862 5249 4602','43/3835','325','1','22');
INSERT INTO billing (billing_id,name,card_number,expiry_date,ccv,billing_type_id,user_id) VALUES ('29','Karole Weimann','4811 4580 4665 0779','86/4827','485','1','23');
INSERT INTO billing (billing_id,name,card_number,expiry_date,ccv,billing_type_id,user_id) VALUES ('30','Levi Kunze','3837 7027 7854 1645','88/6493','315','1','24');
INSERT INTO billing (billing_id,name,card_number,expiry_date,ccv,billing_type_id,user_id) VALUES ('31','Luciano Simonis','6759 7563 5860 1059','68/1371','283','1','25');
INSERT INTO billing (billing_id,name,card_number,expiry_date,ccv,billing_type_id,user_id) VALUES ('32','Erin Fay','1571 6663 3532 5375','72/6335','158','1','26');
INSERT INTO billing (billing_id,name,card_number,expiry_date,ccv,billing_type_id,user_id) VALUES ('33','Joni Leffler','4434 4312 9336 4807','62/4837','182','1','27');
INSERT INTO billing (billing_id,name,card_number,expiry_date,ccv,billing_type_id,user_id) VALUES ('34','Sonny Pfannerstill','2671 4245 0650 9860','82/8752','751','1','28');
INSERT INTO billing (billing_id,name,card_number,expiry_date,ccv,billing_type_id,user_id) VALUES ('35','Dorsey Jacobs','9962 5387 1161 2394','32/7215','583','1','29');
INSERT INTO billing (billing_id,name,card_number,expiry_date,ccv,billing_type_id,user_id) VALUES ('36','Robby Boehm','9570 1690 9567 8666','95/9192','472','1','30');
INSERT INTO billing (billing_id,name,card_number,expiry_date,ccv,billing_type_id,user_id) VALUES ('37','Jani Nicolas','6593 6665 9855 5296','33/9452','534','1','31');
INSERT INTO billing (billing_id,name,card_number,expiry_date,ccv,billing_type_id,user_id) VALUES ('38','Rodney McGlynn','5720 9071 9257 7208','45/6715','721','1','32');
INSERT INTO billing (billing_id,name,card_number,expiry_date,ccv,billing_type_id,user_id) VALUES ('39','Shawn Grimes','2476 1035 2270 6103','82/5598','219','1','33');
INSERT INTO billing (billing_id,name,card_number,expiry_date,ccv,billing_type_id,user_id) VALUES ('40','Emile Lueilwitz','5599 8279 4599 9592','27/3496','285','1','34');
INSERT INTO billing (billing_id,name,card_number,expiry_date,ccv,billing_type_id,user_id) VALUES ('41','Lenore Paucek','2143 5135 3110 9977','27/2722','124','1','35');
INSERT INTO billing (billing_id,name,card_number,expiry_date,ccv,billing_type_id,user_id) VALUES ('42','Arlen Graham','3348 5905 9326 0858','98/8955','981','1','36');
INSERT INTO billing (billing_id,name,card_number,expiry_date,ccv,billing_type_id,user_id) VALUES ('43','Jamie Jacobs','6664 6519 4862 8807','44/3468','244','1','37');
INSERT INTO billing (billing_id,name,card_number,expiry_date,ccv,billing_type_id,user_id) VALUES ('44','Bonnie Brakus','3551 1974 1165 4702','46/1564','343','1','38');
INSERT INTO billing (billing_id,name,card_number,expiry_date,ccv,billing_type_id,user_id) VALUES ('45','Brigitte Walker','6701 8308 2700 5051','44/5525','488','1','39');
INSERT INTO billing (billing_id,name,card_number,expiry_date,ccv,billing_type_id,user_id) VALUES ('46','Regenia Rice','1791 1724 9929 6112','41/5541','668','1','40');

ALTER TABLE user_question AUTO_INCREMENT = 1;

INSERT INTO user_question (user_question_id,user_id,security_question_id,answer) VALUES ('1','1','1','Penny Profit');
INSERT INTO user_question (user_question_id,user_id,security_question_id,answer) VALUES ('2','1','2','Mark A. Roni');
INSERT INTO user_question (user_question_id,user_id,security_question_id,answer) VALUES ('3','1','3','Kenney C. Strait');
INSERT INTO user_question (user_question_id,user_id,security_question_id,answer) VALUES ('8','2','4','Mel Loewe');
INSERT INTO user_question (user_question_id,user_id,security_question_id,answer) VALUES ('9','2','1','Justin Tune');
INSERT INTO user_question (user_question_id,user_id,security_question_id,answer) VALUES ('10','2','2','Joy Rider');
INSERT INTO user_question (user_question_id,user_id,security_question_id,answer) VALUES ('15','3','3','Kenya Dewit');
INSERT INTO user_question (user_question_id,user_id,security_question_id,answer) VALUES ('16','3','4','Cy Burns');
INSERT INTO user_question (user_question_id,user_id,security_question_id,answer) VALUES ('17','3','1','Holly Wood');
INSERT INTO user_question (user_question_id,user_id,security_question_id,answer) VALUES ('21','4','2','Reid Enright');
INSERT INTO user_question (user_question_id,user_id,security_question_id,answer) VALUES ('22','4','3','Rusty Carr');
INSERT INTO user_question (user_question_id,user_id,security_question_id,answer) VALUES ('23','4','4','Juana Bea');
INSERT INTO user_question (user_question_id,user_id,security_question_id,answer) VALUES ('27','5','1','Bob Sledd');
INSERT INTO user_question (user_question_id,user_id,security_question_id,answer) VALUES ('28','5','2','Rob Banks');
INSERT INTO user_question (user_question_id,user_id,security_question_id,answer) VALUES ('29','5','3','Al Nino');
INSERT INTO user_question (user_question_id,user_id,security_question_id,answer) VALUES ('32','6','4','Ima Klotz');
INSERT INTO user_question (user_question_id,user_id,security_question_id,answer) VALUES ('33','6','1','Doris Schutt');
INSERT INTO user_question (user_question_id,user_id,security_question_id,answer) VALUES ('34','6','2','Heather N. Yonn');
INSERT INTO user_question (user_question_id,user_id,security_question_id,answer) VALUES ('37','7','3','Nick L. Andime');
INSERT INTO user_question (user_question_id,user_id,security_question_id,answer) VALUES ('38','7','4','Dennis Toffice');
INSERT INTO user_question (user_question_id,user_id,security_question_id,answer) VALUES ('39','7','1','Doris Open');
INSERT INTO user_question (user_question_id,user_id,security_question_id,answer) VALUES ('41','8','2','Neil Down');
INSERT INTO user_question (user_question_id,user_id,security_question_id,answer) VALUES ('42','8','3','Ford Parker');
INSERT INTO user_question (user_question_id,user_id,security_question_id,answer) VALUES ('43','8','4','Ron A. Muck');
INSERT INTO user_question (user_question_id,user_id,security_question_id,answer) VALUES ('48','9','1','X. Benedict');
INSERT INTO user_question (user_question_id,user_id,security_question_id,answer) VALUES ('49','9','2','Faye Slift');
INSERT INTO user_question (user_question_id,user_id,security_question_id,answer) VALUES ('50','9','3','Justin Casey Howells');
INSERT INTO user_question (user_question_id,user_id,security_question_id,answer) VALUES ('52','10','4','Juan Fortharoad');
INSERT INTO user_question (user_question_id,user_id,security_question_id,answer) VALUES ('53','10','1','Quint S. Henschel');
INSERT INTO user_question (user_question_id,user_id,security_question_id,answer) VALUES ('54','10','2','Rhea Pollster');
INSERT INTO user_question (user_question_id,user_id,security_question_id,answer) VALUES ('57','11','3','Eli Ondefloor');
INSERT INTO user_question (user_question_id,user_id,security_question_id,answer) VALUES ('58','11','4','Bea Lowe');
INSERT INTO user_question (user_question_id,user_id,security_question_id,answer) VALUES ('59','11','1','Hugo First');
INSERT INTO user_question (user_question_id,user_id,security_question_id,answer) VALUES ('61','12','2','Colette A. Day');
INSERT INTO user_question (user_question_id,user_id,security_question_id,answer) VALUES ('62','12','3','Dan Geruss');
INSERT INTO user_question (user_question_id,user_id,security_question_id,answer) VALUES ('63','12','4','Ken Oppenner');
INSERT INTO user_question (user_question_id,user_id,security_question_id,answer) VALUES ('66','13','1','Sue Shi');
INSERT INTO user_question (user_question_id,user_id,security_question_id,answer) VALUES ('67','13','2','Kay Mart');
INSERT INTO user_question (user_question_id,user_id,security_question_id,answer) VALUES ('68','13','3','Bob Frapples');
INSERT INTO user_question (user_question_id,user_id,security_question_id,answer) VALUES ('71','14','4','Iona Ford');
INSERT INTO user_question (user_question_id,user_id,security_question_id,answer) VALUES ('72','14','1','Hal Jalikakick');
INSERT INTO user_question (user_question_id,user_id,security_question_id,answer) VALUES ('73','14','2','Russell Sprout');
INSERT INTO user_question (user_question_id,user_id,security_question_id,answer) VALUES ('75','15','3','Frank Enstein');
INSERT INTO user_question (user_question_id,user_id,security_question_id,answer) VALUES ('76','15','4','Royal Payne');
INSERT INTO user_question (user_question_id,user_id,security_question_id,answer) VALUES ('77','15','1','Sal Ami');
INSERT INTO user_question (user_question_id,user_id,security_question_id,answer) VALUES ('79','16','2','Woody Forrest');
INSERT INTO user_question (user_question_id,user_id,security_question_id,answer) VALUES ('80','16','3','Ed Ible');
INSERT INTO user_question (user_question_id,user_id,security_question_id,answer) VALUES ('81','16','4','Al Luminum');
INSERT INTO user_question (user_question_id,user_id,security_question_id,answer) VALUES ('85','17','1','May Day');
INSERT INTO user_question (user_question_id,user_id,security_question_id,answer) VALUES ('86','17','2','Oliver Sutton');
INSERT INTO user_question (user_question_id,user_id,security_question_id,answer) VALUES ('87','17','3','Bob Katz');
INSERT INTO user_question (user_question_id,user_id,security_question_id,answer) VALUES ('92','18','4','Juan De Hattatime');
INSERT INTO user_question (user_question_id,user_id,security_question_id,answer) VALUES ('93','18','1','Rory Storm');
INSERT INTO user_question (user_question_id,user_id,security_question_id,answer) VALUES ('94','18','2','Justin Sane');
INSERT INTO user_question (user_question_id,user_id,security_question_id,answer) VALUES ('97','19','3','Abe Rudder');
INSERT INTO user_question (user_question_id,user_id,security_question_id,answer) VALUES ('98','19','4','Quimby Ingmeen');
INSERT INTO user_question (user_question_id,user_id,security_question_id,answer) VALUES ('99','19','1','Max E. Mumm');
INSERT INTO user_question (user_question_id,user_id,security_question_id,answer) VALUES ('102','20','2','Hilda Climb');
INSERT INTO user_question (user_question_id,user_id,security_question_id,answer) VALUES ('103','20','3','Don Key');
INSERT INTO user_question (user_question_id,user_id,security_question_id,answer) VALUES ('104','20','4','Freida Convict');
INSERT INTO user_question (user_question_id,user_id,security_question_id,answer) VALUES ('109','21','1','Quint S. Henschel');
INSERT INTO user_question (user_question_id,user_id,security_question_id,answer) VALUES ('110','21','2','Owen Moore');
INSERT INTO user_question (user_question_id,user_id,security_question_id,answer) VALUES ('111','21','3','Sarah Doctorinthehouse');
INSERT INTO user_question (user_question_id,user_id,security_question_id,answer) VALUES ('112','22','4','Abe Rudder');
INSERT INTO user_question (user_question_id,user_id,security_question_id,answer) VALUES ('113','22','1','Ima Lytle Teapot');
INSERT INTO user_question (user_question_id,user_id,security_question_id,answer) VALUES ('114','22','2','Brandy Bottle');
INSERT INTO user_question (user_question_id,user_id,security_question_id,answer) VALUES ('115','23','3','Warren Piece');
INSERT INTO user_question (user_question_id,user_id,security_question_id,answer) VALUES ('116','23','4','Dee Kay');
INSERT INTO user_question (user_question_id,user_id,security_question_id,answer) VALUES ('117','23','1','Misty C. Shore');
INSERT INTO user_question (user_question_id,user_id,security_question_id,answer) VALUES ('118','24','2','Jerry Atrics');
INSERT INTO user_question (user_question_id,user_id,security_question_id,answer) VALUES ('119','24','3','Ima Lytle Teapot');
INSERT INTO user_question (user_question_id,user_id,security_question_id,answer) VALUES ('120','24','4','Chip Munk');
INSERT INTO user_question (user_question_id,user_id,security_question_id,answer) VALUES ('121','25','1','Sheri Cola');
INSERT INTO user_question (user_question_id,user_id,security_question_id,answer) VALUES ('122','25','2','Ayma Moron');
INSERT INTO user_question (user_question_id,user_id,security_question_id,answer) VALUES ('123','25','3','Hal E. Luya');
INSERT INTO user_question (user_question_id,user_id,security_question_id,answer) VALUES ('124','26','4','Barry D. Hatchett');
INSERT INTO user_question (user_question_id,user_id,security_question_id,answer) VALUES ('125','26','1','Leo Tarred');
INSERT INTO user_question (user_question_id,user_id,security_question_id,answer) VALUES ('126','26','2','Dusty Rhodes');
INSERT INTO user_question (user_question_id,user_id,security_question_id,answer) VALUES ('127','27','3','Elle OQuent');
INSERT INTO user_question (user_question_id,user_id,security_question_id,answer) VALUES ('128','27','4','Ben Down');
INSERT INTO user_question (user_question_id,user_id,security_question_id,answer) VALUES ('129','27','1','Jimmy DeLocke');
INSERT INTO user_question (user_question_id,user_id,security_question_id,answer) VALUES ('130','28','2','Ben D. Fender');
INSERT INTO user_question (user_question_id,user_id,security_question_id,answer) VALUES ('131','28','3','Candy Baskett');
INSERT INTO user_question (user_question_id,user_id,security_question_id,answer) VALUES ('132','28','4','Molly Kuehl');
INSERT INTO user_question (user_question_id,user_id,security_question_id,answer) VALUES ('133','29','1','Helen Highwater');
INSERT INTO user_question (user_question_id,user_id,security_question_id,answer) VALUES ('134','29','2','Anna Sasin');
INSERT INTO user_question (user_question_id,user_id,security_question_id,answer) VALUES ('135','29','3','Tom Katz');
INSERT INTO user_question (user_question_id,user_id,security_question_id,answer) VALUES ('136','30','4','Brandy D. Cantor');
INSERT INTO user_question (user_question_id,user_id,security_question_id,answer) VALUES ('137','30','1','Rick Kleiner');
INSERT INTO user_question (user_question_id,user_id,security_question_id,answer) VALUES ('138','30','2','Les Payne');
INSERT INTO user_question (user_question_id,user_id,security_question_id,answer) VALUES ('139','31','3','Roman Holiday');
INSERT INTO user_question (user_question_id,user_id,security_question_id,answer) VALUES ('140','31','4','Helen Back');
INSERT INTO user_question (user_question_id,user_id,security_question_id,answer) VALUES ('141','31','1','Sue Ridge');
INSERT INTO user_question (user_question_id,user_id,security_question_id,answer) VALUES ('142','32','2','Winsom Cash');
INSERT INTO user_question (user_question_id,user_id,security_question_id,answer) VALUES ('143','32','3','Ulee Daway');
INSERT INTO user_question (user_question_id,user_id,security_question_id,answer) VALUES ('144','32','4','Manny Kinn');
INSERT INTO user_question (user_question_id,user_id,security_question_id,answer) VALUES ('145','33','1','Candy Barr');
INSERT INTO user_question (user_question_id,user_id,security_question_id,answer) VALUES ('146','33','2','Brooke Trout');
INSERT INTO user_question (user_question_id,user_id,security_question_id,answer) VALUES ('147','33','3','Annie Moore');
INSERT INTO user_question (user_question_id,user_id,security_question_id,answer) VALUES ('148','34','4','April Schauer');
INSERT INTO user_question (user_question_id,user_id,security_question_id,answer) VALUES ('149','34','1','Ed Ible');
INSERT INTO user_question (user_question_id,user_id,security_question_id,answer) VALUES ('150','34','2','Adam Zapel');
INSERT INTO user_question (user_question_id,user_id,security_question_id,answer) VALUES ('151','35','3','Iona Corolla');
INSERT INTO user_question (user_question_id,user_id,security_question_id,answer) VALUES ('152','35','4','Eve OLution');
INSERT INTO user_question (user_question_id,user_id,security_question_id,answer) VALUES ('153','35','1','Doll R. Bill');
INSERT INTO user_question (user_question_id,user_id,security_question_id,answer) VALUES ('154','36','2','Lois Price');
INSERT INTO user_question (user_question_id,user_id,security_question_id,answer) VALUES ('155','36','3','Adam Sapple');
INSERT INTO user_question (user_question_id,user_id,security_question_id,answer) VALUES ('156','36','4','Al B. Zienya');
INSERT INTO user_question (user_question_id,user_id,security_question_id,answer) VALUES ('157','37','1','Carson O. Gin');
INSERT INTO user_question (user_question_id,user_id,security_question_id,answer) VALUES ('158','37','2','Myra Maines');
INSERT INTO user_question (user_question_id,user_id,security_question_id,answer) VALUES ('159','37','3','Ed Venture');
INSERT INTO user_question (user_question_id,user_id,security_question_id,answer) VALUES ('160','38','4','Raney Schauer');
INSERT INTO user_question (user_question_id,user_id,security_question_id,answer) VALUES ('161','38','1','May K. Fist');
INSERT INTO user_question (user_question_id,user_id,security_question_id,answer) VALUES ('162','38','2','Miss Alanius');
INSERT INTO user_question (user_question_id,user_id,security_question_id,answer) VALUES ('163','39','3','Brandon Irons');
INSERT INTO user_question (user_question_id,user_id,security_question_id,answer) VALUES ('164','39','4','Jean Poole');
INSERT INTO user_question (user_question_id,user_id,security_question_id,answer) VALUES ('165','39','1','Brandy Anne Koch');
INSERT INTO user_question (user_question_id,user_id,security_question_id,answer) VALUES ('166','40','2','Lou Briccant');
INSERT INTO user_question (user_question_id,user_id,security_question_id,answer) VALUES ('167','40','3','Sue Yu');
INSERT INTO user_question (user_question_id,user_id,security_question_id,answer) VALUES ('168','40','4','Cheri Pitts');

ALTER TABLE authorisation AUTO_INCREMENT = 1;

INSERT INTO authorisation (authorisation_id,user_id,refresh_token,number_of_uses,invalidated) VALUES ('1','1','694e6017-a4fd-4254-aca0-9a105dcff52c','0','Y');
INSERT INTO authorisation (authorisation_id,user_id,refresh_token,number_of_uses,invalidated) VALUES ('2','1','6f9b8865-3e48-418a-bf3f-0f311d471492','2','Y');
INSERT INTO authorisation (authorisation_id,user_id,refresh_token,number_of_uses,invalidated) VALUES ('3','1','80873877-db23-4d37-a3cc-7ccde357e5e5','4','N');
INSERT INTO authorisation (authorisation_id,user_id,refresh_token,number_of_uses,invalidated) VALUES ('4','2','839e7db9-df32-4c03-9a04-1230b0dda57d','0','Y');
INSERT INTO authorisation (authorisation_id,user_id,refresh_token,number_of_uses,invalidated) VALUES ('5','2','daa200b9-19a7-458c-b3d6-d07e45ecae52','5','Y');
INSERT INTO authorisation (authorisation_id,user_id,refresh_token,number_of_uses,invalidated) VALUES ('6','2','96f07369-5f8b-4c79-8a90-8a4c2d74e89f','2','Y');
INSERT INTO authorisation (authorisation_id,user_id,refresh_token,number_of_uses,invalidated) VALUES ('7','2','20d33e75-68a7-4deb-9ad0-14e645194ee8','2','N');
INSERT INTO authorisation (authorisation_id,user_id,refresh_token,number_of_uses,invalidated) VALUES ('8','3','2f684964-0768-40a1-bd69-72da4d9ca831','0','Y');
INSERT INTO authorisation (authorisation_id,user_id,refresh_token,number_of_uses,invalidated) VALUES ('9','3','523b25d2-38a2-4564-91c5-d60fe799d033','5','Y');
INSERT INTO authorisation (authorisation_id,user_id,refresh_token,number_of_uses,invalidated) VALUES ('10','3','3af2dbd4-1e20-4e81-8bf6-5d88ef1c1273','4','N');
INSERT INTO authorisation (authorisation_id,user_id,refresh_token,number_of_uses,invalidated) VALUES ('11','4','d636bb58-61b4-4d90-9106-2ae40ef4d216','3','N');
INSERT INTO authorisation (authorisation_id,user_id,refresh_token,number_of_uses,invalidated) VALUES ('12','5','a5907e53-edcc-4a54-ac26-d664b6e4650f','5','Y');
INSERT INTO authorisation (authorisation_id,user_id,refresh_token,number_of_uses,invalidated) VALUES ('13','5','8458d8e1-6944-4c1f-aeae-a4c7a12242b2','3','Y');
INSERT INTO authorisation (authorisation_id,user_id,refresh_token,number_of_uses,invalidated) VALUES ('14','5','0860ca21-d8a9-469c-be5a-af862c44026a','4','N');
INSERT INTO authorisation (authorisation_id,user_id,refresh_token,number_of_uses,invalidated) VALUES ('15','6','2d60e69a-953e-4573-bfd9-3385646dd151','1','Y');
INSERT INTO authorisation (authorisation_id,user_id,refresh_token,number_of_uses,invalidated) VALUES ('16','6','4e048aa3-b324-41b4-8378-65e5013e6df5','2','Y');
INSERT INTO authorisation (authorisation_id,user_id,refresh_token,number_of_uses,invalidated) VALUES ('17','6','f3fe671d-fee2-44c2-bc83-afe251256732','3','Y');
INSERT INTO authorisation (authorisation_id,user_id,refresh_token,number_of_uses,invalidated) VALUES ('18','6','eb3c243e-72d1-4dcf-bb87-b165a90116c0','4','N');
INSERT INTO authorisation (authorisation_id,user_id,refresh_token,number_of_uses,invalidated) VALUES ('19','7','87c435b2-6794-4973-ad36-67606d4a0513','3','Y');
INSERT INTO authorisation (authorisation_id,user_id,refresh_token,number_of_uses,invalidated) VALUES ('20','7','dd79d06e-819b-42a8-9261-5cc84106f6fa','3','N');
INSERT INTO authorisation (authorisation_id,user_id,refresh_token,number_of_uses,invalidated) VALUES ('21','8','7dbfc97d-a958-4a2a-a0a9-687e158a4a5f','5','Y');
INSERT INTO authorisation (authorisation_id,user_id,refresh_token,number_of_uses,invalidated) VALUES ('22','8','2b748cc5-9097-4215-8566-f6a13ee50049','0','Y');
INSERT INTO authorisation (authorisation_id,user_id,refresh_token,number_of_uses,invalidated) VALUES ('23','8','1af81a53-3549-4c62-8d02-97c6a91a57b0','3','N');
INSERT INTO authorisation (authorisation_id,user_id,refresh_token,number_of_uses,invalidated) VALUES ('24','9','db105083-2e99-4f5f-83ef-9c279d28a8b6','5','Y');
INSERT INTO authorisation (authorisation_id,user_id,refresh_token,number_of_uses,invalidated) VALUES ('25','9','5148307e-0b9f-49d1-870d-172ba26351df','2','Y');
INSERT INTO authorisation (authorisation_id,user_id,refresh_token,number_of_uses,invalidated) VALUES ('26','9','b603a92c-4d9e-4551-b30d-32dd530447ed','2','N');
INSERT INTO authorisation (authorisation_id,user_id,refresh_token,number_of_uses,invalidated) VALUES ('27','10','fb000117-1960-4c20-bda3-ff06eb745fac','1','Y');
INSERT INTO authorisation (authorisation_id,user_id,refresh_token,number_of_uses,invalidated) VALUES ('28','10','090755e1-e818-4611-8779-fd823f5b11e7','2','Y');
INSERT INTO authorisation (authorisation_id,user_id,refresh_token,number_of_uses,invalidated) VALUES ('29','10','820ee894-61d7-470d-8812-32ba69818514','1','Y');
INSERT INTO authorisation (authorisation_id,user_id,refresh_token,number_of_uses,invalidated) VALUES ('30','10','e475040c-ab1a-4ce4-962d-b6458b106a7c','3','N');
INSERT INTO authorisation (authorisation_id,user_id,refresh_token,number_of_uses,invalidated) VALUES ('31','11','35547df8-c0ac-4b82-be20-db691b9819c4','1','Y');
INSERT INTO authorisation (authorisation_id,user_id,refresh_token,number_of_uses,invalidated) VALUES ('32','11','4911379e-9617-4d81-9600-d65163f3015f','5','N');
INSERT INTO authorisation (authorisation_id,user_id,refresh_token,number_of_uses,invalidated) VALUES ('33','12','fe3029ed-c6f9-4739-a3a2-267f65ae2479','0','Y');
INSERT INTO authorisation (authorisation_id,user_id,refresh_token,number_of_uses,invalidated) VALUES ('34','12','b9c8d823-7f89-4b83-bae6-f0468325afd5','4','Y');
INSERT INTO authorisation (authorisation_id,user_id,refresh_token,number_of_uses,invalidated) VALUES ('35','12','7211c0b4-65ea-4f09-90e9-40ae20b385ff','5','N');
INSERT INTO authorisation (authorisation_id,user_id,refresh_token,number_of_uses,invalidated) VALUES ('36','13','11e275a4-a25f-47d7-9f34-e9848e0ed65f','4','N');
INSERT INTO authorisation (authorisation_id,user_id,refresh_token,number_of_uses,invalidated) VALUES ('37','14','830095b3-9cde-423b-8f23-5fade603bc2f','1','N');
INSERT INTO authorisation (authorisation_id,user_id,refresh_token,number_of_uses,invalidated) VALUES ('38','15','fa1c7abe-cec8-41c2-98a8-3281293c1565','3','N');
INSERT INTO authorisation (authorisation_id,user_id,refresh_token,number_of_uses,invalidated) VALUES ('39','16','6d617614-ecdc-4f5c-a5c8-e592eda96dba','2','Y');
INSERT INTO authorisation (authorisation_id,user_id,refresh_token,number_of_uses,invalidated) VALUES ('40','16','8949bd6a-1b46-471e-a9d3-8c06a46cc3d5','5','Y');
INSERT INTO authorisation (authorisation_id,user_id,refresh_token,number_of_uses,invalidated) VALUES ('41','16','531f5625-4a02-4273-959e-cffbe4d8eb09','1','Y');
INSERT INTO authorisation (authorisation_id,user_id,refresh_token,number_of_uses,invalidated) VALUES ('42','16','207c8ff1-91c3-4a37-b939-3f912b3f56c5','1','N');
INSERT INTO authorisation (authorisation_id,user_id,refresh_token,number_of_uses,invalidated) VALUES ('43','17','faf3c5fc-4240-45c1-b6cd-ce08c639cc0d','2','Y');
INSERT INTO authorisation (authorisation_id,user_id,refresh_token,number_of_uses,invalidated) VALUES ('44','17','bad0439a-0968-4a40-b89b-7dec797d5789','5','Y');
INSERT INTO authorisation (authorisation_id,user_id,refresh_token,number_of_uses,invalidated) VALUES ('45','17','d9b871e8-6f69-404c-97f1-2c724decb8fa','2','N');
INSERT INTO authorisation (authorisation_id,user_id,refresh_token,number_of_uses,invalidated) VALUES ('46','18','15dac615-ced8-4260-9f4d-7ee92c0feb56','0','Y');
INSERT INTO authorisation (authorisation_id,user_id,refresh_token,number_of_uses,invalidated) VALUES ('47','18','871dc769-9cd9-4a0b-a4c2-b25245cf2ac6','5','Y');
INSERT INTO authorisation (authorisation_id,user_id,refresh_token,number_of_uses,invalidated) VALUES ('48','18','eda34897-eb46-4df4-97da-66d9a2e23866','2','Y');
INSERT INTO authorisation (authorisation_id,user_id,refresh_token,number_of_uses,invalidated) VALUES ('49','18','4e4e675a-ea55-4fc6-96e6-1708c086f6ee','4','N');
INSERT INTO authorisation (authorisation_id,user_id,refresh_token,number_of_uses,invalidated) VALUES ('50','19','48dc2435-e360-4a5e-8a76-8f35f471fa83','3','Y');
INSERT INTO authorisation (authorisation_id,user_id,refresh_token,number_of_uses,invalidated) VALUES ('51','19','c9cf0d7b-63a9-4edc-b1ce-468bc3b22f43','1','Y');
INSERT INTO authorisation (authorisation_id,user_id,refresh_token,number_of_uses,invalidated) VALUES ('52','19','7d5c84b9-7c20-43b2-a9aa-5b92e8da3d74','0','Y');
INSERT INTO authorisation (authorisation_id,user_id,refresh_token,number_of_uses,invalidated) VALUES ('53','19','6569eb1a-2aee-4828-8e55-33bd407f37a1','5','N');
INSERT INTO authorisation (authorisation_id,user_id,refresh_token,number_of_uses,invalidated) VALUES ('54','20','2f454d2d-293c-47a3-a12a-b462f3f40953','1','Y');
INSERT INTO authorisation (authorisation_id,user_id,refresh_token,number_of_uses,invalidated) VALUES ('55','20','3537c87a-c3a4-4bd2-b89f-0c310fd737db','1','Y');
INSERT INTO authorisation (authorisation_id,user_id,refresh_token,number_of_uses,invalidated) VALUES ('56','20','172b5719-a3be-482c-ad82-ca81f911b168','2','Y');
INSERT INTO authorisation (authorisation_id,user_id,refresh_token,number_of_uses,invalidated) VALUES ('57','20','9a8d3fa3-36ff-4520-800a-943708103bab','1','N');
INSERT INTO authorisation (authorisation_id,user_id,refresh_token,number_of_uses,invalidated) VALUES ('58','21','1ce0d7f1-af9f-4823-bb24-9048d40a6cdd','2','Y');
INSERT INTO authorisation (authorisation_id,user_id,refresh_token,number_of_uses,invalidated) VALUES ('59','21','f26c4db0-f659-4995-bfd5-fe37a50b3c93','1','N');
INSERT INTO authorisation (authorisation_id,user_id,refresh_token,number_of_uses,invalidated) VALUES ('60','22','553f6f33-c570-48a8-93fe-3f2ea1a33aa5','3','Y');
INSERT INTO authorisation (authorisation_id,user_id,refresh_token,number_of_uses,invalidated) VALUES ('61','22','ec267653-0cc8-4633-b023-f0e15ebcd165','4','Y');
INSERT INTO authorisation (authorisation_id,user_id,refresh_token,number_of_uses,invalidated) VALUES ('62','22','dcb4e5d4-1bcf-4852-9001-53fadd6d0902','0','Y');
INSERT INTO authorisation (authorisation_id,user_id,refresh_token,number_of_uses,invalidated) VALUES ('63','23','7a4ca13c-171d-4095-8cf8-78e5823e4406','2','Y');
INSERT INTO authorisation (authorisation_id,user_id,refresh_token,number_of_uses,invalidated) VALUES ('64','23','22228049-5ee3-47d6-92ba-0ef5c42c9d9b','5','N');
INSERT INTO authorisation (authorisation_id,user_id,refresh_token,number_of_uses,invalidated) VALUES ('65','24','2a97e3c5-5456-41dd-9b4e-c7986ce4531b','4','Y');
INSERT INTO authorisation (authorisation_id,user_id,refresh_token,number_of_uses,invalidated) VALUES ('66','24','3e9893b9-67fa-4552-83b4-681a23c8f9e1','5','Y');
INSERT INTO authorisation (authorisation_id,user_id,refresh_token,number_of_uses,invalidated) VALUES ('67','24','f1f3183b-b188-49db-bdd3-21a35042adaf','4','Y');
INSERT INTO authorisation (authorisation_id,user_id,refresh_token,number_of_uses,invalidated) VALUES ('68','24','84ae19b6-a422-41c8-a8de-f9ccb326a5f6','1','N');
INSERT INTO authorisation (authorisation_id,user_id,refresh_token,number_of_uses,invalidated) VALUES ('69','25','6de3303d-229c-4778-a376-6711a587c441','2','Y');
INSERT INTO authorisation (authorisation_id,user_id,refresh_token,number_of_uses,invalidated) VALUES ('70','25','6101fed0-6607-4865-aaef-18646285c096','2','Y');
INSERT INTO authorisation (authorisation_id,user_id,refresh_token,number_of_uses,invalidated) VALUES ('71','25','75ffd1fc-d6be-49db-bf9c-60f03862bbc3','5','Y');
INSERT INTO authorisation (authorisation_id,user_id,refresh_token,number_of_uses,invalidated) VALUES ('72','25','586c10fe-0f5d-4c81-9f2f-38ad4f085b22','5','N');
INSERT INTO authorisation (authorisation_id,user_id,refresh_token,number_of_uses,invalidated) VALUES ('73','26','db9b2db1-0368-4cab-b6e4-0e199ac6452e','3','Y');
INSERT INTO authorisation (authorisation_id,user_id,refresh_token,number_of_uses,invalidated) VALUES ('74','26','5824c68c-79bc-4bce-8f6b-e29b6c644878','4','Y');
INSERT INTO authorisation (authorisation_id,user_id,refresh_token,number_of_uses,invalidated) VALUES ('75','26','314c4962-05ad-478e-b00f-30e6eb562208','3','Y');
INSERT INTO authorisation (authorisation_id,user_id,refresh_token,number_of_uses,invalidated) VALUES ('76','26','773bc9ee-0a2a-4ab3-b707-c38a79c28630','3','N');
INSERT INTO authorisation (authorisation_id,user_id,refresh_token,number_of_uses,invalidated) VALUES ('77','27','9352d9f4-219c-49f6-88cc-8df07933d7f7','0','Y');
INSERT INTO authorisation (authorisation_id,user_id,refresh_token,number_of_uses,invalidated) VALUES ('78','28','e7d685f2-d5bc-4d9e-8830-97562f8f9ad7','3','Y');
INSERT INTO authorisation (authorisation_id,user_id,refresh_token,number_of_uses,invalidated) VALUES ('79','28','011dfd0f-741e-4551-a84e-e18c9a82db09','3','Y');
INSERT INTO authorisation (authorisation_id,user_id,refresh_token,number_of_uses,invalidated) VALUES ('80','28','5afce728-c3dc-406f-af34-4454d89b8054','0','Y');
INSERT INTO authorisation (authorisation_id,user_id,refresh_token,number_of_uses,invalidated) VALUES ('81','29','1babd5e0-4550-4929-ad69-8c043fdcebe7','1','Y');
INSERT INTO authorisation (authorisation_id,user_id,refresh_token,number_of_uses,invalidated) VALUES ('82','29','49418c5d-8358-4ea0-b1aa-b94be5ad1324','3','N');
INSERT INTO authorisation (authorisation_id,user_id,refresh_token,number_of_uses,invalidated) VALUES ('83','30','44cfd71e-fee8-40c0-85ed-0d10527e36d8','1','Y');
INSERT INTO authorisation (authorisation_id,user_id,refresh_token,number_of_uses,invalidated) VALUES ('84','30','516876c0-a2ad-4fc3-bea0-99e0a4f57342','2','Y');
INSERT INTO authorisation (authorisation_id,user_id,refresh_token,number_of_uses,invalidated) VALUES ('85','30','f1d60475-df13-43f4-bee2-8021b562315c','2','Y');
INSERT INTO authorisation (authorisation_id,user_id,refresh_token,number_of_uses,invalidated) VALUES ('86','30','327ca136-f83c-4d75-8f0d-0f6e06826c21','3','N');
INSERT INTO authorisation (authorisation_id,user_id,refresh_token,number_of_uses,invalidated) VALUES ('87','31','8c3196ea-bb18-4276-8a12-e3e0d1bde985','5','Y');
INSERT INTO authorisation (authorisation_id,user_id,refresh_token,number_of_uses,invalidated) VALUES ('88','31','34408050-4e83-4cb2-8b60-5f0e3f8b7f35','0','Y');
INSERT INTO authorisation (authorisation_id,user_id,refresh_token,number_of_uses,invalidated) VALUES ('89','31','45f0a404-6ae4-4ffd-8fb3-dc8fb01308c5','5','N');
INSERT INTO authorisation (authorisation_id,user_id,refresh_token,number_of_uses,invalidated) VALUES ('90','32','75277738-2f40-4f41-a334-19bb41fe858e','1','Y');
INSERT INTO authorisation (authorisation_id,user_id,refresh_token,number_of_uses,invalidated) VALUES ('91','32','584e49d8-9c37-48c8-9e47-4ea35881dadf','4','N');
INSERT INTO authorisation (authorisation_id,user_id,refresh_token,number_of_uses,invalidated) VALUES ('92','33','96f23a93-747f-41ad-beb1-2e835a6c2bfa','2','N');
INSERT INTO authorisation (authorisation_id,user_id,refresh_token,number_of_uses,invalidated) VALUES ('93','34','3cdae17a-504b-4f26-83c6-df0fd35c29cd','5','Y');
INSERT INTO authorisation (authorisation_id,user_id,refresh_token,number_of_uses,invalidated) VALUES ('94','34','2aa0bb72-271d-431d-8342-566d56c4be25','4','Y');
INSERT INTO authorisation (authorisation_id,user_id,refresh_token,number_of_uses,invalidated) VALUES ('95','34','ec87e9c2-c2da-4cf9-9768-4898785e9423','0','Y');
INSERT INTO authorisation (authorisation_id,user_id,refresh_token,number_of_uses,invalidated) VALUES ('96','34','20810651-526e-4084-b970-e65ca729c19d','0','Y');
INSERT INTO authorisation (authorisation_id,user_id,refresh_token,number_of_uses,invalidated) VALUES ('97','35','9547aab2-0f01-4e80-a84d-5bf36a3dad91','0','Y');
INSERT INTO authorisation (authorisation_id,user_id,refresh_token,number_of_uses,invalidated) VALUES ('98','36','4d9526e0-59a7-4df1-945c-a20d24f84d75','1','N');
INSERT INTO authorisation (authorisation_id,user_id,refresh_token,number_of_uses,invalidated) VALUES ('99','37','b83311cf-50c4-4e64-afa0-f038920985ec','1','Y');
INSERT INTO authorisation (authorisation_id,user_id,refresh_token,number_of_uses,invalidated) VALUES ('100','37','166b9f9b-3be9-4dd9-85bf-671134b2f0bb','1','N');
INSERT INTO authorisation (authorisation_id,user_id,refresh_token,number_of_uses,invalidated) VALUES ('101','38','1410c304-17d7-4a17-9c6a-82cf2c33d30e','5','Y');
INSERT INTO authorisation (authorisation_id,user_id,refresh_token,number_of_uses,invalidated) VALUES ('102','38','7e10eb48-a390-493f-a47f-14c14aed7d4f','0','Y');
INSERT INTO authorisation (authorisation_id,user_id,refresh_token,number_of_uses,invalidated) VALUES ('103','38','552f8961-719f-4988-b91c-b98e2369dd07','5','Y');
INSERT INTO authorisation (authorisation_id,user_id,refresh_token,number_of_uses,invalidated) VALUES ('104','38','c2f004be-3346-47ee-95a3-5f6f194b3390','1','N');
INSERT INTO authorisation (authorisation_id,user_id,refresh_token,number_of_uses,invalidated) VALUES ('105','39','ffffca2d-f098-4340-b71d-9c7698549407','5','N');
INSERT INTO authorisation (authorisation_id,user_id,refresh_token,number_of_uses,invalidated) VALUES ('106','40','42caf52d-f9ae-4256-a44c-a6ac1799ee77','3','N');

ALTER TABLE session AUTO_INCREMENT = 1;

INSERT INTO session (session_id,authorisation_id,expiry_date,access_token) VALUES ('1','1','2023-05-18T10:40:41.654376100','56a91757-011b-4bed-be65-28e9a01c73e0');
INSERT INTO session (session_id,authorisation_id,expiry_date,access_token) VALUES ('2','1','2023-05-18T10:38:31.655876300','fe1153c1-ff0d-4434-9091-b72cd7f3fe80');
INSERT INTO session (session_id,authorisation_id,expiry_date,access_token) VALUES ('3','2','2023-05-18T10:41:26.655876300','61ebffc4-e160-4fcd-b478-13f17f1a0bd5');
INSERT INTO session (session_id,authorisation_id,expiry_date,access_token) VALUES ('4','2','2023-05-18T10:41:52.655876300','eb5936a1-7cfb-4334-a085-231a8bf9a3aa');
INSERT INTO session (session_id,authorisation_id,expiry_date,access_token) VALUES ('5','2','2023-05-18T10:42:38.655876300','00726f62-7f30-497e-a223-57c57b60bd5e');
INSERT INTO session (session_id,authorisation_id,expiry_date,access_token) VALUES ('6','3','2023-05-18T10:42:14.655876300','aa58a635-1509-488a-a441-4c6ae9497d52');
INSERT INTO session (session_id,authorisation_id,expiry_date,access_token) VALUES ('7','3','2023-05-18T10:42:36.655876300','bfbbd502-2155-48d2-8bb2-62e03c52214e');
INSERT INTO session (session_id,authorisation_id,expiry_date,access_token) VALUES ('8','3','2023-05-18T10:38:15.656376','c2923689-7998-4dec-b860-7032f43374e1');
INSERT INTO session (session_id,authorisation_id,expiry_date,access_token) VALUES ('9','3','2023-05-18T02:26:52.656376','40124afd-515e-4dd5-b31e-4e6c4b7de83d');
INSERT INTO session (session_id,authorisation_id,expiry_date,access_token) VALUES ('10','4','2023-05-18T10:40:35.659875300','77804a9e-8297-4637-8963-5a99bb909949');
INSERT INTO session (session_id,authorisation_id,expiry_date,access_token) VALUES ('11','4','2023-05-18T10:40:09.659875300','53786c33-6082-4f34-a37b-cefc04589003');
INSERT INTO session (session_id,authorisation_id,expiry_date,access_token) VALUES ('12','5','2023-05-18T10:40:51.659875300','12d8a952-9f25-4137-8448-b9e2ebea4158');
INSERT INTO session (session_id,authorisation_id,expiry_date,access_token) VALUES ('13','5','2023-05-18T10:38:01.659875300','4c855ac6-e175-4ad6-a568-0f97583b4d1b');
INSERT INTO session (session_id,authorisation_id,expiry_date,access_token) VALUES ('14','5','2023-05-18T10:39:42.659875300','8fda2054-305b-455e-9912-e53131441c82');
INSERT INTO session (session_id,authorisation_id,expiry_date,access_token) VALUES ('15','6','2023-05-18T10:42:26.660374500','7229acb8-8bdf-4c2b-abde-b2360e024c8b');
INSERT INTO session (session_id,authorisation_id,expiry_date,access_token) VALUES ('16','7','2023-05-18T10:38:58.660374500','90a75e80-5ab2-4686-bbd3-e3def8ca73d0');
INSERT INTO session (session_id,authorisation_id,expiry_date,access_token) VALUES ('17','7','2023-05-18T10:40:08.660374500','8eb67900-48d4-49df-ba30-8e6642492474');
INSERT INTO session (session_id,authorisation_id,expiry_date,access_token) VALUES ('18','7','2023-05-18T08:33:12.660374500','883fdeec-41a7-4c3e-9c94-a3e619c09fed');
INSERT INTO session (session_id,authorisation_id,expiry_date,access_token) VALUES ('19','8','2023-05-18T10:40:48.662874','146465d8-0793-4d38-906a-d50daef9efae');
INSERT INTO session (session_id,authorisation_id,expiry_date,access_token) VALUES ('20','8','2023-05-18T10:39:05.662874','a69cf0b8-7eac-43aa-8111-0fe6009f451a');
INSERT INTO session (session_id,authorisation_id,expiry_date,access_token) VALUES ('21','8','2023-05-18T10:40:00.662874','0ef9b52c-1521-4e0e-b01e-3cb5cfa8e31e');
INSERT INTO session (session_id,authorisation_id,expiry_date,access_token) VALUES ('22','9','2023-05-18T10:40:43.662874','4498a4a3-a5c5-44e8-bdde-c4918d2fda0c');
INSERT INTO session (session_id,authorisation_id,expiry_date,access_token) VALUES ('23','9','2023-05-18T10:38:54.663373700','fd8fe303-0b4a-4a68-8209-bca361ca00db');
INSERT INTO session (session_id,authorisation_id,expiry_date,access_token) VALUES ('24','10','2023-05-18T08:55:58.663373700','389b9649-f60b-4cb9-90fd-adc4a410bca1');
INSERT INTO session (session_id,authorisation_id,expiry_date,access_token) VALUES ('25','11','2023-05-18T10:41:19.665374100','e646c8b4-f562-48b2-9ac9-9a6cf62f6f31');
INSERT INTO session (session_id,authorisation_id,expiry_date,access_token) VALUES ('26','11','2023-05-18T02:43:52.665374100','9f23eb1f-e4b2-455e-b6e0-dad606077662');
INSERT INTO session (session_id,authorisation_id,expiry_date,access_token) VALUES ('27','12','2023-05-18T10:37:58.670372700','b9e72ec0-2e8d-43cd-9ed4-27d7030f501c');
INSERT INTO session (session_id,authorisation_id,expiry_date,access_token) VALUES ('28','12','2023-05-18T10:40:26.670372700','fdc463fd-3401-4e8e-b353-39926677bd84');
INSERT INTO session (session_id,authorisation_id,expiry_date,access_token) VALUES ('29','13','2023-05-18T10:39:26.670372700','ee16966f-2282-4159-8065-c1dd7b19f5e9');
INSERT INTO session (session_id,authorisation_id,expiry_date,access_token) VALUES ('30','14','2023-05-18T01:18:23.670372700','4a91d1c7-dac0-4c19-874f-7f5076cb6122');
INSERT INTO session (session_id,authorisation_id,expiry_date,access_token) VALUES ('31','15','2023-05-18T10:38:06.672872400','2501ac78-2ee9-432b-99cd-40daeadc336c');
INSERT INTO session (session_id,authorisation_id,expiry_date,access_token) VALUES ('32','15','2023-05-18T10:39:23.672872400','46ef3516-1bf3-4635-adff-4efbb95536b2');
INSERT INTO session (session_id,authorisation_id,expiry_date,access_token) VALUES ('33','15','2023-05-18T10:38:24.672872400','7a405e74-ccc7-4e58-b816-121938b0fa00');
INSERT INTO session (session_id,authorisation_id,expiry_date,access_token) VALUES ('34','15','2023-05-18T10:40:03.672872400','77f88bf1-e0b8-4a62-8c10-7603c6c25fcc');
INSERT INTO session (session_id,authorisation_id,expiry_date,access_token) VALUES ('35','16','2023-05-18T10:40:41.672872400','5730bef2-4a5b-4296-a91d-55ba87a56f43');
INSERT INTO session (session_id,authorisation_id,expiry_date,access_token) VALUES ('36','16','2023-05-18T10:42:35.672872400','ebdf5931-d03e-495d-bd76-cb9e97d53779');
INSERT INTO session (session_id,authorisation_id,expiry_date,access_token) VALUES ('37','17','2023-05-18T10:37:44.672872400','ffc5a2ce-59b0-46a3-9d31-5bf8d6584105');
INSERT INTO session (session_id,authorisation_id,expiry_date,access_token) VALUES ('38','17','2023-05-18T10:38:59.672872400','0160c6c0-173c-4f41-b189-40ccfde48738');
INSERT INTO session (session_id,authorisation_id,expiry_date,access_token) VALUES ('39','17','2023-05-18T10:40:11.672872400','ff0503b8-a410-4cd6-bd5b-dd5066614fed');
INSERT INTO session (session_id,authorisation_id,expiry_date,access_token) VALUES ('40','17','2023-05-18T10:41:24.672872400','a772e452-400a-4927-b2d4-40b4bc315db4');
INSERT INTO session (session_id,authorisation_id,expiry_date,access_token) VALUES ('41','18','2023-05-18T10:37:50.672872400','da09834a-c83a-47e4-9619-6d1cb2d92ffa');
INSERT INTO session (session_id,authorisation_id,expiry_date,access_token) VALUES ('42','18','2023-05-18T00:55:23.672872400','16e94562-7e42-48fb-b6a5-0cb128dc449f');
INSERT INTO session (session_id,authorisation_id,expiry_date,access_token) VALUES ('43','19','2023-05-18T10:39:40.674871500','8cfe0008-d2ec-49ec-9eb4-466f99e861e4');
INSERT INTO session (session_id,authorisation_id,expiry_date,access_token) VALUES ('44','19','2023-05-18T10:39:11.674871500','54832dfd-18a0-40b4-8037-282cdafe6211');
INSERT INTO session (session_id,authorisation_id,expiry_date,access_token) VALUES ('45','20','2023-05-18T00:45:43.674871500','7847fda3-165c-4cb1-879d-ad07d0597b30');
INSERT INTO session (session_id,authorisation_id,expiry_date,access_token) VALUES ('46','21','2023-05-18T10:41:54.678871800','47168afc-24ee-4f32-bdb9-eee912ef7d68');
INSERT INTO session (session_id,authorisation_id,expiry_date,access_token) VALUES ('47','21','2023-05-18T10:37:55.678871800','2324b740-ebfc-4807-be93-9181fdaf4809');
INSERT INTO session (session_id,authorisation_id,expiry_date,access_token) VALUES ('48','22','2023-05-18T10:37:45.678871800','dad36238-4edd-4eca-8fdd-b5c585ddc101');
INSERT INTO session (session_id,authorisation_id,expiry_date,access_token) VALUES ('49','23','2023-05-18T10:40:10.679372600','c0a895c9-76b7-451d-bb2d-aa97521334c8');
INSERT INTO session (session_id,authorisation_id,expiry_date,access_token) VALUES ('50','23','2023-05-18T03:22:38.679372600','dad1b86e-e660-4309-a5ab-075711cb5cba');
INSERT INTO session (session_id,authorisation_id,expiry_date,access_token) VALUES ('51','24','2023-05-18T10:39:05.680871600','be5f3472-4c69-4863-bae2-222e0babe5b4');
INSERT INTO session (session_id,authorisation_id,expiry_date,access_token) VALUES ('52','24','2023-05-18T10:37:48.680871600','f7fa206e-080d-4854-9c97-3064286fbd6d');
INSERT INTO session (session_id,authorisation_id,expiry_date,access_token) VALUES ('53','25','2023-05-18T10:40:55.680871600','e85e52e1-cc8a-42e9-916e-b3404631b73e');
INSERT INTO session (session_id,authorisation_id,expiry_date,access_token) VALUES ('54','25','2023-05-18T10:39:12.680871600','a5350175-b69b-43f1-8753-37150fbae01e');
INSERT INTO session (session_id,authorisation_id,expiry_date,access_token) VALUES ('55','25','2023-05-18T10:41:57.680871600','4a40da0f-9e1a-401f-93a0-15aaf4bd079d');
INSERT INTO session (session_id,authorisation_id,expiry_date,access_token) VALUES ('56','26','2023-05-18T10:38:29.680871600','a5bfac3f-1e21-469f-b945-1816d1e4511d');
INSERT INTO session (session_id,authorisation_id,expiry_date,access_token) VALUES ('57','26','2023-05-18T05:41:46.680871600','829762f6-589f-4478-b992-996cb880d2d4');
INSERT INTO session (session_id,authorisation_id,expiry_date,access_token) VALUES ('58','27','2023-05-18T10:37:54.682869800','69141631-cf82-484f-8e24-7a92831f2130');
INSERT INTO session (session_id,authorisation_id,expiry_date,access_token) VALUES ('59','27','2023-05-18T10:39:19.682869800','d2856e29-0675-4f72-bfe6-62aee7b6ca33');
INSERT INTO session (session_id,authorisation_id,expiry_date,access_token) VALUES ('60','27','2023-05-18T10:37:47.682869800','68d231cb-13e2-4e76-9cd7-17de8c97da88');
INSERT INTO session (session_id,authorisation_id,expiry_date,access_token) VALUES ('61','27','2023-05-18T10:42:07.682869800','d8b4e677-de72-4b6f-86e7-2b043efdf11c');
INSERT INTO session (session_id,authorisation_id,expiry_date,access_token) VALUES ('62','28','2023-05-18T10:41:39.682869800','00b518fd-a6ae-4479-9c8d-846025872c36');
INSERT INTO session (session_id,authorisation_id,expiry_date,access_token) VALUES ('63','28','2023-05-18T10:38:44.682869800','fb805071-cac4-45c0-ae56-25f90be402e2');
INSERT INTO session (session_id,authorisation_id,expiry_date,access_token) VALUES ('64','28','2023-05-18T10:38:49.682869800','20e0efc0-60e4-4faa-be7e-c72f83eb9087');
INSERT INTO session (session_id,authorisation_id,expiry_date,access_token) VALUES ('65','28','2023-05-18T10:41:39.682869800','b75bbb31-4c63-437c-9d9b-61c5c9e0edd4');
INSERT INTO session (session_id,authorisation_id,expiry_date,access_token) VALUES ('66','29','2023-05-18T10:39:22.682869800','21f4c4c9-959e-4cd6-ab0a-29d84af64e7f');
INSERT INTO session (session_id,authorisation_id,expiry_date,access_token) VALUES ('67','30','2023-05-18T10:41:21.682869800','fa9c4c79-27dc-4f44-98dc-266dde7d6011');
INSERT INTO session (session_id,authorisation_id,expiry_date,access_token) VALUES ('68','30','2023-05-18T10:38:03.683369300','1b9ff523-b82e-421c-b14b-c1cb3f619c6e');
INSERT INTO session (session_id,authorisation_id,expiry_date,access_token) VALUES ('69','30','2023-05-18T06:43:45.683369300','26558700-b89d-45cb-a130-b449b7158960');
INSERT INTO session (session_id,authorisation_id,expiry_date,access_token) VALUES ('70','31','2023-05-18T10:40:04.684871600','94343ec2-734c-4991-acfe-72e60d8ff7ed');
INSERT INTO session (session_id,authorisation_id,expiry_date,access_token) VALUES ('71','31','2023-05-18T10:40:30.684871600','a77133bd-f1a8-4851-8c31-124323f510a2');
INSERT INTO session (session_id,authorisation_id,expiry_date,access_token) VALUES ('72','31','2023-05-18T10:41:15.684871600','79b7ce6c-8cec-4448-b7bb-0158ddc31499');
INSERT INTO session (session_id,authorisation_id,expiry_date,access_token) VALUES ('73','31','2023-05-18T10:40:32.684871600','5ae51320-821f-4f90-87a2-368c49d18068');
INSERT INTO session (session_id,authorisation_id,expiry_date,access_token) VALUES ('74','32','2023-05-18T10:42:01.684871600','598e2320-46f0-48a5-bf32-8a7880d32b9b');
INSERT INTO session (session_id,authorisation_id,expiry_date,access_token) VALUES ('75','32','2023-05-18T10:40:03.684871600','fcde5f4a-790a-4c14-916a-71b7ccbb4ae3');
INSERT INTO session (session_id,authorisation_id,expiry_date,access_token) VALUES ('76','32','2023-05-18T08:10:39.684871600','7dcdd0a2-08ae-434b-bff5-f282bd4d3366');
INSERT INTO session (session_id,authorisation_id,expiry_date,access_token) VALUES ('77','33','2023-05-18T10:40:16.686370500','79bb7f61-32b1-4080-b8d3-8ed19799730c');
INSERT INTO session (session_id,authorisation_id,expiry_date,access_token) VALUES ('78','33','2023-05-18T10:42:10.686370500','cf22d83e-b6c5-4bd4-90c7-1bf78a702d65');
INSERT INTO session (session_id,authorisation_id,expiry_date,access_token) VALUES ('79','34','2023-05-18T10:37:58.686370500','f257c340-8588-4272-8836-977ff97749f5');
INSERT INTO session (session_id,authorisation_id,expiry_date,access_token) VALUES ('80','35','2023-05-18T10:42:40.686370500','392fbd05-aab7-4da8-8526-0a2c98a8cd67');
INSERT INTO session (session_id,authorisation_id,expiry_date,access_token) VALUES ('81','35','2023-05-18T10:40:07.686370500','eb3f111f-0c0e-47cf-941d-0edc0c361f67');
INSERT INTO session (session_id,authorisation_id,expiry_date,access_token) VALUES ('82','35','2023-05-18T10:42:23.686370500','1486298e-da0a-41e4-84c0-f4e87388c20c');
INSERT INTO session (session_id,authorisation_id,expiry_date,access_token) VALUES ('83','35','2023-05-18T03:37:18.686370500','0d301907-5599-42cf-b64b-5b96f6cfdba0');
INSERT INTO session (session_id,authorisation_id,expiry_date,access_token) VALUES ('84','36','2023-05-18T07:02:51.687870200','d7302de8-589e-4ef5-8452-745657a33199');
INSERT INTO session (session_id,authorisation_id,expiry_date,access_token) VALUES ('85','37','2023-05-18T10:39:32.689369400','bc6ca48f-7a1b-4746-bdea-f6719548d200');
INSERT INTO session (session_id,authorisation_id,expiry_date,access_token) VALUES ('86','37','2023-05-18T10:38:37.689369400','a82f3d4c-1aff-4164-8239-e3e9fed10909');
INSERT INTO session (session_id,authorisation_id,expiry_date,access_token) VALUES ('87','37','2023-05-18T10:40:20.689369400','e8c4bf7e-3051-4e3d-a43a-8b8c4f9cf52d');
INSERT INTO session (session_id,authorisation_id,expiry_date,access_token) VALUES ('88','37','2023-05-18T06:09:20.689369400','63d2a267-eacd-4f1b-bc63-b93c66514615');
INSERT INTO session (session_id,authorisation_id,expiry_date,access_token) VALUES ('89','38','2023-05-18T10:39:14.693868600','390ef7ae-a4d3-45e5-9798-a48a39d5ca7d');
INSERT INTO session (session_id,authorisation_id,expiry_date,access_token) VALUES ('90','38','2023-05-18T10:40:13.694368200','58938819-4d0e-493b-a35f-072644a70e63');
INSERT INTO session (session_id,authorisation_id,expiry_date,access_token) VALUES ('91','38','2023-05-18T09:17:32.694368200','6dc5079f-0601-4024-9475-707f845e767f');
INSERT INTO session (session_id,authorisation_id,expiry_date,access_token) VALUES ('92','39','2023-05-18T10:37:53.698867300','837b275e-d1de-4f77-b086-173b17f8c34a');
INSERT INTO session (session_id,authorisation_id,expiry_date,access_token) VALUES ('93','39','2023-05-18T10:41:30.698867300','516bdaf7-81d6-4a4c-ac84-6904e91e5ea1');
INSERT INTO session (session_id,authorisation_id,expiry_date,access_token) VALUES ('94','40','2023-05-18T10:37:46.698867300','dc073920-5978-4651-affe-8eea85d921a3');
INSERT INTO session (session_id,authorisation_id,expiry_date,access_token) VALUES ('95','41','2023-05-18T10:41:39.698867300','841c1e45-ca17-4268-93b1-030660c96ee8');
INSERT INTO session (session_id,authorisation_id,expiry_date,access_token) VALUES ('96','41','2023-05-18T10:40:30.698867300','806053ad-a653-405d-a3f9-8a5d063e5aa7');
INSERT INTO session (session_id,authorisation_id,expiry_date,access_token) VALUES ('97','41','2023-05-18T10:41:31.698867300','8b19479e-44dd-44e8-bc95-23d89603ac4c');
INSERT INTO session (session_id,authorisation_id,expiry_date,access_token) VALUES ('98','42','2023-05-18T05:55:36.698867300','00551765-0780-4208-8842-cdabc9aae38d');
INSERT INTO session (session_id,authorisation_id,expiry_date,access_token) VALUES ('99','43','2023-05-18T10:39:44.700867500','f9d1845d-85f3-4661-914b-ea408635a31d');
INSERT INTO session (session_id,authorisation_id,expiry_date,access_token) VALUES ('100','43','2023-05-18T10:42:38.700867500','2a28c2e1-3d91-4ba7-9838-a8d430f6c2a4');
INSERT INTO session (session_id,authorisation_id,expiry_date,access_token) VALUES ('101','44','2023-05-18T10:38:08.700867500','dc921ebc-be0d-466b-9a4b-0c637936296e');
INSERT INTO session (session_id,authorisation_id,expiry_date,access_token) VALUES ('102','44','2023-05-18T10:39:02.700867500','2f08bd4a-97bf-42ee-a8b6-3c57cfe71b70');
INSERT INTO session (session_id,authorisation_id,expiry_date,access_token) VALUES ('103','44','2023-05-18T10:38:53.700867500','4fac8189-6a51-41cc-93e7-30ee66135b45');
INSERT INTO session (session_id,authorisation_id,expiry_date,access_token) VALUES ('104','44','2023-05-18T10:40:48.700867500','c3288c03-8b73-4866-9f51-85744f748a8d');
INSERT INTO session (session_id,authorisation_id,expiry_date,access_token) VALUES ('105','45','2023-05-18T10:29:34.700867500','f82f9aa3-f538-4b22-9ecd-d28bc70fa52b');
INSERT INTO session (session_id,authorisation_id,expiry_date,access_token) VALUES ('106','46','2023-05-18T10:39:20.702366800','57ac7724-961b-4c1f-a90a-5232662ae3c5');
INSERT INTO session (session_id,authorisation_id,expiry_date,access_token) VALUES ('107','46','2023-05-18T10:37:53.702366800','11e4c232-bde3-4738-98f4-a2683c5fd40b');
INSERT INTO session (session_id,authorisation_id,expiry_date,access_token) VALUES ('108','46','2023-05-18T10:41:49.702366800','c32ef26f-e3f0-4bf3-8690-c6289154a0ef');
INSERT INTO session (session_id,authorisation_id,expiry_date,access_token) VALUES ('109','46','2023-05-18T10:39:02.702366800','aad1ffe0-0156-43ac-ab9a-5ab8759da071');
INSERT INTO session (session_id,authorisation_id,expiry_date,access_token) VALUES ('110','47','2023-05-18T10:38:12.702366800','6ed9e9fe-dc58-4276-8513-e94716920e52');
INSERT INTO session (session_id,authorisation_id,expiry_date,access_token) VALUES ('111','48','2023-05-18T10:37:51.702366800','528bc268-139e-4e66-a37d-656462935dc3');
INSERT INTO session (session_id,authorisation_id,expiry_date,access_token) VALUES ('112','48','2023-05-18T10:40:18.702366800','6e414044-89eb-4fcf-a7c7-f30cdabc8f64');
INSERT INTO session (session_id,authorisation_id,expiry_date,access_token) VALUES ('113','48','2023-05-18T10:41:54.702366800','824d09f1-fe57-4e50-9cbc-5fc141422039');
INSERT INTO session (session_id,authorisation_id,expiry_date,access_token) VALUES ('114','49','2023-05-18T10:38:32.702366800','8c5a9941-c6ff-4935-841a-5cf994e16a2a');
INSERT INTO session (session_id,authorisation_id,expiry_date,access_token) VALUES ('115','49','2023-05-18T10:40:07.702366800','565f9de5-0310-47ae-967e-d1feafc9bcd9');
INSERT INTO session (session_id,authorisation_id,expiry_date,access_token) VALUES ('116','49','2023-05-18T03:30:34.702366800','a71764a0-2039-480c-ae27-6e9936c58d81');
INSERT INTO session (session_id,authorisation_id,expiry_date,access_token) VALUES ('117','50','2023-05-18T10:40:22.704366500','c92ac8e4-35b9-49f2-a25a-d3347a9a0be6');
INSERT INTO session (session_id,authorisation_id,expiry_date,access_token) VALUES ('118','50','2023-05-18T10:42:11.704366500','0eb85000-646d-4a2d-9751-03eb5b4cd550');
INSERT INTO session (session_id,authorisation_id,expiry_date,access_token) VALUES ('119','51','2023-05-18T10:40:49.704366500','c27c7f80-fc79-4a3e-a7f4-dde8268dd15f');
INSERT INTO session (session_id,authorisation_id,expiry_date,access_token) VALUES ('120','51','2023-05-18T10:38:24.704366500','9f0d82a3-252c-4b67-ac8d-4c0f29c105c3');
INSERT INTO session (session_id,authorisation_id,expiry_date,access_token) VALUES ('121','51','2023-05-18T10:38:54.704366500','9414ecf9-d8b2-42ee-bd83-4277f7c1fb24');
INSERT INTO session (session_id,authorisation_id,expiry_date,access_token) VALUES ('122','51','2023-05-18T10:39:15.704366500','e81ce88d-9eab-4244-97d4-a58b36a75c6d');
INSERT INTO session (session_id,authorisation_id,expiry_date,access_token) VALUES ('123','52','2023-05-18T10:42:24.704366500','61d10a8b-73bc-4a05-a0bf-796fd17064d3');
INSERT INTO session (session_id,authorisation_id,expiry_date,access_token) VALUES ('124','52','2023-05-18T10:38:17.704366500','31919ff2-9a1e-4827-81ed-f53ac769cb99');
INSERT INTO session (session_id,authorisation_id,expiry_date,access_token) VALUES ('125','52','2023-05-18T10:42:22.704366500','d23976ee-a1e0-405a-9c88-3222976a1748');
INSERT INTO session (session_id,authorisation_id,expiry_date,access_token) VALUES ('126','52','2023-05-18T10:42:28.704366500','07a086f4-5724-443e-8dc5-1867de405672');
INSERT INTO session (session_id,authorisation_id,expiry_date,access_token) VALUES ('127','53','2023-05-18T10:38:00.704366500','162e97e4-80c2-4178-b200-7aade136817a');
INSERT INTO session (session_id,authorisation_id,expiry_date,access_token) VALUES ('128','53','2023-05-18T10:41:20.704366500','ef2c201a-4841-4fa9-8c2b-42d12446ea02');
INSERT INTO session (session_id,authorisation_id,expiry_date,access_token) VALUES ('129','53','2023-05-18T02:16:05.704366500','b7734b5e-501e-4bff-996b-9e276bd0289d');
INSERT INTO session (session_id,authorisation_id,expiry_date,access_token) VALUES ('130','54','2023-05-18T10:39:04.705867','d31c278d-e1d8-4ee7-bcbd-4ec6401fd5e7');
INSERT INTO session (session_id,authorisation_id,expiry_date,access_token) VALUES ('131','54','2023-05-18T10:40:01.705867','65d9ae51-d08a-43ba-aaf4-5cb962df65f6');
INSERT INTO session (session_id,authorisation_id,expiry_date,access_token) VALUES ('132','54','2023-05-18T10:37:49.705867','9af5130c-8744-48ce-a341-f0256ffb555a');
INSERT INTO session (session_id,authorisation_id,expiry_date,access_token) VALUES ('133','54','2023-05-18T10:40:28.705867','4594dc97-1282-4004-96fd-e4a68a578595');
INSERT INTO session (session_id,authorisation_id,expiry_date,access_token) VALUES ('134','55','2023-05-18T10:38:21.705867','5f945dd1-4cbd-4f9a-90e5-7f30f2556cbf');
INSERT INTO session (session_id,authorisation_id,expiry_date,access_token) VALUES ('135','55','2023-05-18T10:40:33.705867','afb310fe-44f5-4110-ab2d-c73e0be39815');
INSERT INTO session (session_id,authorisation_id,expiry_date,access_token) VALUES ('136','55','2023-05-18T10:37:50.705867','40c7e84f-8a02-45de-976f-91363e4b9f7d');
INSERT INTO session (session_id,authorisation_id,expiry_date,access_token) VALUES ('137','56','2023-05-18T10:41:14.705867','08301a7f-c6c2-44e6-b966-30d1fa54c03d');
INSERT INTO session (session_id,authorisation_id,expiry_date,access_token) VALUES ('138','56','2023-05-18T10:41:51.705867','f15db1b5-89cd-4a54-8854-04b63c3d4259');
INSERT INTO session (session_id,authorisation_id,expiry_date,access_token) VALUES ('139','56','2023-05-18T10:42:25.705867','70599627-a8c5-430b-92bd-20d67f21e501');
INSERT INTO session (session_id,authorisation_id,expiry_date,access_token) VALUES ('140','57','2023-05-18T10:40:50.705867','dc63fff8-f446-46fa-bada-1b387f2b74c3');
INSERT INTO session (session_id,authorisation_id,expiry_date,access_token) VALUES ('141','57','2023-05-18T02:27:34.705867','d730ff51-c1c7-4cb1-a19d-540ff43e38d4');
INSERT INTO session (session_id,authorisation_id,expiry_date,access_token) VALUES ('142','58','2023-05-18T10:38:39.707366900','73bf8b8d-0944-495e-9847-6a58c4504754');
INSERT INTO session (session_id,authorisation_id,expiry_date,access_token) VALUES ('143','58','2023-05-18T10:38:41.707366900','d1c26547-75bd-43c9-a69c-2186ff33d7bc');
INSERT INTO session (session_id,authorisation_id,expiry_date,access_token) VALUES ('144','59','2023-05-18T10:42:01.707366900','8a7297af-0b67-441d-aa0e-5e71a247dda6');
INSERT INTO session (session_id,authorisation_id,expiry_date,access_token) VALUES ('145','59','2023-05-18T10:40:02.707366900','6fbec442-7b6c-4cb7-97f0-ffd6bc34a314');
INSERT INTO session (session_id,authorisation_id,expiry_date,access_token) VALUES ('146','59','2023-05-18T06:03:45.707366900','dc42cb78-d29d-402a-bf95-0e5fb583df57');
INSERT INTO session (session_id,authorisation_id,expiry_date,access_token) VALUES ('147','60','2023-05-18T10:38:56.708366700','6c8ca565-58b1-4e33-a365-9c1e186c0cef');
INSERT INTO session (session_id,authorisation_id,expiry_date,access_token) VALUES ('148','60','2023-05-18T10:38:25.708366700','86c2a763-0388-4b34-95d7-1b302333708d');
INSERT INTO session (session_id,authorisation_id,expiry_date,access_token) VALUES ('149','60','2023-05-18T10:42:17.708366700','eb8f4b1e-142c-445b-bd0e-ecf30f789f52');
INSERT INTO session (session_id,authorisation_id,expiry_date,access_token) VALUES ('150','60','2023-05-18T10:38:36.708366700','9b5915f6-2d46-42d8-8414-cad19770a43a');
INSERT INTO session (session_id,authorisation_id,expiry_date,access_token) VALUES ('151','61','2023-05-18T10:41:38.708366700','7c0e0d60-fd07-457a-9ccb-553799079d71');
INSERT INTO session (session_id,authorisation_id,expiry_date,access_token) VALUES ('152','61','2023-05-18T10:39:19.708366700','f8d95d7e-5cab-4b16-a401-c278460094c5');
INSERT INTO session (session_id,authorisation_id,expiry_date,access_token) VALUES ('153','61','2023-05-18T10:39:32.708366700','daa4cee9-ead9-4472-a72c-9598ca06724f');
INSERT INTO session (session_id,authorisation_id,expiry_date,access_token) VALUES ('154','62','2023-05-18T10:39:01.708865700','f171a65e-f154-47f5-afb4-b3b1be367551');
INSERT INTO session (session_id,authorisation_id,expiry_date,access_token) VALUES ('155','62','2023-05-18T10:39:48.708865700','2788c439-7395-4f3e-a5d4-14869538980d');
INSERT INTO session (session_id,authorisation_id,expiry_date,access_token) VALUES ('156','62','2023-05-18T10:38:54.708865700','37ae5d3e-320f-4683-8911-737ac659b934');
INSERT INTO session (session_id,authorisation_id,expiry_date,access_token) VALUES ('157','62','2023-05-18T03:46:56.708865700','2464dcf6-9a58-4379-99fa-104d391fcdf9');
INSERT INTO session (session_id,authorisation_id,expiry_date,access_token) VALUES ('158','63','2023-05-18T10:41:27.709865500','1fe2eb70-2bf7-409b-908b-9108e0e3a25d');
INSERT INTO session (session_id,authorisation_id,expiry_date,access_token) VALUES ('159','63','2023-05-18T10:39:50.709865500','48cc8792-f293-46e0-aaf7-a33ef7c58b45');
INSERT INTO session (session_id,authorisation_id,expiry_date,access_token) VALUES ('160','63','2023-05-18T10:40:09.709865500','48447624-dfe5-41b5-9d40-a7e5a6a7ce8f');
INSERT INTO session (session_id,authorisation_id,expiry_date,access_token) VALUES ('161','63','2023-05-18T10:39:50.709865500','b99da481-8007-4a34-9e9f-314ca505a6ef');
INSERT INTO session (session_id,authorisation_id,expiry_date,access_token) VALUES ('162','64','2023-05-18T10:41:43.709865500','18dca3eb-24e2-45d8-9b28-985c9eda2e08');
INSERT INTO session (session_id,authorisation_id,expiry_date,access_token) VALUES ('163','64','2023-05-18T10:37:43.709865500','1737174a-c2a3-4cd9-895c-274c484d2f6d');
INSERT INTO session (session_id,authorisation_id,expiry_date,access_token) VALUES ('164','64','2023-05-18T02:44:21.709865500','3fa0b7ee-8119-48bc-8be0-5f9902c97365');
INSERT INTO session (session_id,authorisation_id,expiry_date,access_token) VALUES ('165','65','2023-05-18T10:39:18.710865200','e6f9f7a7-d60e-44e8-86aa-6d5235784e9b');
INSERT INTO session (session_id,authorisation_id,expiry_date,access_token) VALUES ('166','65','2023-05-18T10:38:13.710865200','67872623-e82e-4831-a0d8-b64d83495397');
INSERT INTO session (session_id,authorisation_id,expiry_date,access_token) VALUES ('167','66','2023-05-18T10:41:49.710865200','f1ceed16-6204-490e-820f-f9caefbd5460');
INSERT INTO session (session_id,authorisation_id,expiry_date,access_token) VALUES ('168','67','2023-05-18T10:42:33.710865200','bab7ebc4-b1d6-4179-887d-ccc2f98ec933');
INSERT INTO session (session_id,authorisation_id,expiry_date,access_token) VALUES ('169','67','2023-05-18T10:42:17.710865200','69efd614-1960-452e-b114-f43bd802123f');
INSERT INTO session (session_id,authorisation_id,expiry_date,access_token) VALUES ('170','67','2023-05-18T10:41:01.710865200','f331cda8-bf19-40b7-9f9a-1c5edfbcd987');
INSERT INTO session (session_id,authorisation_id,expiry_date,access_token) VALUES ('171','68','2023-05-18T09:46:56.710865200','6b6858bd-913f-4f20-a51c-64e061d1cec0');
INSERT INTO session (session_id,authorisation_id,expiry_date,access_token) VALUES ('172','69','2023-05-18T10:38:23.712864400','a402e2aa-2f09-47ac-ba59-6a7b996ff4da');
INSERT INTO session (session_id,authorisation_id,expiry_date,access_token) VALUES ('173','70','2023-05-18T10:40:55.712864400','0419f052-c8b0-4792-b65f-d2e5ffbfc0cb');
INSERT INTO session (session_id,authorisation_id,expiry_date,access_token) VALUES ('174','70','2023-05-18T10:41:22.712864400','587dc85f-c74d-4c19-bb34-81f7eaf07255');
INSERT INTO session (session_id,authorisation_id,expiry_date,access_token) VALUES ('175','70','2023-05-18T10:39:32.712864400','ef29a6b2-58c7-4c79-9f3b-c0d7d710c559');
INSERT INTO session (session_id,authorisation_id,expiry_date,access_token) VALUES ('176','70','2023-05-18T10:40:50.712864400','027b39ef-ae9a-4709-8866-ecfd372a2492');
INSERT INTO session (session_id,authorisation_id,expiry_date,access_token) VALUES ('177','71','2023-05-18T10:42:09.712864400','76ac03fe-6adc-40cf-9557-5c8a28740382');
INSERT INTO session (session_id,authorisation_id,expiry_date,access_token) VALUES ('178','71','2023-05-18T10:38:09.712864400','82bcb32b-7959-422a-9518-4606b8d6a558');
INSERT INTO session (session_id,authorisation_id,expiry_date,access_token) VALUES ('179','72','2023-05-18T10:42:01.712864400','cb728fc8-3205-4c70-aa4b-a8c84aacceaf');
INSERT INTO session (session_id,authorisation_id,expiry_date,access_token) VALUES ('180','72','2023-05-18T10:42:34.712864400','977ffccd-d85f-4da3-9534-6b9189e986ce');
INSERT INTO session (session_id,authorisation_id,expiry_date,access_token) VALUES ('181','72','2023-05-18T08:18:38.712864400','58fd8a6a-06bc-4787-a6fe-c471186ee96b');
INSERT INTO session (session_id,authorisation_id,expiry_date,access_token) VALUES ('182','73','2023-05-18T10:39:18.713865600','a03534d3-53f0-4774-ba5b-f680c495ee65');
INSERT INTO session (session_id,authorisation_id,expiry_date,access_token) VALUES ('183','73','2023-05-18T10:37:58.713865600','0b7f421d-8d23-4807-b135-0d09b78d3b33');
INSERT INTO session (session_id,authorisation_id,expiry_date,access_token) VALUES ('184','74','2023-05-18T10:40:04.713865600','c6bd28fc-93b3-4790-88b8-5ef51e3954d1');
INSERT INTO session (session_id,authorisation_id,expiry_date,access_token) VALUES ('185','74','2023-05-18T10:41:04.713865600','092181ca-c882-4f21-a209-a85aa7ff1a95');
INSERT INTO session (session_id,authorisation_id,expiry_date,access_token) VALUES ('186','74','2023-05-18T10:38:25.713865600','43fc37ba-0169-49d2-9320-b7caab7efa98');
INSERT INTO session (session_id,authorisation_id,expiry_date,access_token) VALUES ('187','75','2023-05-18T10:39:38.713865600','577e08d7-fb9d-4280-9baf-86c084fb002a');
INSERT INTO session (session_id,authorisation_id,expiry_date,access_token) VALUES ('188','75','2023-05-18T10:39:26.713865600','12147cf6-d72a-4c13-b9a6-a800460be3d1');
INSERT INTO session (session_id,authorisation_id,expiry_date,access_token) VALUES ('189','75','2023-05-18T10:37:47.713865600','36b6e5e9-a63b-40a5-aea5-521d400978ed');
INSERT INTO session (session_id,authorisation_id,expiry_date,access_token) VALUES ('190','75','2023-05-18T10:42:30.713865600','a4398a0a-2a36-4971-abaa-8804a5b599b2');
INSERT INTO session (session_id,authorisation_id,expiry_date,access_token) VALUES ('191','76','2023-05-18T10:39:08.713865600','7198e24e-dad8-48ba-9274-5a347c70b592');
INSERT INTO session (session_id,authorisation_id,expiry_date,access_token) VALUES ('192','76','2023-05-18T07:00:45.713865600','eb1fdb5d-9e5b-4edf-ab79-3df496b49d0d');
INSERT INTO session (session_id,authorisation_id,expiry_date,access_token) VALUES ('193','77','2023-05-18T10:41:35.715364800','c1b80c59-1515-48d6-a75a-bd3c34ea40e0');
INSERT INTO session (session_id,authorisation_id,expiry_date,access_token) VALUES ('194','77','2023-05-18T05:07:09.715364800','1b67901d-1b0f-4a20-82d3-44232a87a446');
INSERT INTO session (session_id,authorisation_id,expiry_date,access_token) VALUES ('195','78','2023-05-18T10:41:11.716364600','e0ffd597-0f8d-49e5-887e-3d43a9e46a53');
INSERT INTO session (session_id,authorisation_id,expiry_date,access_token) VALUES ('196','78','2023-05-18T10:41:40.716364600','a85255a1-31bc-4867-917d-f02a59a19ed8');
INSERT INTO session (session_id,authorisation_id,expiry_date,access_token) VALUES ('197','79','2023-05-18T10:40:06.716364600','e0e3fb2d-0750-4583-b19d-44ed544049d7');
INSERT INTO session (session_id,authorisation_id,expiry_date,access_token) VALUES ('198','79','2023-05-18T10:37:42.716364600','bf004bb8-619a-4f22-895f-3d9ee20e0dd2');
INSERT INTO session (session_id,authorisation_id,expiry_date,access_token) VALUES ('199','79','2023-05-18T10:42:07.716364600','8d4f1903-2a83-4a01-9717-9633990cefb7');
INSERT INTO session (session_id,authorisation_id,expiry_date,access_token) VALUES ('200','80','2023-05-18T10:41:36.716364600','3a8210fd-9e08-47ed-8f4e-f57f980cce3c');
INSERT INTO session (session_id,authorisation_id,expiry_date,access_token) VALUES ('201','80','2023-05-18T10:41:19.716364600','1e3293b3-2e99-4538-a11a-137b2bf3c1c4');
INSERT INTO session (session_id,authorisation_id,expiry_date,access_token) VALUES ('202','80','2023-05-18T10:39:52.716364600','e75f69a3-6296-492f-8a9e-0ccf73b58cd5');
INSERT INTO session (session_id,authorisation_id,expiry_date,access_token) VALUES ('203','80','2023-05-18T04:33:38.716364600','ba1eca36-aead-408c-9e4a-b1d0ad050fe6');
INSERT INTO session (session_id,authorisation_id,expiry_date,access_token) VALUES ('204','81','2023-05-18T10:39:06.717865','306ce66d-2538-4d2a-bc86-7de8ec4a8ae9');
INSERT INTO session (session_id,authorisation_id,expiry_date,access_token) VALUES ('205','81','2023-05-18T10:41:59.717865','3cc14ed7-53bd-4bdd-8f64-87071de3b4ac');
INSERT INTO session (session_id,authorisation_id,expiry_date,access_token) VALUES ('206','82','2023-05-18T10:38:57.717865','87fac859-e414-42a8-a236-d0b8ecc27f4a');
INSERT INTO session (session_id,authorisation_id,expiry_date,access_token) VALUES ('207','82','2023-05-18T10:41:04.717865','902ed9a8-4af7-41b9-a323-a38e0c0bfe12');
INSERT INTO session (session_id,authorisation_id,expiry_date,access_token) VALUES ('208','82','2023-05-18T04:46:58.717865','05b64ecc-074d-49e6-844b-444b4008ed43');
INSERT INTO session (session_id,authorisation_id,expiry_date,access_token) VALUES ('209','83','2023-05-18T10:40:07.719863400','105b66ea-3ada-4247-b5a7-06bae097b604');
INSERT INTO session (session_id,authorisation_id,expiry_date,access_token) VALUES ('210','83','2023-05-18T10:40:55.719863400','d40ce0c9-e820-43c0-9768-4265f7f16610');
INSERT INTO session (session_id,authorisation_id,expiry_date,access_token) VALUES ('211','83','2023-05-18T10:40:19.719863400','2d2ecbc0-6c3b-47df-a1b6-b9c42a562e06');
INSERT INTO session (session_id,authorisation_id,expiry_date,access_token) VALUES ('212','84','2023-05-18T10:42:27.719863400','63a2ad0f-4d0d-46ec-beb6-e0c51eace6c9');
INSERT INTO session (session_id,authorisation_id,expiry_date,access_token) VALUES ('213','84','2023-05-18T10:42:30.719863400','8a0e75ed-b369-4971-93e8-f7d8cdfa31a4');
INSERT INTO session (session_id,authorisation_id,expiry_date,access_token) VALUES ('214','84','2023-05-18T10:41:46.719863400','8e6dfb93-cc92-4358-a42e-108e38f8429c');
INSERT INTO session (session_id,authorisation_id,expiry_date,access_token) VALUES ('215','85','2023-05-18T10:38:35.719863400','6d378098-9197-4805-a57c-541e8439a084');
INSERT INTO session (session_id,authorisation_id,expiry_date,access_token) VALUES ('216','85','2023-05-18T10:39:36.719863400','d780b27e-44c6-4a29-bc4a-d68d38443c7f');
INSERT INTO session (session_id,authorisation_id,expiry_date,access_token) VALUES ('217','85','2023-05-18T10:42:38.719863400','cf448fe7-f584-4b04-929e-dfe532160ac7');
INSERT INTO session (session_id,authorisation_id,expiry_date,access_token) VALUES ('218','86','2023-05-18T10:39:31.719863400','6028cb76-51ed-4963-97d9-a3b6f68453d2');
INSERT INTO session (session_id,authorisation_id,expiry_date,access_token) VALUES ('219','86','2023-05-18T01:05:38.719863400','546f1cb1-46d6-48c5-8b1a-415ca5f22966');
INSERT INTO session (session_id,authorisation_id,expiry_date,access_token) VALUES ('220','87','2023-05-18T10:40:43.720862900','efc0358f-ac60-4925-87be-ce97765011de');
INSERT INTO session (session_id,authorisation_id,expiry_date,access_token) VALUES ('221','87','2023-05-18T10:42:33.720862900','90d9e4fd-dfb8-4b06-a21c-a6dd1636b714');
INSERT INTO session (session_id,authorisation_id,expiry_date,access_token) VALUES ('222','87','2023-05-18T10:41:43.720862900','d70fe292-546b-4a9d-ab3c-e5b31932f147');
INSERT INTO session (session_id,authorisation_id,expiry_date,access_token) VALUES ('223','88','2023-05-18T10:39:01.720862900','673e3581-8b2b-492e-b487-046b670e2a86');
INSERT INTO session (session_id,authorisation_id,expiry_date,access_token) VALUES ('224','89','2023-05-18T10:39:55.720862900','725e3b7d-1624-47cd-8fdc-77a00cbdbc68');
INSERT INTO session (session_id,authorisation_id,expiry_date,access_token) VALUES ('225','89','2023-05-18T10:40:13.720862900','4b738f29-a11f-4c4f-87db-847a6c7cd112');
INSERT INTO session (session_id,authorisation_id,expiry_date,access_token) VALUES ('226','89','2023-05-18T10:38:49.720862900','aee3e284-bd08-49bc-85c0-5d2d9bf5c78d');
INSERT INTO session (session_id,authorisation_id,expiry_date,access_token) VALUES ('227','89','2023-05-18T02:07:25.720862900','7735aded-6145-4301-95c6-db2ec4757830');
INSERT INTO session (session_id,authorisation_id,expiry_date,access_token) VALUES ('228','90','2023-05-18T10:38:17.722862600','1deea11d-143d-473f-aad4-f81a01c47424');
INSERT INTO session (session_id,authorisation_id,expiry_date,access_token) VALUES ('229','90','2023-05-18T10:41:01.722862600','f71d8628-d686-4c05-84f8-10261ad7db76');
INSERT INTO session (session_id,authorisation_id,expiry_date,access_token) VALUES ('230','90','2023-05-18T10:41:46.722862600','b5142891-07f0-491d-97f8-85d88b80efbf');
INSERT INTO session (session_id,authorisation_id,expiry_date,access_token) VALUES ('231','90','2023-05-18T10:40:49.722862600','38216e75-85c4-4d34-b051-59327638b872');
INSERT INTO session (session_id,authorisation_id,expiry_date,access_token) VALUES ('232','91','2023-05-18T10:39:21.722862600','005a1bf1-9e76-4f3c-8eaa-9c0f504ee120');
INSERT INTO session (session_id,authorisation_id,expiry_date,access_token) VALUES ('233','91','2023-05-18T05:17:23.722862600','3baeaf6c-a595-447b-a0d4-71bf48a5c256');
INSERT INTO session (session_id,authorisation_id,expiry_date,access_token) VALUES ('234','92','2023-05-18T10:40:28.724363','a60860d0-5dce-47cb-9c06-94537954b952');
INSERT INTO session (session_id,authorisation_id,expiry_date,access_token) VALUES ('235','92','2023-05-18T10:37:41.724363','19df69ca-66f9-433c-802a-152eeebed391');
INSERT INTO session (session_id,authorisation_id,expiry_date,access_token) VALUES ('236','92','2023-05-18T10:08:06.724363','c980ca35-8172-4377-95b6-b56127783b0f');
INSERT INTO session (session_id,authorisation_id,expiry_date,access_token) VALUES ('237','93','2023-05-18T10:40:02.725363500','9f469eae-e5db-4920-a32e-88adb3c0d472');
INSERT INTO session (session_id,authorisation_id,expiry_date,access_token) VALUES ('238','93','2023-05-18T10:37:42.725363500','1117a130-f503-4117-a11c-dd96e74853fe');
INSERT INTO session (session_id,authorisation_id,expiry_date,access_token) VALUES ('239','93','2023-05-18T10:41:52.725363500','4369ae47-fef9-4c87-a5f9-5c3f7b4657bd');
INSERT INTO session (session_id,authorisation_id,expiry_date,access_token) VALUES ('240','93','2023-05-18T10:40:04.725363500','56714d89-6b91-4412-ab95-1a2573a85e3b');
INSERT INTO session (session_id,authorisation_id,expiry_date,access_token) VALUES ('241','94','2023-05-18T10:40:54.725363500','3f5274b5-bbf2-4e68-980c-435df42d9a2a');
INSERT INTO session (session_id,authorisation_id,expiry_date,access_token) VALUES ('242','94','2023-05-18T10:38:49.725363500','dbbb87cf-bf78-4c29-ad2d-ea5675dde9b9');
INSERT INTO session (session_id,authorisation_id,expiry_date,access_token) VALUES ('243','95','2023-05-18T10:41:51.725363500','5ab4f55c-c899-4841-82df-3d636f5058f4');
INSERT INTO session (session_id,authorisation_id,expiry_date,access_token) VALUES ('244','95','2023-05-18T10:38:50.725363500','c98fccbc-992e-4755-a6be-4f63716f75ba');
INSERT INTO session (session_id,authorisation_id,expiry_date,access_token) VALUES ('245','96','2023-05-18T10:41:02.725363500','73d26fea-c54e-487b-baaf-155503383913');
INSERT INTO session (session_id,authorisation_id,expiry_date,access_token) VALUES ('246','96','2023-05-18T03:47:32.725363500','cbcea8c7-8df8-4037-ba9c-ffe54fe9337d');
INSERT INTO session (session_id,authorisation_id,expiry_date,access_token) VALUES ('247','97','2023-05-18T10:38:34.726862700','44d77764-f7f1-4c6a-8be8-9e107912f9b9');
INSERT INTO session (session_id,authorisation_id,expiry_date,access_token) VALUES ('248','97','2023-05-18T10:39:16.726862700','470f942a-e320-4ec4-bfcf-9cd5c840d2b8');
INSERT INTO session (session_id,authorisation_id,expiry_date,access_token) VALUES ('249','97','2023-05-18T10:41:03.726862700','9d6a209d-6736-400b-9266-046b34e8a32a');
INSERT INTO session (session_id,authorisation_id,expiry_date,access_token) VALUES ('250','97','2023-05-18T00:37:42.726862700','74859cc4-667c-4d4c-b608-ba3e3c28d6d8');
INSERT INTO session (session_id,authorisation_id,expiry_date,access_token) VALUES ('251','98','2023-05-18T10:39:42.728361400','e903e945-1843-4224-a82a-0f82188b14e3');
INSERT INTO session (session_id,authorisation_id,expiry_date,access_token) VALUES ('252','98','2023-05-18T00:45:19.728361400','e31ebef2-0a93-4499-b64d-b0ca6c7b9639');
INSERT INTO session (session_id,authorisation_id,expiry_date,access_token) VALUES ('253','99','2023-05-18T10:41:00.729361','6618de04-0582-46e2-a32d-40bd96165e9d');
INSERT INTO session (session_id,authorisation_id,expiry_date,access_token) VALUES ('254','100','2023-05-18T10:40:03.729361','e4310894-bd0d-4cd1-9ebc-cacb1fc03e1e');
INSERT INTO session (session_id,authorisation_id,expiry_date,access_token) VALUES ('255','100','2023-05-18T10:38:12.729361','4be27c67-ab5e-4730-837e-0937aaa4427b');
INSERT INTO session (session_id,authorisation_id,expiry_date,access_token) VALUES ('256','100','2023-05-18T08:24:15.729861600','e9425b6a-297e-4807-ab97-bc74f1d1133d');
INSERT INTO session (session_id,authorisation_id,expiry_date,access_token) VALUES ('257','101','2023-05-18T10:42:05.730860500','3a862e5a-cdd6-42b6-945c-1453c5021816');
INSERT INTO session (session_id,authorisation_id,expiry_date,access_token) VALUES ('258','101','2023-05-18T10:39:43.730860500','062dd69f-6760-4704-9d4c-4f6c49dbddac');
INSERT INTO session (session_id,authorisation_id,expiry_date,access_token) VALUES ('259','101','2023-05-18T10:41:00.730860500','0245b209-1449-4b47-8ca9-1d2b066a6f01');
INSERT INTO session (session_id,authorisation_id,expiry_date,access_token) VALUES ('260','102','2023-05-18T10:40:10.730860500','19800da7-c860-4d97-8a8d-60472395396f');
INSERT INTO session (session_id,authorisation_id,expiry_date,access_token) VALUES ('261','103','2023-05-18T10:38:01.730860500','ce313057-53dc-40a2-a711-6b4d6b3b3820');
INSERT INTO session (session_id,authorisation_id,expiry_date,access_token) VALUES ('262','104','2023-05-18T04:35:08.730860500','fe97a141-9243-4c1d-9798-a99e0697553a');
INSERT INTO session (session_id,authorisation_id,expiry_date,access_token) VALUES ('263','105','2023-05-18T10:41:25.731862900','3928d525-4b5e-4495-9c92-7018cb98076f');
INSERT INTO session (session_id,authorisation_id,expiry_date,access_token) VALUES ('264','105','2023-05-18T10:28:45.731862900','cc4770a3-ea6d-452f-bb0a-0fc0c9ce0133');
INSERT INTO session (session_id,authorisation_id,expiry_date,access_token) VALUES ('265','106','2023-05-18T10:38:12.733361200','7931974c-ef5e-48e8-b4b4-7aa05b836b5e');
INSERT INTO session (session_id,authorisation_id,expiry_date,access_token) VALUES ('266','106','2023-05-18T10:38:22.733361200','aa2d3cbc-90ae-4705-a811-6cb17055243d');
INSERT INTO session (session_id,authorisation_id,expiry_date,access_token) VALUES ('267','106','2023-05-18T02:14:53.733361200','5c35cd56-2a32-40c6-8fe2-83110a80cafa');

ALTER TABLE address AUTO_INCREMENT = 1;

INSERT INTO address (address_id,street_number,street_name,suburb,postcode,user_id) VALUES ('1','66','Von Junctions','Hmas Harman','2600','1');
INSERT INTO address (address_id,street_number,street_name,suburb,postcode,user_id) VALUES ('2','146','Krystle Drives','Parliament House','2600','2');
INSERT INTO address (address_id,street_number,street_name,suburb,postcode,user_id) VALUES ('3','143','Hickle Meadows','Dickson','2602','3');
INSERT INTO address (address_id,street_number,street_name,suburb,postcode,user_id) VALUES ('4','38','Koch Coves','Barton','2600','4');
INSERT INTO address (address_id,street_number,street_name,suburb,postcode,user_id) VALUES ('5','62','Zelma Mill','Mount Riverview','2774','5');
INSERT INTO address (address_id,street_number,street_name,suburb,postcode,user_id) VALUES ('6','127','Myrle Courts','Parramatta','2124','6');
INSERT INTO address (address_id,street_number,street_name,suburb,postcode,user_id) VALUES ('7','58','Runolfsdottir Station','Dickson','2602','7');
INSERT INTO address (address_id,street_number,street_name,suburb,postcode,user_id) VALUES ('8','110','Theodore Knolls','City','2601','8');
INSERT INTO address (address_id,street_number,street_name,suburb,postcode,user_id) VALUES ('9','44','Beer Mountains','Harman','2600','9');
INSERT INTO address (address_id,street_number,street_name,suburb,postcode,user_id) VALUES ('10','55','Neal Pines','Watson','2602','10');
INSERT INTO address (address_id,street_number,street_name,suburb,postcode,user_id) VALUES ('11','33','Leannon Cape','Downer','2602','11');
INSERT INTO address (address_id,street_number,street_name,suburb,postcode,user_id) VALUES ('12','57','Niki Manor','Fairbairn Raaf','2600','12');
INSERT INTO address (address_id,street_number,street_name,suburb,postcode,user_id) VALUES ('13','162','Petronila Course','Hmas Harman','2600','13');
INSERT INTO address (address_id,street_number,street_name,suburb,postcode,user_id) VALUES ('14','141','Corazon Trail','Blaxland East','2774','14');
INSERT INTO address (address_id,street_number,street_name,suburb,postcode,user_id) VALUES ('15','12','Runolfsson Crescent','Harman','2600','15');
INSERT INTO address (address_id,street_number,street_name,suburb,postcode,user_id) VALUES ('16','120','Florinda Fords','Black Mountain','2601','16');
INSERT INTO address (address_id,street_number,street_name,suburb,postcode,user_id) VALUES ('17','138','Anastacia Shoals','Rydalmere','2116','17');
INSERT INTO address (address_id,street_number,street_name,suburb,postcode,user_id) VALUES ('18','54','Samella Junctions','Parkes','2600','18');
INSERT INTO address (address_id,street_number,street_name,suburb,postcode,user_id) VALUES ('19','175','Balistreri Stream','Blaxlands Ridge','2774','19');
INSERT INTO address (address_id,street_number,street_name,suburb,postcode,user_id) VALUES ('20','85','Tanya Estates','Watson','2602','20');
INSERT INTO address (address_id,street_number,street_name,suburb,postcode,user_id) VALUES ('21','107','McCullough Dam','Barton','2600','21');
INSERT INTO address (address_id,street_number,street_name,suburb,postcode,user_id) VALUES ('22','25','Jennine Crescent','Downer','2602','22');
INSERT INTO address (address_id,street_number,street_name,suburb,postcode,user_id) VALUES ('23','9','Josef Landing','Capital Hill','2600','23');
INSERT INTO address (address_id,street_number,street_name,suburb,postcode,user_id) VALUES ('24','112','Kirlin Isle','Lyneham','2602','24');
INSERT INTO address (address_id,street_number,street_name,suburb,postcode,user_id) VALUES ('25','191','Langosh Skyway','Dickson','2602','25');
INSERT INTO address (address_id,street_number,street_name,suburb,postcode,user_id) VALUES ('26','155','Telma Lakes','Parliament House','2600','26');
INSERT INTO address (address_id,street_number,street_name,suburb,postcode,user_id) VALUES ('27','192','Schneider Station','Hackett','2602','27');
INSERT INTO address (address_id,street_number,street_name,suburb,postcode,user_id) VALUES ('28','92','Kunze Shore','Capital Hill','2600','28');
INSERT INTO address (address_id,street_number,street_name,suburb,postcode,user_id) VALUES ('29','58','Homenick Turnpike','Russell Hill','2600','29');
INSERT INTO address (address_id,street_number,street_name,suburb,postcode,user_id) VALUES ('30','63','Mimi Flats','Yarralumla','2600','30');
INSERT INTO address (address_id,street_number,street_name,suburb,postcode,user_id) VALUES ('31','50','Hirthe Pines','Parliament House','2600','31');
INSERT INTO address (address_id,street_number,street_name,suburb,postcode,user_id) VALUES ('32','43','Auer Loaf','Hackett','2602','32');
INSERT INTO address (address_id,street_number,street_name,suburb,postcode,user_id) VALUES ('33','51','Kuhic Crescent','Dickson','2602','33');
INSERT INTO address (address_id,street_number,street_name,suburb,postcode,user_id) VALUES ('34','32','Raynor Trail','Fairbairn Raaf','2600','34');
INSERT INTO address (address_id,street_number,street_name,suburb,postcode,user_id) VALUES ('35','174','Gerhold Hollow','Downer','2602','35');
INSERT INTO address (address_id,street_number,street_name,suburb,postcode,user_id) VALUES ('36','36','Isiah Lodge','Russell','2600','36');
INSERT INTO address (address_id,street_number,street_name,suburb,postcode,user_id) VALUES ('37','175','Carrol Viaduct','Downer','2602','37');
INSERT INTO address (address_id,street_number,street_name,suburb,postcode,user_id) VALUES ('38','174','Borer Villages','Black Mountain','2601','38');
INSERT INTO address (address_id,street_number,street_name,suburb,postcode,user_id) VALUES ('39','120','Vince Cape','Blaxland East','2774','39');
INSERT INTO address (address_id,street_number,street_name,suburb,postcode,user_id) VALUES ('40','83','Joye Stream','Blaxlands Ridge','2774','40');

ALTER TABLE client AUTO_INCREMENT = 1;

INSERT INTO client (client_id,user_id,subscription_id) VALUES ('1','15','1');
INSERT INTO client (client_id,user_id,subscription_id) VALUES ('2','16','2');
INSERT INTO client (client_id,user_id,subscription_id) VALUES ('3','17','1');
INSERT INTO client (client_id,user_id,subscription_id) VALUES ('4','18','2');
INSERT INTO client (client_id,user_id,subscription_id) VALUES ('5','19','2');
INSERT INTO client (client_id,user_id,subscription_id) VALUES ('6','20','1');
INSERT INTO client (client_id,user_id,subscription_id) VALUES ('7','21','1');
INSERT INTO client (client_id,user_id,subscription_id) VALUES ('8','22','2');
INSERT INTO client (client_id,user_id,subscription_id) VALUES ('9','23','2');
INSERT INTO client (client_id,user_id,subscription_id) VALUES ('10','24','2');
INSERT INTO client (client_id,user_id,subscription_id) VALUES ('11','25','2');
INSERT INTO client (client_id,user_id,subscription_id) VALUES ('12','26','1');
INSERT INTO client (client_id,user_id,subscription_id) VALUES ('13','27','2');
INSERT INTO client (client_id,user_id,subscription_id) VALUES ('14','28','1');
INSERT INTO client (client_id,user_id,subscription_id) VALUES ('15','29','2');
INSERT INTO client (client_id,user_id,subscription_id) VALUES ('16','30','1');
INSERT INTO client (client_id,user_id,subscription_id) VALUES ('17','31','2');
INSERT INTO client (client_id,user_id,subscription_id) VALUES ('18','32','1');
INSERT INTO client (client_id,user_id,subscription_id) VALUES ('19','33','2');
INSERT INTO client (client_id,user_id,subscription_id) VALUES ('20','34','1');
INSERT INTO client (client_id,user_id,subscription_id) VALUES ('21','35','1');
INSERT INTO client (client_id,user_id,subscription_id) VALUES ('22','36','2');
INSERT INTO client (client_id,user_id,subscription_id) VALUES ('23','37','1');
INSERT INTO client (client_id,user_id,subscription_id) VALUES ('24','38','1');
INSERT INTO client (client_id,user_id,subscription_id) VALUES ('25','39','2');
INSERT INTO client (client_id,user_id,subscription_id) VALUES ('26','40','2');

ALTER TABLE professional AUTO_INCREMENT = 1;

INSERT INTO professional (professional_id,subscription_id,user_id) VALUES ('1','2','1');
INSERT INTO professional (professional_id,subscription_id,user_id) VALUES ('2','1','2');
INSERT INTO professional (professional_id,subscription_id,user_id) VALUES ('3','1','3');
INSERT INTO professional (professional_id,subscription_id,user_id) VALUES ('4','2','4');
INSERT INTO professional (professional_id,subscription_id,user_id) VALUES ('5','2','5');
INSERT INTO professional (professional_id,subscription_id,user_id) VALUES ('6','1','6');
INSERT INTO professional (professional_id,subscription_id,user_id) VALUES ('7','2','7');
INSERT INTO professional (professional_id,subscription_id,user_id) VALUES ('8','2','8');
INSERT INTO professional (professional_id,subscription_id,user_id) VALUES ('9','2','9');
INSERT INTO professional (professional_id,subscription_id,user_id) VALUES ('10','2','10');
INSERT INTO professional (professional_id,subscription_id,user_id) VALUES ('11','1','11');
INSERT INTO professional (professional_id,subscription_id,user_id) VALUES ('12','1','12');
INSERT INTO professional (professional_id,subscription_id,user_id) VALUES ('13','1','13');
INSERT INTO professional (professional_id,subscription_id,user_id) VALUES ('14','2','14');
INSERT INTO professional (professional_id,subscription_id,user_id) VALUES ('15','2','15');
INSERT INTO professional (professional_id,subscription_id,user_id) VALUES ('16','1','16');
INSERT INTO professional (professional_id,subscription_id,user_id) VALUES ('17','2','17');
INSERT INTO professional (professional_id,subscription_id,user_id) VALUES ('18','1','18');
INSERT INTO professional (professional_id,subscription_id,user_id) VALUES ('19','2','19');
INSERT INTO professional (professional_id,subscription_id,user_id) VALUES ('20','1','20');

ALTER TABLE request AUTO_INCREMENT = 1;

INSERT INTO request (request_id,request_date,instruction,postcode,client_id,professional_id,service_id,request_status_id) VALUES ('1','2023-06-01 13:42:36.99','Ayyyyyye pro man or woman, help us with the broken branch, it is hanging. Kinda looks like it might fall on the house uh... Help me if my partner sees this and confirms they were right. This one might be bad haha...','2600','15',null,'2','3');
INSERT INTO request (request_id,request_date,instruction,postcode,client_id,professional_id,service_id,request_status_id) VALUES ('2','2023-05-28 18:40:56.948','Awh man looks like there is an issue with the tree, it is leaning. Really badly so... I do not want to be rude, but could this please be looked at with haste?','2600','12','1','5','1');
INSERT INTO request (request_id,request_date,instruction,postcode,client_id,professional_id,service_id,request_status_id) VALUES ('3','2023-06-04 09:50:00.318','This morning I started having trouble with the tree, it has fallen on top of the house! Not the damn house! If someone could look at this quickly I would be grateful!','2600','20','15','4','2');
INSERT INTO request (request_id,request_date,instruction,postcode,client_id,professional_id,service_id,request_status_id) VALUES ('4','2023-06-01 06:12:17.456','Help me! Problem with the tree, it has fallen on top of the house! Not the damn house! If someone could look at this quickly I would be grateful!','2602','6','11','3','3');
INSERT INTO request (request_id,request_date,instruction,postcode,client_id,professional_id,service_id,request_status_id) VALUES ('5','2023-05-28 15:48:27.166','This morning I started having trouble with the tree, it is leaning. Really badly so... Can this please be fixed ASAP!?','2116','3','17','1','1');
INSERT INTO request (request_id,request_date,instruction,postcode,client_id,professional_id,service_id,request_status_id) VALUES ('6','2023-05-22 05:23:36.851','This morning I started having trouble with the tree. Neighbour planted it actually and I hate it! Gotta get this thing removed. Can we please have this sorted quickly?','2602','23','11','3','4');
INSERT INTO request (request_id,request_date,instruction,postcode,client_id,professional_id,service_id,request_status_id) VALUES ('7','2023-05-26 23:58:28.477','Ayyyyyye pro man or woman, help us with the tree, it is leaning. Really badly so... If someone could look at this quickly I would be grateful!','2774','26',null,'4','1');
INSERT INTO request (request_id,request_date,instruction,postcode,client_id,professional_id,service_id,request_status_id) VALUES ('8','2023-05-24 13:18:27.634','To whom this may concern, I have discovered an issue with my tree, it has fallen on top of the house! Not the damn house! Can we please have this sorted quickly?','2602','11','7','1','4');
INSERT INTO request (request_id,request_date,instruction,postcode,client_id,professional_id,service_id,request_status_id) VALUES ('9','2023-06-09 15:45:43.063','I am not sure what is going on, but we are having trouble with the tree in the front yard. It is blocking our view of the coast. If someone could look at this quickly I would be grateful!','2602','19','20','4','2');
INSERT INTO request (request_id,request_date,instruction,postcode,client_id,professional_id,service_id,request_status_id) VALUES ('10','2023-06-03 03:45:20.584','Awh man looks like there is an issue with the front yard tree. My partner insisted that we plant a tree in the back yard. Now the council has complained forcing us to remove the tree. I should never listened to my partner!! Can we please have this sorted quickly?','2774','5',null,'1','1');
INSERT INTO request (request_id,request_date,instruction,postcode,client_id,professional_id,service_id,request_status_id) VALUES ('11','2023-05-30 11:46:48.378','Help me! Problem with the tree, it has fallen on top of the house! Not the damn house! Gotta get this one done quick, interest rates are going right up might run out of funds soon!','2602','10','3','5','1');
INSERT INTO request (request_id,request_date,instruction,postcode,client_id,professional_id,service_id,request_status_id) VALUES ('12','2023-06-14 14:31:08.549','I am not sure what is going on, but we are having trouble with the tree, it has fallen on top of the house! Not the damn house! Can this please be fixed ASAP!?','2602','18','11','3','4');
INSERT INTO request (request_id,request_date,instruction,postcode,client_id,professional_id,service_id,request_status_id) VALUES ('13','2023-06-01 16:38:17.982','This morning I started having trouble with the front yard tree. My partner insisted that we plant a tree in the back yard. Now the council has complained forcing us to remove the tree. I should never listened to my partner!! Help me if my partner sees this and confirms they were right. This one might be bad haha...','2601','24','16','3','4');
INSERT INTO request (request_id,request_date,instruction,postcode,client_id,professional_id,service_id,request_status_id) VALUES ('14','2023-05-23 20:29:42.312','This morning I started having trouble with the front yard tree. My partner insisted that we plant a tree in the back yard. Now the council has complained forcing us to remove the tree. I should never listened to my partner!! Can this please be fixed ASAP!?','2602','8','3','3','4');
INSERT INTO request (request_id,request_date,instruction,postcode,client_id,professional_id,service_id,request_status_id) VALUES ('15','2023-05-30 05:40:56.325','To whom this may concern, I have discovered an issue with my tree, it is leaning. Really badly so... Can we please have this sorted quickly?','2600','12','18','4','4');
INSERT INTO request (request_id,request_date,instruction,postcode,client_id,professional_id,service_id,request_status_id) VALUES ('16','2023-06-08 15:53:24.495','Good Afternoon! I have found an issue with the tree, it has has fallen over. Tried to stop it though! If someone could look at this quickly I would be grateful!','2600','12',null,'2','3');
INSERT INTO request (request_id,request_date,instruction,postcode,client_id,professional_id,service_id,request_status_id) VALUES ('17','2023-05-27 05:28:29.673','Good Afternoon! I have found an issue with the tree, it has fallen on top of the house! Not the damn house! Help me if my partner sees this and confirms they were right. This one might be bad haha...','2774','26',null,'1','1');
INSERT INTO request (request_id,request_date,instruction,postcode,client_id,professional_id,service_id,request_status_id) VALUES ('18','2023-05-27 09:48:38.391','Good Afternoon! I have found an issue with the front yard tree. My partner insisted that we plant a tree in the back yard. Now the council has complained forcing us to remove the tree. I should never listened to my partner!! Look forward to hearing from you.','2602','6','11','3','3');
INSERT INTO request (request_id,request_date,instruction,postcode,client_id,professional_id,service_id,request_status_id) VALUES ('19','2023-06-05 04:07:58.01','I am not sure what is going on, but we are having trouble with the tree in the front yard. It is blocking our view of the coast. Can this please be fixed ASAP!?','2602','8','7','1','1');
INSERT INTO request (request_id,request_date,instruction,postcode,client_id,professional_id,service_id,request_status_id) VALUES ('20','2023-05-22 20:51:50.887','Good Afternoon! I have found an issue with the tree. Neighbour planted it actually and I hate it! Gotta get this thing removed. If someone could look at this quickly I would be grateful!','2116','3',null,'3','2');
INSERT INTO request (request_id,request_date,instruction,postcode,client_id,professional_id,service_id,request_status_id) VALUES ('21','2023-06-16 11:40:25.157','Help me! Problem with the front yard tree. My partner insisted that we plant a tree in the back yard. Now the council has complained forcing us to remove the tree. I should never listened to my partner!! Look forward to hearing from you.','2602','21','20','2','4');
INSERT INTO request (request_id,request_date,instruction,postcode,client_id,professional_id,service_id,request_status_id) VALUES ('22','2023-06-03 19:42:15.685','Hiya, there is a problem with our tree, it has has fallen over. Tried to stop it though! I do not want to be rude, but could this please be looked at with haste?','2600','4','1','4','4');
INSERT INTO request (request_id,request_date,instruction,postcode,client_id,professional_id,service_id,request_status_id) VALUES ('23','2023-05-25 13:33:28.784','Good Afternoon! I have found an issue with the front yard tree. My partner insisted that we plant a tree in the back yard. Now the council has complained forcing us to remove the tree. I should never listened to my partner!! Can this please be fixed ASAP!?','2602','19',null,'2','1');
INSERT INTO request (request_id,request_date,instruction,postcode,client_id,professional_id,service_id,request_status_id) VALUES ('24','2023-05-28 07:55:01.078','Good Morning! There is an issue with the broken branch, it is hanging. Kinda looks like it might fall on the house uh... Look forward to hearing from you.','2774','25',null,'4','4');
INSERT INTO request (request_id,request_date,instruction,postcode,client_id,professional_id,service_id,request_status_id) VALUES ('25','2023-06-13 12:24:59.411','Hello! Currently I have an issues with my front yard tree. My partner insisted that we plant a tree in the back yard. Now the council has complained forcing us to remove the tree. I should never listened to my partner!! Can we please have this sorted quickly?','2602','19','20','2','1');
INSERT INTO request (request_id,request_date,instruction,postcode,client_id,professional_id,service_id,request_status_id) VALUES ('26','2023-05-20 10:30:36.835','Awh man looks like there is an issue with the tree, it has has fallen over. Tried to stop it though! No rush on the issue.','2602','21','3','5','4');
INSERT INTO request (request_id,request_date,instruction,postcode,client_id,professional_id,service_id,request_status_id) VALUES ('27','2023-05-19 02:16:53.98','Help me! Problem with the front yard tree. My partner insisted that we plant a tree in the back yard. Now the council has complained forcing us to remove the tree. I should never listened to my partner!! Gotta get this one done quick, interest rates are going right up might run out of funds soon!','2602','23',null,'3','2');
INSERT INTO request (request_id,request_date,instruction,postcode,client_id,professional_id,service_id,request_status_id) VALUES ('28','2023-05-30 22:37:26.902','To whom this may concern, I have discovered an issue with my tree, it has fallen on top of the house! Not the damn house! Really wanna get this one fixed before my partner returns from their trip...','2600','7',null,'1','3');
INSERT INTO request (request_id,request_date,instruction,postcode,client_id,professional_id,service_id,request_status_id) VALUES ('29','2023-05-19 03:54:45.349','Ayyyyyye pro man or woman, help us with the tree, it is leaning. Really badly so... Gotta get this one done quick, interest rates are going right up might run out of funds soon!','2602','18','3','5','2');
INSERT INTO request (request_id,request_date,instruction,postcode,client_id,professional_id,service_id,request_status_id) VALUES ('30','2023-06-05 16:44:37.922','Ayyyyyye pro man or woman, help us with the front yard tree. My partner insisted that we plant a tree in the back yard. Now the council has complained forcing us to remove the tree. I should never listened to my partner!! Look forward to hearing from you.','2602','23','3','4','3');
INSERT INTO request (request_id,request_date,instruction,postcode,client_id,professional_id,service_id,request_status_id) VALUES ('31','2023-05-31 21:00:02.299','Hiya, there is a problem with our tree, it is leaning. Really badly so... Gotta get this one done quick, interest rates are going right up might run out of funds soon!','2600','9','2','3','3');
INSERT INTO request (request_id,request_date,instruction,postcode,client_id,professional_id,service_id,request_status_id) VALUES ('32','2023-05-20 02:12:09.508','Good Morning! There is an issue with the front yard tree. My partner insisted that we plant a tree in the back yard. Now the council has complained forcing us to remove the tree. I should never listened to my partner!! Gotta get this one done quick, interest rates are going right up might run out of funds soon!','2600','14','2','2','4');
INSERT INTO request (request_id,request_date,instruction,postcode,client_id,professional_id,service_id,request_status_id) VALUES ('33','2023-06-03 07:50:55.572','I am not sure what is going on, but we are having trouble with the tree, it has has fallen over. Tried to stop it though! If someone could look at this quickly I would be grateful!','2774','25',null,'5','1');
INSERT INTO request (request_id,request_date,instruction,postcode,client_id,professional_id,service_id,request_status_id) VALUES ('34','2023-05-26 06:38:07.204','Hiya, there is a problem with our tree, it has has fallen over. Tried to stop it though! Can this please be fixed ASAP!?','2602','10',null,'2','3');
INSERT INTO request (request_id,request_date,instruction,postcode,client_id,professional_id,service_id,request_status_id) VALUES ('35','2023-05-28 05:18:10.913','To whom this may concern, I have discovered an issue with my tree, it has has fallen over. Tried to stop it though! Can we please have this sorted quickly?','2602','18','3','4','2');
INSERT INTO request (request_id,request_date,instruction,postcode,client_id,professional_id,service_id,request_status_id) VALUES ('36','2023-05-27 15:37:01.718','To whom this may concern, I have discovered an issue with my front yard tree. My partner insisted that we plant a tree in the back yard. Now the council has complained forcing us to remove the tree. I should never listened to my partner!! Can this please be fixed ASAP!?','2600','15',null,'4','4');
INSERT INTO request (request_id,request_date,instruction,postcode,client_id,professional_id,service_id,request_status_id) VALUES ('37','2023-06-14 11:56:11.331','Help me! Problem with the tree, it is leaning. Really badly so... No rush on the issue.','2602','21',null,'2','3');
INSERT INTO request (request_id,request_date,instruction,postcode,client_id,professional_id,service_id,request_status_id) VALUES ('38','2023-05-24 22:21:58.324','Good Morning! There is an issue with the front yard tree. My partner insisted that we plant a tree in the back yard. Now the council has complained forcing us to remove the tree. I should never listened to my partner!! No rush on the issue.','2774','5',null,'5','1');
INSERT INTO request (request_id,request_date,instruction,postcode,client_id,professional_id,service_id,request_status_id) VALUES ('39','2023-05-30 14:21:18.589','Hello! Currently I have an issues with my tree in the front yard. It is blocking our view of the coast. Help me if my partner sees this and confirms they were right. This one might be bad haha...','2600','17','18','4','2');
INSERT INTO request (request_id,request_date,instruction,postcode,client_id,professional_id,service_id,request_status_id) VALUES ('40','2023-05-28 19:30:22.343','To whom this may concern, I have discovered an issue with my tree. Neighbour planted it actually and I hate it! Gotta get this thing removed. Look forward to hearing from you.','2601','24','8','3','4');
INSERT INTO request (request_id,request_date,instruction,postcode,client_id,professional_id,service_id,request_status_id) VALUES ('41','2023-05-19 10:21:11.407','Help me! Problem with the front yard tree. My partner insisted that we plant a tree in the back yard. Now the council has complained forcing us to remove the tree. I should never listened to my partner!! Help me if my partner sees this and confirms they were right. This one might be bad haha...','2602','11','3','4','1');
INSERT INTO request (request_id,request_date,instruction,postcode,client_id,professional_id,service_id,request_status_id) VALUES ('42','2023-05-19 16:29:54.257','Ayyyyyye pro man or woman, help us with the tree, it has has fallen over. Tried to stop it though! I do not want to be rude, but could this please be looked at with haste?','2602','11','3','4','1');
INSERT INTO request (request_id,request_date,instruction,postcode,client_id,professional_id,service_id,request_status_id) VALUES ('43','2023-06-02 00:44:32.701','This morning I started having trouble with the tree, it has fallen on top of the house! Not the damn house! Look forward to hearing from you.','2774','5','5','2','3');
INSERT INTO request (request_id,request_date,instruction,postcode,client_id,professional_id,service_id,request_status_id) VALUES ('44','2023-06-02 05:41:06.879','To whom this may concern, I have discovered an issue with my tree. Neighbour planted it actually and I hate it! Gotta get this thing removed. Can this please be fixed ASAP!?','2600','12','2','2','1');
INSERT INTO request (request_id,request_date,instruction,postcode,client_id,professional_id,service_id,request_status_id) VALUES ('45','2023-05-23 06:37:53.754','I am not sure what is going on, but we are having trouble with the broken branch, it is hanging. Kinda looks like it might fall on the house uh... No rush on the issue.','2774','5',null,'1','2');
INSERT INTO request (request_id,request_date,instruction,postcode,client_id,professional_id,service_id,request_status_id) VALUES ('46','2023-05-31 07:37:28.788','Good Morning! There is an issue with the front yard tree. My partner insisted that we plant a tree in the back yard. Now the council has complained forcing us to remove the tree. I should never listened to my partner!! Can we please have this sorted quickly?','2601','2',null,'5','2');
INSERT INTO request (request_id,request_date,instruction,postcode,client_id,professional_id,service_id,request_status_id) VALUES ('47','2023-05-31 20:35:10.277','Good Morning! There is an issue with the broken branch, it is hanging. Kinda looks like it might fall on the house uh... Can this please be fixed ASAP!?','2601','2',null,'2','1');
INSERT INTO request (request_id,request_date,instruction,postcode,client_id,professional_id,service_id,request_status_id) VALUES ('48','2023-05-27 03:17:57.82','I am not sure what is going on, but we are having trouble with the front yard tree. My partner insisted that we plant a tree in the back yard. Now the council has complained forcing us to remove the tree. I should never listened to my partner!! Gotta get this one done quick, interest rates are going right up might run out of funds soon!','2600','16','2','4','1');
INSERT INTO request (request_id,request_date,instruction,postcode,client_id,professional_id,service_id,request_status_id) VALUES ('49','2023-06-05 17:30:46.272','I am not sure what is going on, but we are having trouble with the tree. Neighbour planted it actually and I hate it! Gotta get this thing removed. Help me if my partner sees this and confirms they were right. This one might be bad haha...','2600','16','9','5','1');
INSERT INTO request (request_id,request_date,instruction,postcode,client_id,professional_id,service_id,request_status_id) VALUES ('50','2023-05-27 01:31:46.821','Bonjour sir/madam. The partner and I figured it would be best to get a professional to sort out the issue with the tree in the front yard. It is blocking our view of the coast. No rush on the issue.','2600','7',null,'4','3');
INSERT INTO request (request_id,request_date,instruction,postcode,client_id,professional_id,service_id,request_status_id) VALUES ('51','2023-06-01 13:30:52.101','To whom this may concern, I have discovered an issue with my tree, it has fallen on top of the house! Not the damn house! Really wanna get this one fixed before my partner returns from their trip...','2601','24',null,'3','4');
INSERT INTO request (request_id,request_date,instruction,postcode,client_id,professional_id,service_id,request_status_id) VALUES ('52','2023-05-20 21:05:48.266','Bonjour sir/madam. The partner and I figured it would be best to get a professional to sort out the issue with the tree, it has has fallen over. Tried to stop it though! Look forward to hearing from you.','2602','18',null,'2','1');
INSERT INTO request (request_id,request_date,instruction,postcode,client_id,professional_id,service_id,request_status_id) VALUES ('53','2023-06-10 04:32:05.797','I am not sure what is going on, but we are having trouble with the front yard tree. My partner insisted that we plant a tree in the back yard. Now the council has complained forcing us to remove the tree. I should never listened to my partner!! Can we please have this sorted quickly?','2600','15','4','4','1');
INSERT INTO request (request_id,request_date,instruction,postcode,client_id,professional_id,service_id,request_status_id) VALUES ('54','2023-06-06 22:32:21.062','Ayyyyyye pro man or woman, help us with the tree, it has has fallen over. Tried to stop it though! If someone could look at this quickly I would be grateful!','2600','12','2','2','2');
INSERT INTO request (request_id,request_date,instruction,postcode,client_id,professional_id,service_id,request_status_id) VALUES ('55','2023-05-31 08:03:43.801','Bonjour sir/madam. The partner and I figured it would be best to get a professional to sort out the issue with the broken branch, it is hanging. Kinda looks like it might fall on the house uh... Help me if my partner sees this and confirms they were right. This one might be bad haha...','2600','16','1','1','1');
INSERT INTO request (request_id,request_date,instruction,postcode,client_id,professional_id,service_id,request_status_id) VALUES ('56','2023-06-02 13:34:23.07','Good Morning! There is an issue with the tree in the front yard. It is blocking our view of the coast. I do not want to be rude, but could this please be looked at with haste?','2601','2',null,'2','3');
INSERT INTO request (request_id,request_date,instruction,postcode,client_id,professional_id,service_id,request_status_id) VALUES ('57','2023-06-08 05:06:07.59','To whom this may concern, I have discovered an issue with my tree in the front yard. It is blocking our view of the coast. Really wanna get this one fixed before my partner returns from their trip...','2600','12','1','1','1');
INSERT INTO request (request_id,request_date,instruction,postcode,client_id,professional_id,service_id,request_status_id) VALUES ('58','2023-05-26 12:14:21.585','Help me! Problem with the broken branch, it is hanging. Kinda looks like it might fall on the house uh... Help me if my partner sees this and confirms they were right. This one might be bad haha...','2774','25',null,'3','3');
INSERT INTO request (request_id,request_date,instruction,postcode,client_id,professional_id,service_id,request_status_id) VALUES ('59','2023-06-04 17:41:00.41','Good Afternoon! I have found an issue with the tree. Neighbour planted it actually and I hate it! Gotta get this thing removed. Really wanna get this one fixed before my partner returns from their trip...','2600','16','2','5','3');
INSERT INTO request (request_id,request_date,instruction,postcode,client_id,professional_id,service_id,request_status_id) VALUES ('60','2023-06-01 16:18:17.525','Good Afternoon! I have found an issue with the front yard tree. My partner insisted that we plant a tree in the back yard. Now the council has complained forcing us to remove the tree. I should never listened to my partner!! Really wanna get this one fixed before my partner returns from their trip...','2602','21',null,'2','2');
INSERT INTO request (request_id,request_date,instruction,postcode,client_id,professional_id,service_id,request_status_id) VALUES ('61','2023-05-20 20:00:03.059','Help me! Problem with the tree in the front yard. It is blocking our view of the coast. Gotta get this one done quick, interest rates are going right up might run out of funds soon!','2602','6','3','3','2');
INSERT INTO request (request_id,request_date,instruction,postcode,client_id,professional_id,service_id,request_status_id) VALUES ('62','2023-05-25 05:34:17.935','This morning I started having trouble with the tree in the front yard. It is blocking our view of the coast. No rush on the issue.','2600','16',null,'1','1');
INSERT INTO request (request_id,request_date,instruction,postcode,client_id,professional_id,service_id,request_status_id) VALUES ('63','2023-06-10 20:07:55.669','Hello! Currently I have an issues with my broken branch, it is hanging. Kinda looks like it might fall on the house uh... If someone could look at this quickly I would be grateful!','2601','24','16','5','1');
INSERT INTO request (request_id,request_date,instruction,postcode,client_id,professional_id,service_id,request_status_id) VALUES ('64','2023-06-09 22:22:05.263','I am not sure what is going on, but we are having trouble with the tree, it has fallen on top of the house! Not the damn house! I do not want to be rude, but could this please be looked at with haste?','2600','9','18','2','3');
INSERT INTO request (request_id,request_date,instruction,postcode,client_id,professional_id,service_id,request_status_id) VALUES ('65','2023-05-30 08:33:06.125','I am not sure what is going on, but we are having trouble with the broken branch, it is hanging. Kinda looks like it might fall on the house uh... No rush on the issue.','2600','4','1','4','3');
INSERT INTO request (request_id,request_date,instruction,postcode,client_id,professional_id,service_id,request_status_id) VALUES ('66','2023-06-08 13:21:53.335','Awh man looks like there is an issue with the tree. Neighbour planted it actually and I hate it! Gotta get this thing removed. Help me if my partner sees this and confirms they were right. This one might be bad haha...','2600','20','12','3','1');
INSERT INTO request (request_id,request_date,instruction,postcode,client_id,professional_id,service_id,request_status_id) VALUES ('67','2023-05-19 20:37:04.951','Help me! Problem with the tree, it is leaning. Really badly so... Can this please be fixed ASAP!?','2600','4','13','5','4');
INSERT INTO request (request_id,request_date,instruction,postcode,client_id,professional_id,service_id,request_status_id) VALUES ('68','2023-05-30 04:19:40.967','Bonjour sir/madam. The partner and I figured it would be best to get a professional to sort out the issue with the tree in the front yard. It is blocking our view of the coast. I do not want to be rude, but could this please be looked at with haste?','2602','19','3','4','4');
INSERT INTO request (request_id,request_date,instruction,postcode,client_id,professional_id,service_id,request_status_id) VALUES ('69','2023-05-31 16:18:24.195','To whom this may concern, I have discovered an issue with my tree in the front yard. It is blocking our view of the coast. If someone could look at this quickly I would be grateful!','2601','24','8','2','2');
INSERT INTO request (request_id,request_date,instruction,postcode,client_id,professional_id,service_id,request_status_id) VALUES ('70','2023-05-30 07:58:43.569','Hello! Currently I have an issues with my front yard tree. My partner insisted that we plant a tree in the back yard. Now the council has complained forcing us to remove the tree. I should never listened to my partner!! Really wanna get this one fixed before my partner returns from their trip...','2600','17',null,'5','2');
INSERT INTO request (request_id,request_date,instruction,postcode,client_id,professional_id,service_id,request_status_id) VALUES ('71','2023-06-08 16:22:53.065','Awh man looks like there is an issue with the tree in the front yard. It is blocking our view of the coast. Can we please have this sorted quickly?','2600','17','1','4','1');
INSERT INTO request (request_id,request_date,instruction,postcode,client_id,professional_id,service_id,request_status_id) VALUES ('72','2023-06-05 13:33:33.769','Help me! Problem with the tree, it has has fallen over. Tried to stop it though! Gotta get this one done quick, interest rates are going right up might run out of funds soon!','2602','11','20','2','2');
INSERT INTO request (request_id,request_date,instruction,postcode,client_id,professional_id,service_id,request_status_id) VALUES ('73','2023-06-07 05:26:33.827','Bonjour sir/madam. The partner and I figured it would be best to get a professional to sort out the issue with the tree. Neighbour planted it actually and I hate it! Gotta get this thing removed. If someone could look at this quickly I would be grateful!','2602','13','10','1','2');
INSERT INTO request (request_id,request_date,instruction,postcode,client_id,professional_id,service_id,request_status_id) VALUES ('74','2023-06-12 01:34:42.972','Help me! Problem with the tree in the front yard. It is blocking our view of the coast. Can we please have this sorted quickly?','2600','20','12','2','1');
INSERT INTO request (request_id,request_date,instruction,postcode,client_id,professional_id,service_id,request_status_id) VALUES ('75','2023-06-01 06:00:16.457','To whom this may concern, I have discovered an issue with my tree, it is leaning. Really badly so... Really wanna get this one fixed before my partner returns from their trip...','2600','22','4','4','2');
INSERT INTO request (request_id,request_date,instruction,postcode,client_id,professional_id,service_id,request_status_id) VALUES ('76','2023-06-02 00:02:43.223','Good Afternoon! I have found an issue with the tree. Neighbour planted it actually and I hate it! Gotta get this thing removed. If someone could look at this quickly I would be grateful!','2602','11','20','5','4');
INSERT INTO request (request_id,request_date,instruction,postcode,client_id,professional_id,service_id,request_status_id) VALUES ('77','2023-05-18 18:17:14.192','Good Morning! There is an issue with the tree in the front yard. It is blocking our view of the coast. Really wanna get this one fixed before my partner returns from their trip...','2774','26',null,'5','4');
INSERT INTO request (request_id,request_date,instruction,postcode,client_id,professional_id,service_id,request_status_id) VALUES ('78','2023-06-08 19:43:31.469','Hello! Currently I have an issues with my broken branch, it is hanging. Kinda looks like it might fall on the house uh... Really wanna get this one fixed before my partner returns from their trip...','2600','15','12','2','3');
INSERT INTO request (request_id,request_date,instruction,postcode,client_id,professional_id,service_id,request_status_id) VALUES ('79','2023-05-24 03:47:23.466','Ayyyyyye pro man or woman, help us with the tree, it is leaning. Really badly so... Help me if my partner sees this and confirms they were right. This one might be bad haha...','2600','7','13','1','3');
INSERT INTO request (request_id,request_date,instruction,postcode,client_id,professional_id,service_id,request_status_id) VALUES ('80','2023-05-28 07:26:49.401','Ayyyyyye pro man or woman, help us with the tree. Neighbour planted it actually and I hate it! Gotta get this thing removed. I do not want to be rude, but could this please be looked at with haste?','2602','6',null,'2','2');
INSERT INTO request (request_id,request_date,instruction,postcode,client_id,professional_id,service_id,request_status_id) VALUES ('81','2023-05-27 01:33:31.218','Awh man looks like there is an issue with the tree, it has has fallen over. Tried to stop it though! Can this please be fixed ASAP!?','2602','23',null,'5','2');
INSERT INTO request (request_id,request_date,instruction,postcode,client_id,professional_id,service_id,request_status_id) VALUES ('82','2023-06-13 13:40:33.809','Help me! Problem with the tree in the front yard. It is blocking our view of the coast. No rush on the issue.','2600','14','1','1','3');
INSERT INTO request (request_id,request_date,instruction,postcode,client_id,professional_id,service_id,request_status_id) VALUES ('83','2023-06-08 05:02:04.318','Hello! Currently I have an issues with my tree in the front yard. It is blocking our view of the coast. Gotta get this one done quick, interest rates are going right up might run out of funds soon!','2600','9','12','3','4');
INSERT INTO request (request_id,request_date,instruction,postcode,client_id,professional_id,service_id,request_status_id) VALUES ('84','2023-05-20 21:03:45.465','Awh man looks like there is an issue with the tree. Neighbour planted it actually and I hate it! Gotta get this thing removed. Look forward to hearing from you.','2116','3','17','1','4');
INSERT INTO request (request_id,request_date,instruction,postcode,client_id,professional_id,service_id,request_status_id) VALUES ('85','2023-06-04 08:39:49.387','Hello! Currently I have an issues with my tree, it is leaning. Really badly so... Really wanna get this one fixed before my partner returns from their trip...','2602','18',null,'1','4');
INSERT INTO request (request_id,request_date,instruction,postcode,client_id,professional_id,service_id,request_status_id) VALUES ('86','2023-06-14 14:27:28.453','Bonjour sir/madam. The partner and I figured it would be best to get a professional to sort out the issue with the tree. Neighbour planted it actually and I hate it! Gotta get this thing removed. Really wanna get this one fixed before my partner returns from their trip...','2600','16','4','1','3');
INSERT INTO request (request_id,request_date,instruction,postcode,client_id,professional_id,service_id,request_status_id) VALUES ('87','2023-06-07 21:10:45.786','Good Morning! There is an issue with the tree, it is leaning. Really badly so... No rush on the issue.','2116','3',null,'5','1');
INSERT INTO request (request_id,request_date,instruction,postcode,client_id,professional_id,service_id,request_status_id) VALUES ('88','2023-05-21 10:14:02.141','Good Morning! There is an issue with the tree, it is leaning. Really badly so... Really wanna get this one fixed before my partner returns from their trip...','2602','21',null,'2','2');
INSERT INTO request (request_id,request_date,instruction,postcode,client_id,professional_id,service_id,request_status_id) VALUES ('89','2023-06-02 23:41:28.55','Help me! Problem with the front yard tree. My partner insisted that we plant a tree in the back yard. Now the council has complained forcing us to remove the tree. I should never listened to my partner!! Help me if my partner sees this and confirms they were right. This one might be bad haha...','2600','16','12','2','4');
INSERT INTO request (request_id,request_date,instruction,postcode,client_id,professional_id,service_id,request_status_id) VALUES ('90','2023-05-24 08:55:48.492','Bonjour sir/madam. The partner and I figured it would be best to get a professional to sort out the issue with the tree in the front yard. It is blocking our view of the coast. Gotta get this one done quick, interest rates are going right up might run out of funds soon!','2600','14','2','5','3');
INSERT INTO request (request_id,request_date,instruction,postcode,client_id,professional_id,service_id,request_status_id) VALUES ('91','2023-05-28 13:57:02.976','Hiya, there is a problem with our tree, it has fallen on top of the house! Not the damn house! No rush on the issue.','2602','8','20','2','1');
INSERT INTO request (request_id,request_date,instruction,postcode,client_id,professional_id,service_id,request_status_id) VALUES ('92','2023-06-01 00:07:18.476','Awh man looks like there is an issue with the tree, it has fallen on top of the house! Not the damn house! No rush on the issue.','2600','17','2','3','1');
INSERT INTO request (request_id,request_date,instruction,postcode,client_id,professional_id,service_id,request_status_id) VALUES ('93','2023-05-28 14:11:26.211','Bonjour sir/madam. The partner and I figured it would be best to get a professional to sort out the issue with the broken branch, it is hanging. Kinda looks like it might fall on the house uh... Can this please be fixed ASAP!?','2774','5',null,'4','4');
INSERT INTO request (request_id,request_date,instruction,postcode,client_id,professional_id,service_id,request_status_id) VALUES ('94','2023-06-15 10:22:00.184','Hello! Currently I have an issues with my tree. Neighbour planted it actually and I hate it! Gotta get this thing removed. Help me if my partner sees this and confirms they were right. This one might be bad haha...','2116','3',null,'3','4');
INSERT INTO request (request_id,request_date,instruction,postcode,client_id,professional_id,service_id,request_status_id) VALUES ('95','2023-06-14 10:19:34.377','Ayyyyyye pro man or woman, help us with the tree, it is leaning. Really badly so... Can we please have this sorted quickly?','2600','14','2','3','1');
INSERT INTO request (request_id,request_date,instruction,postcode,client_id,professional_id,service_id,request_status_id) VALUES ('96','2023-06-06 14:53:46.787','Good Afternoon! I have found an issue with the broken branch, it is hanging. Kinda looks like it might fall on the house uh... No rush on the issue.','2774','5',null,'5','1');
INSERT INTO request (request_id,request_date,instruction,postcode,client_id,professional_id,service_id,request_status_id) VALUES ('97','2023-05-19 14:34:11.216','I am not sure what is going on, but we are having trouble with the tree, it has has fallen over. Tried to stop it though! I do not want to be rude, but could this please be looked at with haste?','2602','13','20','5','4');
INSERT INTO request (request_id,request_date,instruction,postcode,client_id,professional_id,service_id,request_status_id) VALUES ('98','2023-05-28 02:33:38.327','Help me! Problem with the tree in the front yard. It is blocking our view of the coast. If someone could look at this quickly I would be grateful!','2600','20','4','1','2');
INSERT INTO request (request_id,request_date,instruction,postcode,client_id,professional_id,service_id,request_status_id) VALUES ('99','2023-05-22 14:35:58.458','This morning I started having trouble with the tree, it has fallen on top of the house! Not the damn house! Look forward to hearing from you.','2602','18','3','5','1');
INSERT INTO request (request_id,request_date,instruction,postcode,client_id,professional_id,service_id,request_status_id) VALUES ('100','2023-05-30 23:38:55.845','Help me! Problem with the front yard tree. My partner insisted that we plant a tree in the back yard. Now the council has complained forcing us to remove the tree. I should never listened to my partner!! Look forward to hearing from you.','2602','13',null,'1','3');

ALTER TABLE request_bid AUTO_INCREMENT = 1;

INSERT INTO request_bid (request_bid_id,request_id,professional_id,amount,sent_date,bid_status_id) VALUES ('1','1','2','34.16410504088291','2023-06-01 16:59:37.877','1');
INSERT INTO request_bid (request_bid_id,request_id,professional_id,amount,sent_date,bid_status_id) VALUES ('2','1','12','135.21976134528813','2023-06-17 03:56:43.501','1');
INSERT INTO request_bid (request_bid_id,request_id,professional_id,amount,sent_date,bid_status_id) VALUES ('3','1','18','166.6323059856267','2023-05-21 14:11:27.269','1');
INSERT INTO request_bid (request_bid_id,request_id,professional_id,amount,sent_date,bid_status_id) VALUES ('4','2','1','141.9489027511912','2023-05-27 12:31:15.149','2');
INSERT INTO request_bid (request_bid_id,request_id,professional_id,amount,sent_date,bid_status_id) VALUES ('5','2','2','140.67421439796087','2023-06-01 12:00:18.612','3');
INSERT INTO request_bid (request_bid_id,request_id,professional_id,amount,sent_date,bid_status_id) VALUES ('6','2','9','39.15652863479742','2023-06-08 16:55:51.656','3');
INSERT INTO request_bid (request_bid_id,request_id,professional_id,amount,sent_date,bid_status_id) VALUES ('7','2','13','106.00790218497485','2023-06-14 00:27:46.463','3');
INSERT INTO request_bid (request_bid_id,request_id,professional_id,amount,sent_date,bid_status_id) VALUES ('8','3','1','146.0083693775901','2023-06-08 13:38:25.119','3');
INSERT INTO request_bid (request_bid_id,request_id,professional_id,amount,sent_date,bid_status_id) VALUES ('9','3','2','147.93734082775617','2023-05-27 04:57:12.995','3');
INSERT INTO request_bid (request_bid_id,request_id,professional_id,amount,sent_date,bid_status_id) VALUES ('10','3','4','199.84162964765076','2023-06-12 23:11:24.781','1');
INSERT INTO request_bid (request_bid_id,request_id,professional_id,amount,sent_date,bid_status_id) VALUES ('11','3','15','189.12355522545366','2023-06-12 18:02:42.447','2');
INSERT INTO request_bid (request_bid_id,request_id,professional_id,amount,sent_date,bid_status_id) VALUES ('12','3','18','161.1571691748468','2023-06-07 11:29:28.112','3');
INSERT INTO request_bid (request_bid_id,request_id,professional_id,amount,sent_date,bid_status_id) VALUES ('13','4','3','99.91954883891368','2023-06-02 06:42:49.701','3');
INSERT INTO request_bid (request_bid_id,request_id,professional_id,amount,sent_date,bid_status_id) VALUES ('14','4','11','161.08199423217476','2023-05-27 00:53:18.555','2');
INSERT INTO request_bid (request_bid_id,request_id,professional_id,amount,sent_date,bid_status_id) VALUES ('15','4','20','152.7966572985654','2023-06-02 17:50:16.084','3');
INSERT INTO request_bid (request_bid_id,request_id,professional_id,amount,sent_date,bid_status_id) VALUES ('16','5','17','86.29519840831793','2023-06-07 15:01:43.301','2');
INSERT INTO request_bid (request_bid_id,request_id,professional_id,amount,sent_date,bid_status_id) VALUES ('17','6','3','89.94650087380266','2023-06-07 15:08:27.187','3');
INSERT INTO request_bid (request_bid_id,request_id,professional_id,amount,sent_date,bid_status_id) VALUES ('18','6','11','136.00660073666808','2023-05-25 01:38:21.13','2');
INSERT INTO request_bid (request_bid_id,request_id,professional_id,amount,sent_date,bid_status_id) VALUES ('19','6','20','142.10696597530503','2023-06-09 05:50:31.388','3');
INSERT INTO request_bid (request_bid_id,request_id,professional_id,amount,sent_date,bid_status_id) VALUES ('20','7','19','41.39720032082825','2023-06-02 09:47:36.719','1');
INSERT INTO request_bid (request_bid_id,request_id,professional_id,amount,sent_date,bid_status_id) VALUES ('21','8','7','114.22955259769158','2023-06-09 23:17:15.799','2');
INSERT INTO request_bid (request_bid_id,request_id,professional_id,amount,sent_date,bid_status_id) VALUES ('22','8','10','114.70121685112842','2023-06-02 22:50:45.631','3');
INSERT INTO request_bid (request_bid_id,request_id,professional_id,amount,sent_date,bid_status_id) VALUES ('23','9','3','142.53676946513605','2023-06-03 18:21:44.834','1');
INSERT INTO request_bid (request_bid_id,request_id,professional_id,amount,sent_date,bid_status_id) VALUES ('24','9','20','146.3182430306455','2023-05-19 03:45:06.876','2');
INSERT INTO request_bid (request_bid_id,request_id,professional_id,amount,sent_date,bid_status_id) VALUES ('25','11','3','22.740903488589094','2023-06-03 13:50:06.104','2');
INSERT INTO request_bid (request_bid_id,request_id,professional_id,amount,sent_date,bid_status_id) VALUES ('26','11','10','194.64249483030642','2023-06-09 11:19:36.743','3');
INSERT INTO request_bid (request_bid_id,request_id,professional_id,amount,sent_date,bid_status_id) VALUES ('27','11','20','19.61636164878436','2023-06-15 07:22:10.713','3');
INSERT INTO request_bid (request_bid_id,request_id,professional_id,amount,sent_date,bid_status_id) VALUES ('28','12','3','82.90719775311558','2023-06-04 05:17:30.375','1');
INSERT INTO request_bid (request_bid_id,request_id,professional_id,amount,sent_date,bid_status_id) VALUES ('29','12','11','169.0676129409801','2023-06-01 08:47:34.528','2');
INSERT INTO request_bid (request_bid_id,request_id,professional_id,amount,sent_date,bid_status_id) VALUES ('30','12','20','26.193174983869543','2023-06-13 11:55:02.135','3');
INSERT INTO request_bid (request_bid_id,request_id,professional_id,amount,sent_date,bid_status_id) VALUES ('31','13','8','65.31728172381696','2023-05-28 12:33:32.125','3');
INSERT INTO request_bid (request_bid_id,request_id,professional_id,amount,sent_date,bid_status_id) VALUES ('32','13','16','192.64313801028155','2023-05-25 19:49:45.311','2');
INSERT INTO request_bid (request_bid_id,request_id,professional_id,amount,sent_date,bid_status_id) VALUES ('33','14','3','21.469505096594723','2023-06-16 23:27:14.713','2');
INSERT INTO request_bid (request_bid_id,request_id,professional_id,amount,sent_date,bid_status_id) VALUES ('34','14','11','118.56389140608812','2023-05-24 15:39:57.462','3');
INSERT INTO request_bid (request_bid_id,request_id,professional_id,amount,sent_date,bid_status_id) VALUES ('35','14','20','179.00275136312825','2023-06-12 04:03:27.703','3');
INSERT INTO request_bid (request_bid_id,request_id,professional_id,amount,sent_date,bid_status_id) VALUES ('36','15','1','113.64466795069664','2023-06-10 15:21:54.518','1');
INSERT INTO request_bid (request_bid_id,request_id,professional_id,amount,sent_date,bid_status_id) VALUES ('37','15','2','10.302381099184434','2023-06-10 08:07:19.892','1');
INSERT INTO request_bid (request_bid_id,request_id,professional_id,amount,sent_date,bid_status_id) VALUES ('38','15','4','126.8672053766211','2023-06-10 09:02:54.529','1');
INSERT INTO request_bid (request_bid_id,request_id,professional_id,amount,sent_date,bid_status_id) VALUES ('39','15','15','158.4381820433728','2023-06-11 16:19:22.319','3');
INSERT INTO request_bid (request_bid_id,request_id,professional_id,amount,sent_date,bid_status_id) VALUES ('40','15','18','38.51874738175502','2023-06-07 22:02:03.227','2');
INSERT INTO request_bid (request_bid_id,request_id,professional_id,amount,sent_date,bid_status_id) VALUES ('41','16','2','173.68509179516806','2023-05-30 20:43:26.566','3');
INSERT INTO request_bid (request_bid_id,request_id,professional_id,amount,sent_date,bid_status_id) VALUES ('42','16','12','22.31828487992317','2023-05-31 09:23:18.222','3');
INSERT INTO request_bid (request_bid_id,request_id,professional_id,amount,sent_date,bid_status_id) VALUES ('43','16','18','110.80479297941854','2023-06-02 13:58:52.086','1');
INSERT INTO request_bid (request_bid_id,request_id,professional_id,amount,sent_date,bid_status_id) VALUES ('44','18','3','181.14609795781112','2023-06-02 13:12:57.103','3');
INSERT INTO request_bid (request_bid_id,request_id,professional_id,amount,sent_date,bid_status_id) VALUES ('45','18','11','68.51697529864046','2023-06-12 01:24:42.164','2');
INSERT INTO request_bid (request_bid_id,request_id,professional_id,amount,sent_date,bid_status_id) VALUES ('46','18','20','83.36704195317976','2023-05-18 16:24:37.799','3');
INSERT INTO request_bid (request_bid_id,request_id,professional_id,amount,sent_date,bid_status_id) VALUES ('47','19','7','48.15591958008632','2023-06-09 03:55:58.048','2');
INSERT INTO request_bid (request_bid_id,request_id,professional_id,amount,sent_date,bid_status_id) VALUES ('48','19','10','86.42072843175536','2023-05-20 07:20:44.306','3');
INSERT INTO request_bid (request_bid_id,request_id,professional_id,amount,sent_date,bid_status_id) VALUES ('49','20','17','116.34169288188875','2023-06-09 18:32:36.227','1');
INSERT INTO request_bid (request_bid_id,request_id,professional_id,amount,sent_date,bid_status_id) VALUES ('50','21','20','77.48265151554018','2023-06-14 07:47:55.606','2');
INSERT INTO request_bid (request_bid_id,request_id,professional_id,amount,sent_date,bid_status_id) VALUES ('51','22','1','130.1616264411173','2023-06-15 17:25:39.94','2');
INSERT INTO request_bid (request_bid_id,request_id,professional_id,amount,sent_date,bid_status_id) VALUES ('52','22','2','24.354584180761165','2023-06-09 04:28:36.232','3');
INSERT INTO request_bid (request_bid_id,request_id,professional_id,amount,sent_date,bid_status_id) VALUES ('53','22','4','166.620074415229','2023-05-29 13:10:27.598','3');
INSERT INTO request_bid (request_bid_id,request_id,professional_id,amount,sent_date,bid_status_id) VALUES ('54','22','15','118.38386532144067','2023-05-21 17:02:12.794','3');
INSERT INTO request_bid (request_bid_id,request_id,professional_id,amount,sent_date,bid_status_id) VALUES ('55','22','18','39.03830754345225','2023-05-27 06:15:53.552','3');
INSERT INTO request_bid (request_bid_id,request_id,professional_id,amount,sent_date,bid_status_id) VALUES ('56','23','20','16.888606801805466','2023-06-15 15:56:46.987','3');
INSERT INTO request_bid (request_bid_id,request_id,professional_id,amount,sent_date,bid_status_id) VALUES ('57','24','19','36.043754203654416','2023-06-03 13:55:44.128','1');
INSERT INTO request_bid (request_bid_id,request_id,professional_id,amount,sent_date,bid_status_id) VALUES ('58','25','20','71.41551114017939','2023-05-23 18:39:05.713','2');
INSERT INTO request_bid (request_bid_id,request_id,professional_id,amount,sent_date,bid_status_id) VALUES ('59','26','3','35.79051373182466','2023-06-04 08:20:00.148','2');
INSERT INTO request_bid (request_bid_id,request_id,professional_id,amount,sent_date,bid_status_id) VALUES ('60','26','10','80.1492567416854','2023-05-26 19:02:00.423','3');
INSERT INTO request_bid (request_bid_id,request_id,professional_id,amount,sent_date,bid_status_id) VALUES ('61','26','20','165.14512935394276','2023-05-19 14:00:40.24','3');
INSERT INTO request_bid (request_bid_id,request_id,professional_id,amount,sent_date,bid_status_id) VALUES ('62','27','3','87.18937466799915','2023-06-07 16:51:47.239','3');
INSERT INTO request_bid (request_bid_id,request_id,professional_id,amount,sent_date,bid_status_id) VALUES ('63','27','11','110.39482615138203','2023-05-28 09:47:44.953','1');
INSERT INTO request_bid (request_bid_id,request_id,professional_id,amount,sent_date,bid_status_id) VALUES ('64','27','20','102.26588834000019','2023-06-04 22:45:02.509','3');
INSERT INTO request_bid (request_bid_id,request_id,professional_id,amount,sent_date,bid_status_id) VALUES ('65','28','1','105.89444344635697','2023-06-16 06:04:34.359','3');
INSERT INTO request_bid (request_bid_id,request_id,professional_id,amount,sent_date,bid_status_id) VALUES ('66','28','4','71.12656143621892','2023-06-17 00:35:20.16','1');
INSERT INTO request_bid (request_bid_id,request_id,professional_id,amount,sent_date,bid_status_id) VALUES ('67','28','13','123.32499336917752','2023-06-11 05:53:32.667','1');
INSERT INTO request_bid (request_bid_id,request_id,professional_id,amount,sent_date,bid_status_id) VALUES ('68','29','3','47.824864106018595','2023-06-16 06:35:07.067','2');
INSERT INTO request_bid (request_bid_id,request_id,professional_id,amount,sent_date,bid_status_id) VALUES ('69','29','10','29.12871466342198','2023-06-14 03:57:21.53','3');
INSERT INTO request_bid (request_bid_id,request_id,professional_id,amount,sent_date,bid_status_id) VALUES ('70','29','20','102.63561667551338','2023-06-09 06:06:02.177','3');
INSERT INTO request_bid (request_bid_id,request_id,professional_id,amount,sent_date,bid_status_id) VALUES ('71','30','3','43.13014221044483','2023-06-05 03:12:15.313','2');
INSERT INTO request_bid (request_bid_id,request_id,professional_id,amount,sent_date,bid_status_id) VALUES ('72','30','20','77.29727518389448','2023-05-23 08:26:31.022','3');
INSERT INTO request_bid (request_bid_id,request_id,professional_id,amount,sent_date,bid_status_id) VALUES ('73','31','1','72.50121370918885','2023-05-31 17:42:58.951','3');
INSERT INTO request_bid (request_bid_id,request_id,professional_id,amount,sent_date,bid_status_id) VALUES ('74','31','2','84.08479063359044','2023-06-11 06:06:25.086','2');
INSERT INTO request_bid (request_bid_id,request_id,professional_id,amount,sent_date,bid_status_id) VALUES ('75','31','4','154.42387049638316','2023-06-05 04:35:18.883','3');
INSERT INTO request_bid (request_bid_id,request_id,professional_id,amount,sent_date,bid_status_id) VALUES ('76','31','12','56.42619844335774','2023-06-10 13:11:14.698','3');
INSERT INTO request_bid (request_bid_id,request_id,professional_id,amount,sent_date,bid_status_id) VALUES ('77','32','2','51.22035787514498','2023-05-19 10:03:55.872','2');
INSERT INTO request_bid (request_bid_id,request_id,professional_id,amount,sent_date,bid_status_id) VALUES ('78','32','12','68.83922050072167','2023-05-20 13:45:19.244','3');
INSERT INTO request_bid (request_bid_id,request_id,professional_id,amount,sent_date,bid_status_id) VALUES ('79','32','18','179.1115686996724','2023-06-05 05:23:35.245','3');
INSERT INTO request_bid (request_bid_id,request_id,professional_id,amount,sent_date,bid_status_id) VALUES ('80','33','5','54.54056737130239','2023-05-24 10:36:03.425','1');
INSERT INTO request_bid (request_bid_id,request_id,professional_id,amount,sent_date,bid_status_id) VALUES ('81','34','20','31.933078212802286','2023-06-07 17:19:52.716','1');
INSERT INTO request_bid (request_bid_id,request_id,professional_id,amount,sent_date,bid_status_id) VALUES ('82','35','3','107.70166960132946','2023-06-05 18:13:24.309','2');
INSERT INTO request_bid (request_bid_id,request_id,professional_id,amount,sent_date,bid_status_id) VALUES ('83','35','20','125.14007190568523','2023-06-04 02:34:01.79','3');
INSERT INTO request_bid (request_bid_id,request_id,professional_id,amount,sent_date,bid_status_id) VALUES ('84','36','1','61.352261732277526','2023-05-29 17:30:20.356','3');
INSERT INTO request_bid (request_bid_id,request_id,professional_id,amount,sent_date,bid_status_id) VALUES ('85','36','2','54.33498480341397','2023-05-22 21:38:28.564','3');
INSERT INTO request_bid (request_bid_id,request_id,professional_id,amount,sent_date,bid_status_id) VALUES ('86','36','4','176.47541759429555','2023-05-31 09:50:59.788','3');
INSERT INTO request_bid (request_bid_id,request_id,professional_id,amount,sent_date,bid_status_id) VALUES ('87','36','15','87.43562286135142','2023-06-11 13:29:45.338','3');
INSERT INTO request_bid (request_bid_id,request_id,professional_id,amount,sent_date,bid_status_id) VALUES ('88','36','18','44.53334343552729','2023-06-01 22:58:42.517','3');
INSERT INTO request_bid (request_bid_id,request_id,professional_id,amount,sent_date,bid_status_id) VALUES ('89','37','20','17.883816434078852','2023-06-14 09:02:13.6','1');
INSERT INTO request_bid (request_bid_id,request_id,professional_id,amount,sent_date,bid_status_id) VALUES ('90','38','5','105.3910400004066','2023-06-03 02:45:05.932','3');
INSERT INTO request_bid (request_bid_id,request_id,professional_id,amount,sent_date,bid_status_id) VALUES ('91','39','1','168.96609198972814','2023-06-15 22:16:37.323','1');
INSERT INTO request_bid (request_bid_id,request_id,professional_id,amount,sent_date,bid_status_id) VALUES ('92','39','2','198.27683993254524','2023-05-31 23:17:21.744','3');
INSERT INTO request_bid (request_bid_id,request_id,professional_id,amount,sent_date,bid_status_id) VALUES ('93','39','4','152.6760217386209','2023-05-29 00:05:02.692','1');
INSERT INTO request_bid (request_bid_id,request_id,professional_id,amount,sent_date,bid_status_id) VALUES ('94','39','15','18.835119769256906','2023-06-03 02:11:12.707','3');
INSERT INTO request_bid (request_bid_id,request_id,professional_id,amount,sent_date,bid_status_id) VALUES ('95','39','18','85.51404185305366','2023-06-02 09:30:04.97','2');
INSERT INTO request_bid (request_bid_id,request_id,professional_id,amount,sent_date,bid_status_id) VALUES ('96','40','8','111.0638912545207','2023-06-09 21:40:22.929','2');
INSERT INTO request_bid (request_bid_id,request_id,professional_id,amount,sent_date,bid_status_id) VALUES ('97','40','16','166.68829305649186','2023-06-04 18:39:49.921','3');
INSERT INTO request_bid (request_bid_id,request_id,professional_id,amount,sent_date,bid_status_id) VALUES ('98','41','3','24.06103149821844','2023-06-03 08:06:05.617','2');
INSERT INTO request_bid (request_bid_id,request_id,professional_id,amount,sent_date,bid_status_id) VALUES ('99','41','20','180.99792739487594','2023-05-26 19:29:47.5','3');
INSERT INTO request_bid (request_bid_id,request_id,professional_id,amount,sent_date,bid_status_id) VALUES ('100','42','3','107.49926350530737','2023-06-16 18:37:15.227','2');
INSERT INTO request_bid (request_bid_id,request_id,professional_id,amount,sent_date,bid_status_id) VALUES ('101','42','20','194.65599398956394','2023-05-25 10:28:51.634','3');
INSERT INTO request_bid (request_bid_id,request_id,professional_id,amount,sent_date,bid_status_id) VALUES ('102','43','5','24.55368379456459','2023-06-04 14:45:09.52','2');
INSERT INTO request_bid (request_bid_id,request_id,professional_id,amount,sent_date,bid_status_id) VALUES ('103','44','2','91.99757192553933','2023-05-22 22:20:07.743','2');
INSERT INTO request_bid (request_bid_id,request_id,professional_id,amount,sent_date,bid_status_id) VALUES ('104','44','12','128.96745835288556','2023-05-30 03:53:45.091','3');
INSERT INTO request_bid (request_bid_id,request_id,professional_id,amount,sent_date,bid_status_id) VALUES ('105','44','18','20.666126130118194','2023-06-11 15:36:32.329','3');
INSERT INTO request_bid (request_bid_id,request_id,professional_id,amount,sent_date,bid_status_id) VALUES ('106','46','8','165.65396706312308','2023-06-07 16:15:31.711','1');
INSERT INTO request_bid (request_bid_id,request_id,professional_id,amount,sent_date,bid_status_id) VALUES ('107','46','16','35.2692651782161','2023-06-08 10:45:26.298','1');
INSERT INTO request_bid (request_bid_id,request_id,professional_id,amount,sent_date,bid_status_id) VALUES ('108','47','8','59.90743118805245','2023-05-27 22:23:47.785','3');
INSERT INTO request_bid (request_bid_id,request_id,professional_id,amount,sent_date,bid_status_id) VALUES ('109','48','1','158.73609499757384','2023-05-19 15:42:54.919','1');
INSERT INTO request_bid (request_bid_id,request_id,professional_id,amount,sent_date,bid_status_id) VALUES ('110','48','2','93.21088017549512','2023-05-29 07:50:00.061','2');
INSERT INTO request_bid (request_bid_id,request_id,professional_id,amount,sent_date,bid_status_id) VALUES ('111','48','4','79.99119147250146','2023-05-29 03:33:56.091','3');
INSERT INTO request_bid (request_bid_id,request_id,professional_id,amount,sent_date,bid_status_id) VALUES ('112','48','15','162.1711645419583','2023-06-11 00:26:07.965','3');
INSERT INTO request_bid (request_bid_id,request_id,professional_id,amount,sent_date,bid_status_id) VALUES ('113','48','18','36.65528766443066','2023-06-10 14:45:33.942','3');
INSERT INTO request_bid (request_bid_id,request_id,professional_id,amount,sent_date,bid_status_id) VALUES ('114','49','1','24.752995623006235','2023-05-28 05:23:21.413','1');
INSERT INTO request_bid (request_bid_id,request_id,professional_id,amount,sent_date,bid_status_id) VALUES ('115','49','2','107.95248494006361','2023-06-11 07:50:55.764','1');
INSERT INTO request_bid (request_bid_id,request_id,professional_id,amount,sent_date,bid_status_id) VALUES ('116','49','9','155.9013594373017','2023-06-11 16:59:37.557','2');
INSERT INTO request_bid (request_bid_id,request_id,professional_id,amount,sent_date,bid_status_id) VALUES ('117','49','13','69.3595416113265','2023-06-04 18:07:54.632','3');
INSERT INTO request_bid (request_bid_id,request_id,professional_id,amount,sent_date,bid_status_id) VALUES ('118','50','1','172.38885163325108','2023-06-01 01:52:20.362','1');
INSERT INTO request_bid (request_bid_id,request_id,professional_id,amount,sent_date,bid_status_id) VALUES ('119','50','2','176.38388766449586','2023-05-24 13:27:46.456','3');
INSERT INTO request_bid (request_bid_id,request_id,professional_id,amount,sent_date,bid_status_id) VALUES ('120','50','4','149.42083689673308','2023-06-08 19:22:42.074','1');
INSERT INTO request_bid (request_bid_id,request_id,professional_id,amount,sent_date,bid_status_id) VALUES ('121','50','15','11.404822630255865','2023-06-12 03:38:42.758','3');
INSERT INTO request_bid (request_bid_id,request_id,professional_id,amount,sent_date,bid_status_id) VALUES ('122','50','18','149.98000063567304','2023-05-18 16:11:40.215','1');
INSERT INTO request_bid (request_bid_id,request_id,professional_id,amount,sent_date,bid_status_id) VALUES ('123','51','8','172.52472261984084','2023-06-01 07:14:46.132','1');
INSERT INTO request_bid (request_bid_id,request_id,professional_id,amount,sent_date,bid_status_id) VALUES ('124','51','16','74.88446901759409','2023-05-25 09:09:05.807','3');
INSERT INTO request_bid (request_bid_id,request_id,professional_id,amount,sent_date,bid_status_id) VALUES ('125','52','20','138.89904499190098','2023-05-23 00:51:01.553','1');
INSERT INTO request_bid (request_bid_id,request_id,professional_id,amount,sent_date,bid_status_id) VALUES ('126','53','1','114.84661798448052','2023-06-05 16:37:19.538','1');
INSERT INTO request_bid (request_bid_id,request_id,professional_id,amount,sent_date,bid_status_id) VALUES ('127','53','2','93.38400809009674','2023-06-03 14:50:43.845','1');
INSERT INTO request_bid (request_bid_id,request_id,professional_id,amount,sent_date,bid_status_id) VALUES ('128','53','4','33.25432710651111','2023-05-26 01:45:02.523','2');
INSERT INTO request_bid (request_bid_id,request_id,professional_id,amount,sent_date,bid_status_id) VALUES ('129','53','15','30.118928250615518','2023-06-10 14:41:12.94','3');
INSERT INTO request_bid (request_bid_id,request_id,professional_id,amount,sent_date,bid_status_id) VALUES ('130','53','18','163.2255905479716','2023-06-15 13:05:21.676','3');
INSERT INTO request_bid (request_bid_id,request_id,professional_id,amount,sent_date,bid_status_id) VALUES ('131','54','2','11.747961389777837','2023-05-31 20:43:58.159','2');
INSERT INTO request_bid (request_bid_id,request_id,professional_id,amount,sent_date,bid_status_id) VALUES ('132','54','12','173.1674523775063','2023-06-10 09:57:07.782','3');
INSERT INTO request_bid (request_bid_id,request_id,professional_id,amount,sent_date,bid_status_id) VALUES ('133','54','18','141.42820634719774','2023-05-28 09:16:19.556','3');
INSERT INTO request_bid (request_bid_id,request_id,professional_id,amount,sent_date,bid_status_id) VALUES ('134','55','1','90.55725740904977','2023-05-25 14:46:47.879','2');
INSERT INTO request_bid (request_bid_id,request_id,professional_id,amount,sent_date,bid_status_id) VALUES ('135','55','4','111.62414597460855','2023-05-28 15:21:37.996','3');
INSERT INTO request_bid (request_bid_id,request_id,professional_id,amount,sent_date,bid_status_id) VALUES ('136','55','13','87.84830220176922','2023-05-26 20:24:45.134','3');
INSERT INTO request_bid (request_bid_id,request_id,professional_id,amount,sent_date,bid_status_id) VALUES ('137','56','8','161.01202087706588','2023-05-26 08:37:59.042','3');
INSERT INTO request_bid (request_bid_id,request_id,professional_id,amount,sent_date,bid_status_id) VALUES ('138','57','1','157.85603846733682','2023-05-22 04:12:04.233','2');
INSERT INTO request_bid (request_bid_id,request_id,professional_id,amount,sent_date,bid_status_id) VALUES ('139','57','4','84.03975477233789','2023-06-11 20:19:54.072','3');
INSERT INTO request_bid (request_bid_id,request_id,professional_id,amount,sent_date,bid_status_id) VALUES ('140','57','13','28.96105417463386','2023-05-29 22:50:52.47','3');
INSERT INTO request_bid (request_bid_id,request_id,professional_id,amount,sent_date,bid_status_id) VALUES ('141','58','14','128.5560904722669','2023-05-24 14:17:35.183','1');
INSERT INTO request_bid (request_bid_id,request_id,professional_id,amount,sent_date,bid_status_id) VALUES ('142','58','19','68.83086309328874','2023-06-16 04:01:31.617','3');
INSERT INTO request_bid (request_bid_id,request_id,professional_id,amount,sent_date,bid_status_id) VALUES ('143','59','1','197.66106041828536','2023-06-15 18:49:39.526','1');
INSERT INTO request_bid (request_bid_id,request_id,professional_id,amount,sent_date,bid_status_id) VALUES ('144','59','2','59.383065205249984','2023-06-09 11:41:38.456','2');
INSERT INTO request_bid (request_bid_id,request_id,professional_id,amount,sent_date,bid_status_id) VALUES ('145','59','9','58.70286821095522','2023-05-30 18:27:37.982','3');
INSERT INTO request_bid (request_bid_id,request_id,professional_id,amount,sent_date,bid_status_id) VALUES ('146','59','13','119.74965559537034','2023-06-03 10:09:50.941','3');
INSERT INTO request_bid (request_bid_id,request_id,professional_id,amount,sent_date,bid_status_id) VALUES ('147','60','20','15.454233530045567','2023-05-29 08:31:08.789','3');
INSERT INTO request_bid (request_bid_id,request_id,professional_id,amount,sent_date,bid_status_id) VALUES ('148','61','3','127.30858150396222','2023-06-04 02:34:56.643','2');
INSERT INTO request_bid (request_bid_id,request_id,professional_id,amount,sent_date,bid_status_id) VALUES ('149','61','11','183.78365496511793','2023-05-21 16:44:58.214','3');
INSERT INTO request_bid (request_bid_id,request_id,professional_id,amount,sent_date,bid_status_id) VALUES ('150','61','20','44.86202861306595','2023-06-14 09:46:40.38','3');
INSERT INTO request_bid (request_bid_id,request_id,professional_id,amount,sent_date,bid_status_id) VALUES ('151','62','1','45.640234429147014','2023-06-04 00:46:06.701','1');
INSERT INTO request_bid (request_bid_id,request_id,professional_id,amount,sent_date,bid_status_id) VALUES ('152','62','4','163.35766549182617','2023-06-16 14:51:01.723','3');
INSERT INTO request_bid (request_bid_id,request_id,professional_id,amount,sent_date,bid_status_id) VALUES ('153','62','13','60.29966890319658','2023-06-02 13:57:53.211','1');
INSERT INTO request_bid (request_bid_id,request_id,professional_id,amount,sent_date,bid_status_id) VALUES ('154','63','8','109.25085594468175','2023-06-15 06:24:50.648','3');
INSERT INTO request_bid (request_bid_id,request_id,professional_id,amount,sent_date,bid_status_id) VALUES ('155','63','16','141.62307894616023','2023-06-16 03:52:34.528','2');
INSERT INTO request_bid (request_bid_id,request_id,professional_id,amount,sent_date,bid_status_id) VALUES ('156','64','2','93.0654580461522','2023-06-10 14:48:39.886','1');
INSERT INTO request_bid (request_bid_id,request_id,professional_id,amount,sent_date,bid_status_id) VALUES ('157','64','12','56.882590707858505','2023-05-30 15:29:10.159','1');
INSERT INTO request_bid (request_bid_id,request_id,professional_id,amount,sent_date,bid_status_id) VALUES ('158','64','18','88.93150863057538','2023-06-06 13:01:39.687','2');
INSERT INTO request_bid (request_bid_id,request_id,professional_id,amount,sent_date,bid_status_id) VALUES ('159','65','1','71.7964855966482','2023-06-05 06:15:47.535','2');
INSERT INTO request_bid (request_bid_id,request_id,professional_id,amount,sent_date,bid_status_id) VALUES ('160','65','2','171.9872065217474','2023-06-13 23:50:44.817','3');
INSERT INTO request_bid (request_bid_id,request_id,professional_id,amount,sent_date,bid_status_id) VALUES ('161','65','4','23.74035353469133','2023-06-04 13:29:05.483','3');
INSERT INTO request_bid (request_bid_id,request_id,professional_id,amount,sent_date,bid_status_id) VALUES ('162','65','15','173.07849759061176','2023-06-16 04:44:56.954','3');
INSERT INTO request_bid (request_bid_id,request_id,professional_id,amount,sent_date,bid_status_id) VALUES ('163','65','18','168.05829483031118','2023-06-05 02:07:37.91','3');
INSERT INTO request_bid (request_bid_id,request_id,professional_id,amount,sent_date,bid_status_id) VALUES ('164','66','1','110.131804500798','2023-06-04 13:38:46.474','3');
INSERT INTO request_bid (request_bid_id,request_id,professional_id,amount,sent_date,bid_status_id) VALUES ('165','66','2','82.94041393106143','2023-06-13 01:07:04.874','3');
INSERT INTO request_bid (request_bid_id,request_id,professional_id,amount,sent_date,bid_status_id) VALUES ('166','66','4','81.95179203342346','2023-06-04 18:23:08.076','1');
INSERT INTO request_bid (request_bid_id,request_id,professional_id,amount,sent_date,bid_status_id) VALUES ('167','66','12','75.23868642155108','2023-05-19 07:08:58.66','2');
INSERT INTO request_bid (request_bid_id,request_id,professional_id,amount,sent_date,bid_status_id) VALUES ('168','67','1','143.3482132833934','2023-06-14 23:01:42.13','1');
INSERT INTO request_bid (request_bid_id,request_id,professional_id,amount,sent_date,bid_status_id) VALUES ('169','67','2','188.00935880484155','2023-05-30 00:18:39.022','1');
INSERT INTO request_bid (request_bid_id,request_id,professional_id,amount,sent_date,bid_status_id) VALUES ('170','67','9','165.29389232319485','2023-06-11 14:32:13.021','1');
INSERT INTO request_bid (request_bid_id,request_id,professional_id,amount,sent_date,bid_status_id) VALUES ('171','67','13','109.23849302683583','2023-05-26 13:49:23.43','2');
INSERT INTO request_bid (request_bid_id,request_id,professional_id,amount,sent_date,bid_status_id) VALUES ('172','68','3','105.21767945268726','2023-06-08 08:05:40.446','2');
INSERT INTO request_bid (request_bid_id,request_id,professional_id,amount,sent_date,bid_status_id) VALUES ('173','68','20','67.7432595292141','2023-05-22 11:06:51.789','3');
INSERT INTO request_bid (request_bid_id,request_id,professional_id,amount,sent_date,bid_status_id) VALUES ('174','69','8','178.4529540967926','2023-06-10 03:08:40.881','2');
INSERT INTO request_bid (request_bid_id,request_id,professional_id,amount,sent_date,bid_status_id) VALUES ('175','70','1','188.52250456876635','2023-06-05 10:21:22.627','3');
INSERT INTO request_bid (request_bid_id,request_id,professional_id,amount,sent_date,bid_status_id) VALUES ('176','70','2','23.275666439175055','2023-06-07 19:18:05.642','1');
INSERT INTO request_bid (request_bid_id,request_id,professional_id,amount,sent_date,bid_status_id) VALUES ('177','70','9','90.96226357523184','2023-05-27 16:10:18.977','3');
INSERT INTO request_bid (request_bid_id,request_id,professional_id,amount,sent_date,bid_status_id) VALUES ('178','70','13','181.0476921103214','2023-05-19 15:30:59.332','1');
INSERT INTO request_bid (request_bid_id,request_id,professional_id,amount,sent_date,bid_status_id) VALUES ('179','71','1','108.4357430430895','2023-05-28 22:02:27.935','2');
INSERT INTO request_bid (request_bid_id,request_id,professional_id,amount,sent_date,bid_status_id) VALUES ('180','71','2','198.721948890108','2023-05-26 12:18:54.603','3');
INSERT INTO request_bid (request_bid_id,request_id,professional_id,amount,sent_date,bid_status_id) VALUES ('181','71','4','56.22884612964449','2023-06-15 09:28:33.04','3');
INSERT INTO request_bid (request_bid_id,request_id,professional_id,amount,sent_date,bid_status_id) VALUES ('182','71','15','81.9092722064447','2023-05-31 14:15:40.3','3');
INSERT INTO request_bid (request_bid_id,request_id,professional_id,amount,sent_date,bid_status_id) VALUES ('183','71','18','32.39036072361735','2023-06-13 19:06:36.524','3');
INSERT INTO request_bid (request_bid_id,request_id,professional_id,amount,sent_date,bid_status_id) VALUES ('184','72','20','57.700354491136466','2023-06-13 08:16:20.566','2');
INSERT INTO request_bid (request_bid_id,request_id,professional_id,amount,sent_date,bid_status_id) VALUES ('185','73','7','189.92287115000858','2023-06-07 23:12:00.511','3');
INSERT INTO request_bid (request_bid_id,request_id,professional_id,amount,sent_date,bid_status_id) VALUES ('186','73','10','164.43802118592376','2023-06-15 16:37:27.734','2');
INSERT INTO request_bid (request_bid_id,request_id,professional_id,amount,sent_date,bid_status_id) VALUES ('187','74','2','155.03187263664623','2023-05-28 18:21:21.703','1');
INSERT INTO request_bid (request_bid_id,request_id,professional_id,amount,sent_date,bid_status_id) VALUES ('188','74','12','88.3977941401039','2023-05-31 23:29:21.169','2');
INSERT INTO request_bid (request_bid_id,request_id,professional_id,amount,sent_date,bid_status_id) VALUES ('189','74','18','44.318377620815134','2023-05-30 02:01:10.958','3');
INSERT INTO request_bid (request_bid_id,request_id,professional_id,amount,sent_date,bid_status_id) VALUES ('190','75','1','137.74686989979858','2023-05-25 17:29:27.811','1');
INSERT INTO request_bid (request_bid_id,request_id,professional_id,amount,sent_date,bid_status_id) VALUES ('191','75','2','67.75776614184304','2023-06-11 23:41:03.342','3');
INSERT INTO request_bid (request_bid_id,request_id,professional_id,amount,sent_date,bid_status_id) VALUES ('192','75','4','179.04190868666356','2023-05-27 15:13:56.037','2');
INSERT INTO request_bid (request_bid_id,request_id,professional_id,amount,sent_date,bid_status_id) VALUES ('193','75','15','106.40619060192134','2023-06-09 12:52:49.641','3');
INSERT INTO request_bid (request_bid_id,request_id,professional_id,amount,sent_date,bid_status_id) VALUES ('194','75','18','61.43441056309236','2023-05-30 18:51:52.998','3');
INSERT INTO request_bid (request_bid_id,request_id,professional_id,amount,sent_date,bid_status_id) VALUES ('195','76','3','170.12739451053525','2023-05-24 00:02:39.355','3');
INSERT INTO request_bid (request_bid_id,request_id,professional_id,amount,sent_date,bid_status_id) VALUES ('196','76','10','79.23577549599996','2023-05-31 10:05:04.214','3');
INSERT INTO request_bid (request_bid_id,request_id,professional_id,amount,sent_date,bid_status_id) VALUES ('197','76','20','121.00761316937853','2023-05-25 16:54:57.823','2');
INSERT INTO request_bid (request_bid_id,request_id,professional_id,amount,sent_date,bid_status_id) VALUES ('198','77','5','85.08097520346557','2023-05-22 06:42:57.83','1');
INSERT INTO request_bid (request_bid_id,request_id,professional_id,amount,sent_date,bid_status_id) VALUES ('199','78','2','73.97293016749944','2023-05-19 01:56:33.599','1');
INSERT INTO request_bid (request_bid_id,request_id,professional_id,amount,sent_date,bid_status_id) VALUES ('200','78','12','167.10688979984926','2023-06-04 22:48:48.001','2');
INSERT INTO request_bid (request_bid_id,request_id,professional_id,amount,sent_date,bid_status_id) VALUES ('201','78','18','40.83580610892493','2023-05-28 14:24:06.693','3');
INSERT INTO request_bid (request_bid_id,request_id,professional_id,amount,sent_date,bid_status_id) VALUES ('202','79','1','44.604556155239834','2023-05-29 18:18:34.525','3');
INSERT INTO request_bid (request_bid_id,request_id,professional_id,amount,sent_date,bid_status_id) VALUES ('203','79','4','175.12472064895366','2023-05-26 02:58:38.159','3');
INSERT INTO request_bid (request_bid_id,request_id,professional_id,amount,sent_date,bid_status_id) VALUES ('204','79','13','196.51920878054094','2023-05-28 01:57:36.877','2');
INSERT INTO request_bid (request_bid_id,request_id,professional_id,amount,sent_date,bid_status_id) VALUES ('205','80','20','110.80364596644861','2023-06-13 00:47:22.832','3');
INSERT INTO request_bid (request_bid_id,request_id,professional_id,amount,sent_date,bid_status_id) VALUES ('206','81','3','145.39461855785171','2023-05-31 03:35:26.601','3');
INSERT INTO request_bid (request_bid_id,request_id,professional_id,amount,sent_date,bid_status_id) VALUES ('207','81','10','109.95011395536024','2023-06-02 22:19:26.371','3');
INSERT INTO request_bid (request_bid_id,request_id,professional_id,amount,sent_date,bid_status_id) VALUES ('208','81','20','111.76529927792743','2023-05-26 17:41:13.687','1');
INSERT INTO request_bid (request_bid_id,request_id,professional_id,amount,sent_date,bid_status_id) VALUES ('209','82','1','27.73452771145594','2023-06-07 11:05:37.687','2');
INSERT INTO request_bid (request_bid_id,request_id,professional_id,amount,sent_date,bid_status_id) VALUES ('210','82','4','27.767148232394916','2023-05-19 06:24:45.015','3');
INSERT INTO request_bid (request_bid_id,request_id,professional_id,amount,sent_date,bid_status_id) VALUES ('211','82','13','123.8456547929062','2023-06-10 04:36:11.873','3');
INSERT INTO request_bid (request_bid_id,request_id,professional_id,amount,sent_date,bid_status_id) VALUES ('212','83','1','81.10337643623541','2023-06-08 21:19:45.065','1');
INSERT INTO request_bid (request_bid_id,request_id,professional_id,amount,sent_date,bid_status_id) VALUES ('213','83','2','10.39213884179602','2023-06-04 11:17:44.158','1');
INSERT INTO request_bid (request_bid_id,request_id,professional_id,amount,sent_date,bid_status_id) VALUES ('214','83','4','102.19686911593848','2023-06-15 22:51:59.119','3');
INSERT INTO request_bid (request_bid_id,request_id,professional_id,amount,sent_date,bid_status_id) VALUES ('215','83','12','45.93882032240137','2023-06-07 10:49:55.287','2');
INSERT INTO request_bid (request_bid_id,request_id,professional_id,amount,sent_date,bid_status_id) VALUES ('216','84','17','140.90822596188332','2023-05-24 20:55:32.96','2');
INSERT INTO request_bid (request_bid_id,request_id,professional_id,amount,sent_date,bid_status_id) VALUES ('217','85','7','166.2815871246168','2023-05-28 21:23:53.603','3');
INSERT INTO request_bid (request_bid_id,request_id,professional_id,amount,sent_date,bid_status_id) VALUES ('218','85','10','164.00100954874733','2023-05-19 13:43:41.8','3');
INSERT INTO request_bid (request_bid_id,request_id,professional_id,amount,sent_date,bid_status_id) VALUES ('219','86','1','173.11700701038674','2023-05-23 10:00:17.62','1');
INSERT INTO request_bid (request_bid_id,request_id,professional_id,amount,sent_date,bid_status_id) VALUES ('220','86','4','87.34133177560966','2023-05-22 16:55:33.783','2');
INSERT INTO request_bid (request_bid_id,request_id,professional_id,amount,sent_date,bid_status_id) VALUES ('221','86','13','139.86116425270322','2023-05-24 09:14:02.555','3');
INSERT INTO request_bid (request_bid_id,request_id,professional_id,amount,sent_date,bid_status_id) VALUES ('222','88','20','187.19446082047898','2023-05-27 15:24:56.553','1');
INSERT INTO request_bid (request_bid_id,request_id,professional_id,amount,sent_date,bid_status_id) VALUES ('223','89','2','87.32453221499134','2023-06-14 18:10:16.336','1');
INSERT INTO request_bid (request_bid_id,request_id,professional_id,amount,sent_date,bid_status_id) VALUES ('224','89','12','158.67784030372786','2023-06-05 18:07:22.777','2');
INSERT INTO request_bid (request_bid_id,request_id,professional_id,amount,sent_date,bid_status_id) VALUES ('225','89','18','10.758522937184075','2023-06-07 01:23:25.492','3');
INSERT INTO request_bid (request_bid_id,request_id,professional_id,amount,sent_date,bid_status_id) VALUES ('226','90','1','147.39963869572833','2023-06-03 21:31:31.312','3');
INSERT INTO request_bid (request_bid_id,request_id,professional_id,amount,sent_date,bid_status_id) VALUES ('227','90','2','49.524602137649865','2023-05-27 10:31:51.327','2');
INSERT INTO request_bid (request_bid_id,request_id,professional_id,amount,sent_date,bid_status_id) VALUES ('228','90','9','159.33310017784905','2023-05-24 04:36:41.435','3');
INSERT INTO request_bid (request_bid_id,request_id,professional_id,amount,sent_date,bid_status_id) VALUES ('229','90','13','44.3919828793794','2023-06-16 03:01:27.144','3');
INSERT INTO request_bid (request_bid_id,request_id,professional_id,amount,sent_date,bid_status_id) VALUES ('230','91','20','156.56658447848474','2023-06-14 06:11:04.88','2');
INSERT INTO request_bid (request_bid_id,request_id,professional_id,amount,sent_date,bid_status_id) VALUES ('231','92','1','32.24976608524797','2023-06-02 17:15:22.084','1');
INSERT INTO request_bid (request_bid_id,request_id,professional_id,amount,sent_date,bid_status_id) VALUES ('232','92','2','73.1399982204297','2023-05-20 09:11:01.389','2');
INSERT INTO request_bid (request_bid_id,request_id,professional_id,amount,sent_date,bid_status_id) VALUES ('233','92','4','24.78488807912085','2023-05-31 17:38:22.273','3');
INSERT INTO request_bid (request_bid_id,request_id,professional_id,amount,sent_date,bid_status_id) VALUES ('234','92','12','57.765925140520835','2023-06-02 04:02:44.09','3');
INSERT INTO request_bid (request_bid_id,request_id,professional_id,amount,sent_date,bid_status_id) VALUES ('235','93','19','86.79373618708176','2023-05-29 20:30:30.928','3');
INSERT INTO request_bid (request_bid_id,request_id,professional_id,amount,sent_date,bid_status_id) VALUES ('236','94','17','152.66296848977825','2023-06-09 08:17:50.746','3');
INSERT INTO request_bid (request_bid_id,request_id,professional_id,amount,sent_date,bid_status_id) VALUES ('237','95','1','154.7366044860913','2023-05-24 07:48:11.459','3');
INSERT INTO request_bid (request_bid_id,request_id,professional_id,amount,sent_date,bid_status_id) VALUES ('238','95','2','67.1692510331593','2023-06-13 10:30:29.533','2');
INSERT INTO request_bid (request_bid_id,request_id,professional_id,amount,sent_date,bid_status_id) VALUES ('239','95','4','166.91908513070098','2023-06-05 00:22:17.748','3');
INSERT INTO request_bid (request_bid_id,request_id,professional_id,amount,sent_date,bid_status_id) VALUES ('240','95','12','194.75896324085832','2023-05-21 04:20:38.033','3');
INSERT INTO request_bid (request_bid_id,request_id,professional_id,amount,sent_date,bid_status_id) VALUES ('241','96','5','151.21827659015523','2023-06-11 01:51:50.186','3');
INSERT INTO request_bid (request_bid_id,request_id,professional_id,amount,sent_date,bid_status_id) VALUES ('242','97','3','59.918267074425906','2023-05-31 07:21:52.858','1');
INSERT INTO request_bid (request_bid_id,request_id,professional_id,amount,sent_date,bid_status_id) VALUES ('243','97','10','56.76456592025557','2023-06-15 09:13:56.115','1');
INSERT INTO request_bid (request_bid_id,request_id,professional_id,amount,sent_date,bid_status_id) VALUES ('244','97','20','176.00558974475862','2023-05-31 16:15:36.603','2');
INSERT INTO request_bid (request_bid_id,request_id,professional_id,amount,sent_date,bid_status_id) VALUES ('245','98','1','49.30783397270779','2023-06-16 21:21:07.797','3');
INSERT INTO request_bid (request_bid_id,request_id,professional_id,amount,sent_date,bid_status_id) VALUES ('246','98','4','187.1249905905075','2023-06-02 07:58:53.883','2');
INSERT INTO request_bid (request_bid_id,request_id,professional_id,amount,sent_date,bid_status_id) VALUES ('247','98','13','77.14780172499674','2023-06-11 02:58:13.066','3');
INSERT INTO request_bid (request_bid_id,request_id,professional_id,amount,sent_date,bid_status_id) VALUES ('248','99','3','159.83163906665533','2023-05-25 02:46:19.214','2');
INSERT INTO request_bid (request_bid_id,request_id,professional_id,amount,sent_date,bid_status_id) VALUES ('249','99','10','174.39674358523715','2023-06-04 15:10:16.919','3');
INSERT INTO request_bid (request_bid_id,request_id,professional_id,amount,sent_date,bid_status_id) VALUES ('250','99','20','67.70908376605388','2023-05-21 02:28:21.9','3');
INSERT INTO request_bid (request_bid_id,request_id,professional_id,amount,sent_date,bid_status_id) VALUES ('251','100','7','34.193919911737105','2023-05-22 16:48:06.576','3');
INSERT INTO request_bid (request_bid_id,request_id,professional_id,amount,sent_date,bid_status_id) VALUES ('252','100','10','171.93195221424259','2023-05-21 12:49:40.476','1');

ALTER TABLE review AUTO_INCREMENT = 1;

INSERT INTO review (review_id,rating,comment,request_id) VALUES ('1','1','Awful service, I dont think I would hire this person again','1');
INSERT INTO review (review_id,rating,comment,request_id) VALUES ('2','1','NEVER AGAIN!!!!','4');
INSERT INTO review (review_id,rating,comment,request_id) VALUES ('3','1','Yikes!!! Surely you could do better? Some better manners would be nice!','6');
INSERT INTO review (review_id,rating,comment,request_id) VALUES ('4','2','Service was good, wasnt an amazing experience but no real grievances against the traide','8');
INSERT INTO review (review_id,rating,comment,request_id) VALUES ('5','5','Great quality service, no issues with the professional as well','12');
INSERT INTO review (review_id,rating,comment,request_id) VALUES ('6','3','Sigh, could have been better.','13');
INSERT INTO review (review_id,rating,comment,request_id) VALUES ('7','3','They showed up, they left, it was eh','14');
INSERT INTO review (review_id,rating,comment,request_id) VALUES ('8','1','Absolutely terrible, no manners, no skills all garbage','15');
INSERT INTO review (review_id,rating,comment,request_id) VALUES ('9','1','Awful service, I dont think I would hire this person again','16');
INSERT INTO review (review_id,rating,comment,request_id) VALUES ('10','2','Quality was okay but definitely could have a better attitude','18');
INSERT INTO review (review_id,rating,comment,request_id) VALUES ('11','3','Sigh, could have been better.','21');
INSERT INTO review (review_id,rating,comment,request_id) VALUES ('12','2','I am not sure if I would hire this person again','22');
INSERT INTO review (review_id,rating,comment,request_id) VALUES ('13','2','Wished there were some things they did differently','24');
INSERT INTO review (review_id,rating,comment,request_id) VALUES ('14','5','Great quality service, no issues with the professional as well','26');
INSERT INTO review (review_id,rating,comment,request_id) VALUES ('15','1','Absolutely terrible, no manners, no skills all garbage','28');
INSERT INTO review (review_id,rating,comment,request_id) VALUES ('16','4','No real complaints, it was an okay service','30');
INSERT INTO review (review_id,rating,comment,request_id) VALUES ('17','4','Ok/Good service','31');
INSERT INTO review (review_id,rating,comment,request_id) VALUES ('18','5','Great quality service, no issues with the professional as well','32');
INSERT INTO review (review_id,rating,comment,request_id) VALUES ('19','2','They showed up, they left, it was eh','34');
INSERT INTO review (review_id,rating,comment,request_id) VALUES ('20','2','Could do a bit better, had okay manners but not the best','36');
INSERT INTO review (review_id,rating,comment,request_id) VALUES ('21','3','Was an ok service, left something to be desired','37');
INSERT INTO review (review_id,rating,comment,request_id) VALUES ('22','2','No real complaints, it was an okay service','40');
INSERT INTO review (review_id,rating,comment,request_id) VALUES ('23','5','Why would I hire anyone else for this issue','43');
INSERT INTO review (review_id,rating,comment,request_id) VALUES ('24','1','Absolutely terrible, no manners, no skills all garbage','50');
INSERT INTO review (review_id,rating,comment,request_id) VALUES ('25','1','NEVER AGAIN!!!!','51');
INSERT INTO review (review_id,rating,comment,request_id) VALUES ('26','5','Great quality service, no issues with the professional as well','56');
INSERT INTO review (review_id,rating,comment,request_id) VALUES ('27','5','What a service, no reason not to hire this person','58');
INSERT INTO review (review_id,rating,comment,request_id) VALUES ('28','2','Quality was okay but definitely could have a better attitude','59');
INSERT INTO review (review_id,rating,comment,request_id) VALUES ('29','4','Service was good, wasnt an amazing experience but no real grievances against the traide','64');
INSERT INTO review (review_id,rating,comment,request_id) VALUES ('30','5','Why would I hire anyone else for this issue','65');
INSERT INTO review (review_id,rating,comment,request_id) VALUES ('31','1','Why oh why oh why did I hire this person. DO NOT HIRE','67');
INSERT INTO review (review_id,rating,comment,request_id) VALUES ('32','2','I am not sure if I would hire this person again','68');
INSERT INTO review (review_id,rating,comment,request_id) VALUES ('33','1','Absolutely terrible, no manners, no skills all garbage','76');
INSERT INTO review (review_id,rating,comment,request_id) VALUES ('34','4','Sigh, could have been better.','77');
INSERT INTO review (review_id,rating,comment,request_id) VALUES ('35','4','Wished there were some things they did differently','78');
INSERT INTO review (review_id,rating,comment,request_id) VALUES ('36','1','Awful service, I dont think I would hire this person again','79');
INSERT INTO review (review_id,rating,comment,request_id) VALUES ('37','1','Absolutely terrible, no manners, no skills all garbage','82');
INSERT INTO review (review_id,rating,comment,request_id) VALUES ('38','1','NEVER AGAIN!!!!','83');
INSERT INTO review (review_id,rating,comment,request_id) VALUES ('39','5','What a service, no reason not to hire this person','84');
INSERT INTO review (review_id,rating,comment,request_id) VALUES ('40','4','It was a meh service, not good, not bad','85');
INSERT INTO review (review_id,rating,comment,request_id) VALUES ('41','4','Wished there were some things they did differently','86');
INSERT INTO review (review_id,rating,comment,request_id) VALUES ('42','4','Wished there were some things they did differently','89');
INSERT INTO review (review_id,rating,comment,request_id) VALUES ('43','4','Was an ok service, left something to be desired','90');
INSERT INTO review (review_id,rating,comment,request_id) VALUES ('44','3','Ok/Good service','93');
INSERT INTO review (review_id,rating,comment,request_id) VALUES ('45','1','Why oh why oh why did I hire this person. DO NOT HIRE','94');
INSERT INTO review (review_id,rating,comment,request_id) VALUES ('46','2','No real complaints, it was an okay service','97');
INSERT INTO review (review_id,rating,comment,request_id) VALUES ('47','5','Wow what a great service, some minor things, but were fixed up ASAP as pointed out','100');

ALTER TABLE transaction AUTO_INCREMENT = 1;

INSERT INTO transaction (transaction_id,amount,transaction_date,transaction_status_id,user_id,billing_type_id,billing_id) VALUES ('1','166.6323059856267','2023-06-03 17:43:24.255','2','29','1','35');
INSERT INTO transaction (transaction_id,amount,transaction_date,transaction_status_id,user_id,billing_type_id,billing_id) VALUES ('2','152.7966572985654','2023-06-04 08:58:44.406','1','20','2','26');
INSERT INTO transaction (transaction_id,amount,transaction_date,transaction_status_id,user_id,billing_type_id,billing_id) VALUES ('3','142.10696597530503','2023-06-20 16:17:17.156','2','37','1','43');
INSERT INTO transaction (transaction_id,amount,transaction_date,transaction_status_id,user_id,billing_type_id,billing_id) VALUES ('4','114.70121685112842','2023-06-16 13:01:23.316','2','25','1','31');
INSERT INTO transaction (transaction_id,amount,transaction_date,transaction_status_id,user_id,billing_type_id,billing_id) VALUES ('5','26.193174983869543','2023-06-23 17:29:04.596','2','32','1','38');
INSERT INTO transaction (transaction_id,amount,transaction_date,transaction_status_id,user_id,billing_type_id,billing_id) VALUES ('6','192.64313801028155','2023-06-12 06:45:53.967','2','38','1','44');
INSERT INTO transaction (transaction_id,amount,transaction_date,transaction_status_id,user_id,billing_type_id,billing_id) VALUES ('7','179.00275136312825','2023-06-18 21:34:27.499','2','22','1','28');
INSERT INTO transaction (transaction_id,amount,transaction_date,transaction_status_id,user_id,billing_type_id,billing_id) VALUES ('8','38.51874738175502','2023-06-22 23:51:36.83','2','26','1','32');
INSERT INTO transaction (transaction_id,amount,transaction_date,transaction_status_id,user_id,billing_type_id,billing_id) VALUES ('9','110.80479297941854','2023-06-03 05:11:27.214','2','26','1','32');
INSERT INTO transaction (transaction_id,amount,transaction_date,transaction_status_id,user_id,billing_type_id,billing_id) VALUES ('10','83.36704195317976','2023-05-20 20:25:18.86','2','20','2','26');
INSERT INTO transaction (transaction_id,amount,transaction_date,transaction_status_id,user_id,billing_type_id,billing_id) VALUES ('11','77.48265151554018','2023-06-28 13:45:56.816','1','35','1','41');
INSERT INTO transaction (transaction_id,amount,transaction_date,transaction_status_id,user_id,billing_type_id,billing_id) VALUES ('12','39.03830754345225','2023-06-12 14:11:49.878','2','18','2','22');
INSERT INTO transaction (transaction_id,amount,transaction_date,transaction_status_id,user_id,billing_type_id,billing_id) VALUES ('13','36.043754203654416','2023-06-13 00:38:13.588','1','39','1','45');
INSERT INTO transaction (transaction_id,amount,transaction_date,transaction_status_id,user_id,billing_type_id,billing_id) VALUES ('14','165.14512935394276','2023-05-21 23:24:04.7','1','35','1','41');
INSERT INTO transaction (transaction_id,amount,transaction_date,transaction_status_id,user_id,billing_type_id,billing_id) VALUES ('15','123.32499336917752','2023-06-24 19:04:58.463','1','21','1','27');
INSERT INTO transaction (transaction_id,amount,transaction_date,transaction_status_id,user_id,billing_type_id,billing_id) VALUES ('16','77.29727518389448','2023-06-11 07:32:54.478','2','37','1','43');
INSERT INTO transaction (transaction_id,amount,transaction_date,transaction_status_id,user_id,billing_type_id,billing_id) VALUES ('17','56.42619844335774','2023-06-15 01:56:10.563','2','23','1','29');
INSERT INTO transaction (transaction_id,amount,transaction_date,transaction_status_id,user_id,billing_type_id,billing_id) VALUES ('18','179.1115686996724','2023-06-06 09:11:34.626','2','28','1','34');
INSERT INTO transaction (transaction_id,amount,transaction_date,transaction_status_id,user_id,billing_type_id,billing_id) VALUES ('19','31.933078212802286','2023-06-26 17:36:10.633','2','24','1','30');
INSERT INTO transaction (transaction_id,amount,transaction_date,transaction_status_id,user_id,billing_type_id,billing_id) VALUES ('20','44.53334343552729','2023-06-21 21:53:41.806','1','29','1','35');
INSERT INTO transaction (transaction_id,amount,transaction_date,transaction_status_id,user_id,billing_type_id,billing_id) VALUES ('21','17.883816434078852','2023-06-27 23:42:07.024','1','35','1','41');
INSERT INTO transaction (transaction_id,amount,transaction_date,transaction_status_id,user_id,billing_type_id,billing_id) VALUES ('22','166.68829305649186','2023-06-24 04:14:36.771','1','38','1','44');
INSERT INTO transaction (transaction_id,amount,transaction_date,transaction_status_id,user_id,billing_type_id,billing_id) VALUES ('23','24.55368379456459','2023-06-18 20:33:41.65','2','19','2','24');
INSERT INTO transaction (transaction_id,amount,transaction_date,transaction_status_id,user_id,billing_type_id,billing_id) VALUES ('24','149.98000063567304','2023-06-04 01:21:48.135','1','21','1','27');
INSERT INTO transaction (transaction_id,amount,transaction_date,transaction_status_id,user_id,billing_type_id,billing_id) VALUES ('25','74.88446901759409','2023-05-28 00:26:34.485','1','38','1','44');
INSERT INTO transaction (transaction_id,amount,transaction_date,transaction_status_id,user_id,billing_type_id,billing_id) VALUES ('26','161.01202087706588','2023-06-12 20:13:06.049','1','16','2','18');
INSERT INTO transaction (transaction_id,amount,transaction_date,transaction_status_id,user_id,billing_type_id,billing_id) VALUES ('27','68.83086309328874','2023-06-27 04:29:17.914','1','39','1','45');
INSERT INTO transaction (transaction_id,amount,transaction_date,transaction_status_id,user_id,billing_type_id,billing_id) VALUES ('28','119.74965559537034','2023-06-14 00:13:54.91','1','30','1','36');
INSERT INTO transaction (transaction_id,amount,transaction_date,transaction_status_id,user_id,billing_type_id,billing_id) VALUES ('29','88.93150863057538','2023-06-16 13:13:44.108','1','23','1','29');
INSERT INTO transaction (transaction_id,amount,transaction_date,transaction_status_id,user_id,billing_type_id,billing_id) VALUES ('30','168.05829483031118','2023-06-06 00:16:47.838','2','18','2','22');
INSERT INTO transaction (transaction_id,amount,transaction_date,transaction_status_id,user_id,billing_type_id,billing_id) VALUES ('31','109.23849302683583','2023-06-10 22:32:25.367','2','18','2','22');
INSERT INTO transaction (transaction_id,amount,transaction_date,transaction_status_id,user_id,billing_type_id,billing_id) VALUES ('32','67.7432595292141','2023-06-04 14:12:49.504','2','33','1','39');
INSERT INTO transaction (transaction_id,amount,transaction_date,transaction_status_id,user_id,billing_type_id,billing_id) VALUES ('33','121.00761316937853','2023-05-31 23:59:56.002','1','25','1','31');
INSERT INTO transaction (transaction_id,amount,transaction_date,transaction_status_id,user_id,billing_type_id,billing_id) VALUES ('34','85.08097520346557','2023-06-01 22:04:16.461','1','40','1','46');
INSERT INTO transaction (transaction_id,amount,transaction_date,transaction_status_id,user_id,billing_type_id,billing_id) VALUES ('35','40.83580610892493','2023-06-16 15:33:08.794','2','29','1','35');
INSERT INTO transaction (transaction_id,amount,transaction_date,transaction_status_id,user_id,billing_type_id,billing_id) VALUES ('36','196.51920878054094','2023-06-06 22:03:36.795','2','21','1','27');
INSERT INTO transaction (transaction_id,amount,transaction_date,transaction_status_id,user_id,billing_type_id,billing_id) VALUES ('37','123.8456547929062','2023-06-21 19:07:48.62','1','28','1','34');
INSERT INTO transaction (transaction_id,amount,transaction_date,transaction_status_id,user_id,billing_type_id,billing_id) VALUES ('38','45.93882032240137','2023-06-22 02:42:42.151','2','23','1','29');
INSERT INTO transaction (transaction_id,amount,transaction_date,transaction_status_id,user_id,billing_type_id,billing_id) VALUES ('39','140.90822596188332','2023-05-25 08:34:57.394','2','17','2','20');
INSERT INTO transaction (transaction_id,amount,transaction_date,transaction_status_id,user_id,billing_type_id,billing_id) VALUES ('40','164.00100954874733','2023-05-30 10:19:08.586','1','32','1','38');
INSERT INTO transaction (transaction_id,amount,transaction_date,transaction_status_id,user_id,billing_type_id,billing_id) VALUES ('41','139.86116425270322','2023-06-09 21:25:36.345','2','30','1','36');
INSERT INTO transaction (transaction_id,amount,transaction_date,transaction_status_id,user_id,billing_type_id,billing_id) VALUES ('42','10.758522937184075','2023-06-22 07:51:05.215','1','30','1','36');
INSERT INTO transaction (transaction_id,amount,transaction_date,transaction_status_id,user_id,billing_type_id,billing_id) VALUES ('43','44.3919828793794','2023-06-22 22:21:51.194','1','28','1','34');
INSERT INTO transaction (transaction_id,amount,transaction_date,transaction_status_id,user_id,billing_type_id,billing_id) VALUES ('44','86.79373618708176','2023-06-12 14:01:34.808','2','19','2','24');
INSERT INTO transaction (transaction_id,amount,transaction_date,transaction_status_id,user_id,billing_type_id,billing_id) VALUES ('45','152.66296848977825','2023-06-11 13:58:46.958','2','17','2','20');
INSERT INTO transaction (transaction_id,amount,transaction_date,transaction_status_id,user_id,billing_type_id,billing_id) VALUES ('46','176.00558974475862','2023-06-10 13:57:05.198','1','27','1','33');
INSERT INTO transaction (transaction_id,amount,transaction_date,transaction_status_id,user_id,billing_type_id,billing_id) VALUES ('47','171.93195221424259','2023-05-31 06:29:50.574','1','27','1','33');
