USE Project;

ALTER TABLE user AUTO_INCREMENT = 1;

INSERT INTO user (user_id,first_name,last_name,email_address,mobile,password) VALUES ('1','Cheyenne','Raynor','hobert.kris@outlook.com','(218) 872-5500','1e1fda9a69c24837a5ab579319c57810');
INSERT INTO user (user_id,first_name,last_name,email_address,mobile,password) VALUES ('2','Dannie','Hackett','gertrud.rau@outlook.com','(832) 984-7420','1e1fda9a69c24837a5ab579319c57810');
INSERT INTO user (user_id,first_name,last_name,email_address,mobile,password) VALUES ('3','Hugh','Wintheiser','armand.bins@outlook.com','(404) 570-4159 x1645','1e1fda9a69c24837a5ab579319c57810');
INSERT INTO user (user_id,first_name,last_name,email_address,mobile,password) VALUES ('4','Arnold','Pouros','calandra.walter@outlook.com','(908) 484-9333','1e1fda9a69c24837a5ab579319c57810');
INSERT INTO user (user_id,first_name,last_name,email_address,mobile,password) VALUES ('5','Lane','Greenholt','jarod.damore@outlook.com','(316) 510-3658','1e1fda9a69c24837a5ab579319c57810');
INSERT INTO user (user_id,first_name,last_name,email_address,mobile,password) VALUES ('6','Kim','Durgan','nathan.weber@outlook.com','(214) 989-3342 x3310','1e1fda9a69c24837a5ab579319c57810');
INSERT INTO user (user_id,first_name,last_name,email_address,mobile,password) VALUES ('7','Sheena','Cummerata','earle.schinner@outlook.com','(806) 975-4744','1e1fda9a69c24837a5ab579319c57810');
INSERT INTO user (user_id,first_name,last_name,email_address,mobile,password) VALUES ('8','Roni','Terry','haywood.renner@outlook.com','(978) 865-9009 x6787','1e1fda9a69c24837a5ab579319c57810');
INSERT INTO user (user_id,first_name,last_name,email_address,mobile,password) VALUES ('9','Jeannetta','Abshire','alexander.halvorson@outlook.com','(424) 872-1709 x5373','1e1fda9a69c24837a5ab579319c57810');
INSERT INTO user (user_id,first_name,last_name,email_address,mobile,password) VALUES ('10','Corey','Watsica','violet.mcdermott@outlook.com','(440) 423-9498 x1668','1e1fda9a69c24837a5ab579319c57810');
INSERT INTO user (user_id,first_name,last_name,email_address,mobile,password) VALUES ('11','Esteban','Kling','bernita.watsica@outlook.com','(307) 970-6981','1e1fda9a69c24837a5ab579319c57810');
INSERT INTO user (user_id,first_name,last_name,email_address,mobile,password) VALUES ('12','Devona','Jaskolski','danica.hessel@outlook.com','(864) 303-7660 x2481','1e1fda9a69c24837a5ab579319c57810');
INSERT INTO user (user_id,first_name,last_name,email_address,mobile,password) VALUES ('13','Heath','Abernathy','nyla.ward@outlook.com','(757) 216-5846','1e1fda9a69c24837a5ab579319c57810');
INSERT INTO user (user_id,first_name,last_name,email_address,mobile,password) VALUES ('14','Nathan','Green','jonie.cole@outlook.com','(856) 440-1801 x4101','1e1fda9a69c24837a5ab579319c57810');
INSERT INTO user (user_id,first_name,last_name,email_address,mobile,password) VALUES ('15','Asa','Gerlach','florine.harber@outlook.com','(978) 557-3178 x1710','1e1fda9a69c24837a5ab579319c57810');
INSERT INTO user (user_id,first_name,last_name,email_address,mobile,password) VALUES ('16','Bart','Rutherford','sherman.bauch@outlook.com','(316) 563-2461','1e1fda9a69c24837a5ab579319c57810');
INSERT INTO user (user_id,first_name,last_name,email_address,mobile,password) VALUES ('17','Orval','Jones','cherelle.thiel@outlook.com','(740) 682-5747','1e1fda9a69c24837a5ab579319c57810');
INSERT INTO user (user_id,first_name,last_name,email_address,mobile,password) VALUES ('18','Bart','DuBuque','demetrius.beatty@outlook.com','(417) 563-2207','1e1fda9a69c24837a5ab579319c57810');
INSERT INTO user (user_id,first_name,last_name,email_address,mobile,password) VALUES ('19','Leah','Conroy','chana.powlowski@outlook.com','(254) 276-7394','1e1fda9a69c24837a5ab579319c57810');
INSERT INTO user (user_id,first_name,last_name,email_address,mobile,password) VALUES ('20','Bennett','Conn','arnold.murazik@outlook.com','(720) 561-0127 x1076','1e1fda9a69c24837a5ab579319c57810');
INSERT INTO user (user_id,first_name,last_name,email_address,mobile,password) VALUES ('21','Clayton','Mosciski','pearlene.bartoletti@outlook.com','(718) 281-4597','1e1fda9a69c24837a5ab579319c57810');
INSERT INTO user (user_id,first_name,last_name,email_address,mobile,password) VALUES ('22','Inga','Bogisich','venessa.gaylord@outlook.com','(336) 206-9627 x9573','1e1fda9a69c24837a5ab579319c57810');
INSERT INTO user (user_id,first_name,last_name,email_address,mobile,password) VALUES ('23','Stacy','Jones','cathrine.graham@outlook.com','(858) 406-1488','1e1fda9a69c24837a5ab579319c57810');
INSERT INTO user (user_id,first_name,last_name,email_address,mobile,password) VALUES ('24','Mathilda','Lockman','nakita.gleichner@outlook.com','(303) 203-1159 x2722','1e1fda9a69c24837a5ab579319c57810');
INSERT INTO user (user_id,first_name,last_name,email_address,mobile,password) VALUES ('25','Colby','Jacobson','yolanda.mraz@outlook.com','(228) 810-0564 x9952','1e1fda9a69c24837a5ab579319c57810');
INSERT INTO user (user_id,first_name,last_name,email_address,mobile,password) VALUES ('26','Simonne','Gulgowski','melba.reilly@outlook.com','(936) 227-2285 x2464','1e1fda9a69c24837a5ab579319c57810');
INSERT INTO user (user_id,first_name,last_name,email_address,mobile,password) VALUES ('27','Rigoberto','Corwin','eleonor.veum@outlook.com','(641) 847-3060 x1762','1e1fda9a69c24837a5ab579319c57810');
INSERT INTO user (user_id,first_name,last_name,email_address,mobile,password) VALUES ('28','Terisa','Hammes','vern.koepp@outlook.com','(217) 856-6997','1e1fda9a69c24837a5ab579319c57810');
INSERT INTO user (user_id,first_name,last_name,email_address,mobile,password) VALUES ('29','Machelle','Haag','reina.cole@outlook.com','(517) 920-9702 x7807','1e1fda9a69c24837a5ab579319c57810');
INSERT INTO user (user_id,first_name,last_name,email_address,mobile,password) VALUES ('30','Miguel','Will','selena.parisian@outlook.com','(903) 702-3147 x2695','1e1fda9a69c24837a5ab579319c57810');
INSERT INTO user (user_id,first_name,last_name,email_address,mobile,password) VALUES ('31','Pedro','Stoltenberg','kristy.hoeger@outlook.com','(917) 609-9664 x2754','1e1fda9a69c24837a5ab579319c57810');
INSERT INTO user (user_id,first_name,last_name,email_address,mobile,password) VALUES ('32','Morris','Dare','angelic.bahringer@outlook.com','(269) 724-0283','1e1fda9a69c24837a5ab579319c57810');
INSERT INTO user (user_id,first_name,last_name,email_address,mobile,password) VALUES ('33','Titus','Rohan','karly.kulas@outlook.com','(619) 907-6775','1e1fda9a69c24837a5ab579319c57810');
INSERT INTO user (user_id,first_name,last_name,email_address,mobile,password) VALUES ('34','Katheryn','Corkery','blondell.conroy@outlook.com','(714) 228-6593 x9279','1e1fda9a69c24837a5ab579319c57810');
INSERT INTO user (user_id,first_name,last_name,email_address,mobile,password) VALUES ('35','Sharlene','Hammes','katlyn.considine@outlook.com','(978) 563-3432','1e1fda9a69c24837a5ab579319c57810');
INSERT INTO user (user_id,first_name,last_name,email_address,mobile,password) VALUES ('36','Ute','Wolf','kiesha.gottlieb@outlook.com','(408) 702-6206','1e1fda9a69c24837a5ab579319c57810');
INSERT INTO user (user_id,first_name,last_name,email_address,mobile,password) VALUES ('37','Aaron','Durgan','eusebio.boyle@outlook.com','(612) 678-5286 x5054','1e1fda9a69c24837a5ab579319c57810');
INSERT INTO user (user_id,first_name,last_name,email_address,mobile,password) VALUES ('38','Brady','OKeefe','dylan.rutherford@outlook.com','(608) 512-4107','1e1fda9a69c24837a5ab579319c57810');
INSERT INTO user (user_id,first_name,last_name,email_address,mobile,password) VALUES ('39','Dewayne','Kuhn','luisa.runolfsdottir@outlook.com','(317) 434-6576','1e1fda9a69c24837a5ab579319c57810');
INSERT INTO user (user_id,first_name,last_name,email_address,mobile,password) VALUES ('40','Sandi','Bailey','yevette.rippin@outlook.com','(302) 818-5954 x0412','1e1fda9a69c24837a5ab579319c57810');

ALTER TABLE user_question AUTO_INCREMENT = 1;

INSERT INTO user_question (user_question_id,user_id,security_question_id,answer) VALUES ('1','1','1','Tom Katz');
INSERT INTO user_question (user_question_id,user_id,security_question_id,answer) VALUES ('2','1','2','Candy Barr');
INSERT INTO user_question (user_question_id,user_id,security_question_id,answer) VALUES ('3','1','3','Bill Board');
INSERT INTO user_question (user_question_id,user_id,security_question_id,answer) VALUES ('8','2','4','Harrison Fire');
INSERT INTO user_question (user_question_id,user_id,security_question_id,answer) VALUES ('9','2','1','Hy Price');
INSERT INTO user_question (user_question_id,user_id,security_question_id,answer) VALUES ('10','2','2','Harry R. M. Pitts');
INSERT INTO user_question (user_question_id,user_id,security_question_id,answer) VALUES ('14','3','3','Stan Dup');
INSERT INTO user_question (user_question_id,user_id,security_question_id,answer) VALUES ('15','3','4','Chris Cross');
INSERT INTO user_question (user_question_id,user_id,security_question_id,answer) VALUES ('16','3','1','Lucy Fer');
INSERT INTO user_question (user_question_id,user_id,security_question_id,answer) VALUES ('19','4','2','Marlon Fisher');
INSERT INTO user_question (user_question_id,user_id,security_question_id,answer) VALUES ('20','4','3','Winnie Bago');
INSERT INTO user_question (user_question_id,user_id,security_question_id,answer) VALUES ('21','4','4','Ilene East');
INSERT INTO user_question (user_question_id,user_id,security_question_id,answer) VALUES ('24','5','1','Penny Bunn');
INSERT INTO user_question (user_question_id,user_id,security_question_id,answer) VALUES ('25','5','2','Mary Thonn');
INSERT INTO user_question (user_question_id,user_id,security_question_id,answer) VALUES ('26','5','3','Hy Ball');
INSERT INTO user_question (user_question_id,user_id,security_question_id,answer) VALUES ('29','6','4','Vlad Tire');
INSERT INTO user_question (user_question_id,user_id,security_question_id,answer) VALUES ('30','6','1','Ima Hogg');
INSERT INTO user_question (user_question_id,user_id,security_question_id,answer) VALUES ('31','6','2','Manny Kinn');
INSERT INTO user_question (user_question_id,user_id,security_question_id,answer) VALUES ('33','7','3','Joy Rider');
INSERT INTO user_question (user_question_id,user_id,security_question_id,answer) VALUES ('34','7','4','Drew Blood');
INSERT INTO user_question (user_question_id,user_id,security_question_id,answer) VALUES ('35','7','1','Biff Wellington');
INSERT INTO user_question (user_question_id,user_id,security_question_id,answer) VALUES ('37','8','2','Dusty Storm');
INSERT INTO user_question (user_question_id,user_id,security_question_id,answer) VALUES ('38','8','3','Homan Provement');
INSERT INTO user_question (user_question_id,user_id,security_question_id,answer) VALUES ('39','8','4','Mel Loewe');
INSERT INTO user_question (user_question_id,user_id,security_question_id,answer) VALUES ('43','9','1','Eve OLution');
INSERT INTO user_question (user_question_id,user_id,security_question_id,answer) VALUES ('44','9','2','Bill Lowney');
INSERT INTO user_question (user_question_id,user_id,security_question_id,answer) VALUES ('45','9','3','Theresa Brown');
INSERT INTO user_question (user_question_id,user_id,security_question_id,answer) VALUES ('50','10','4','Rod N. Reel');
INSERT INTO user_question (user_question_id,user_id,security_question_id,answer) VALUES ('51','10','1','Polly Dent');
INSERT INTO user_question (user_question_id,user_id,security_question_id,answer) VALUES ('52','10','2','Jed I. Knight');
INSERT INTO user_question (user_question_id,user_id,security_question_id,answer) VALUES ('57','11','3','Aretha Holly');
INSERT INTO user_question (user_question_id,user_id,security_question_id,answer) VALUES ('58','11','4','Braxton Hicks');
INSERT INTO user_question (user_question_id,user_id,security_question_id,answer) VALUES ('59','11','1','Jim Nasium');
INSERT INTO user_question (user_question_id,user_id,security_question_id,answer) VALUES ('61','12','2','Perry Mecium');
INSERT INTO user_question (user_question_id,user_id,security_question_id,answer) VALUES ('62','12','3','Diane Toluvia');
INSERT INTO user_question (user_question_id,user_id,security_question_id,answer) VALUES ('63','12','4','Anne T. Lope');
INSERT INTO user_question (user_question_id,user_id,security_question_id,answer) VALUES ('66','13','1','Annette Curtain');
INSERT INTO user_question (user_question_id,user_id,security_question_id,answer) VALUES ('67','13','2','Juan Fortharoad');
INSERT INTO user_question (user_question_id,user_id,security_question_id,answer) VALUES ('68','13','3','Michelle Lynn');
INSERT INTO user_question (user_question_id,user_id,security_question_id,answer) VALUES ('73','14','4','Dale E. Bread');
INSERT INTO user_question (user_question_id,user_id,security_question_id,answer) VALUES ('74','14','1','Candace Spencer');
INSERT INTO user_question (user_question_id,user_id,security_question_id,answer) VALUES ('75','14','2','Olive Hoyl');
INSERT INTO user_question (user_question_id,user_id,security_question_id,answer) VALUES ('77','15','3','Neve Adda');
INSERT INTO user_question (user_question_id,user_id,security_question_id,answer) VALUES ('78','15','4','Warren T.');
INSERT INTO user_question (user_question_id,user_id,security_question_id,answer) VALUES ('79','15','1','Lynn O. Liam');
INSERT INTO user_question (user_question_id,user_id,security_question_id,answer) VALUES ('84','16','2','Jaqueline Hyde');
INSERT INTO user_question (user_question_id,user_id,security_question_id,answer) VALUES ('85','16','3','Brighton Early');
INSERT INTO user_question (user_question_id,user_id,security_question_id,answer) VALUES ('86','16','4','Aretha Holly');
INSERT INTO user_question (user_question_id,user_id,security_question_id,answer) VALUES ('90','17','1','Carrie Oakey');
INSERT INTO user_question (user_question_id,user_id,security_question_id,answer) VALUES ('91','17','2','Cheri Pitts');
INSERT INTO user_question (user_question_id,user_id,security_question_id,answer) VALUES ('92','17','3','Jim Shorts');
INSERT INTO user_question (user_question_id,user_id,security_question_id,answer) VALUES ('95','18','4','Barb Dwyer');
INSERT INTO user_question (user_question_id,user_id,security_question_id,answer) VALUES ('96','18','1','Rusty Steele');
INSERT INTO user_question (user_question_id,user_id,security_question_id,answer) VALUES ('97','18','2','Hy Ball');
INSERT INTO user_question (user_question_id,user_id,security_question_id,answer) VALUES ('102','19','3','Hal E. Luya');
INSERT INTO user_question (user_question_id,user_id,security_question_id,answer) VALUES ('103','19','4','Stew Ng');
INSERT INTO user_question (user_question_id,user_id,security_question_id,answer) VALUES ('104','19','1','Jed I. Knight');
INSERT INTO user_question (user_question_id,user_id,security_question_id,answer) VALUES ('108','20','2','Kenney C. Strait');
INSERT INTO user_question (user_question_id,user_id,security_question_id,answer) VALUES ('109','20','3','Fletcher Bisceps');
INSERT INTO user_question (user_question_id,user_id,security_question_id,answer) VALUES ('110','20','4','Juan De Hattatime');
INSERT INTO user_question (user_question_id,user_id,security_question_id,answer) VALUES ('113','21','1','Russell Sprout');
INSERT INTO user_question (user_question_id,user_id,security_question_id,answer) VALUES ('114','21','2','Braxton Hicks');
INSERT INTO user_question (user_question_id,user_id,security_question_id,answer) VALUES ('115','21','3','I. Pullem');
INSERT INTO user_question (user_question_id,user_id,security_question_id,answer) VALUES ('116','22','4','Dee Sember');
INSERT INTO user_question (user_question_id,user_id,security_question_id,answer) VALUES ('117','22','1','U. O. Money');
INSERT INTO user_question (user_question_id,user_id,security_question_id,answer) VALUES ('118','22','2','Rusty Fossat');
INSERT INTO user_question (user_question_id,user_id,security_question_id,answer) VALUES ('119','23','3','Perry Mecium');
INSERT INTO user_question (user_question_id,user_id,security_question_id,answer) VALUES ('120','23','4','Robin Banks');
INSERT INTO user_question (user_question_id,user_id,security_question_id,answer) VALUES ('121','23','1','Al Fresco');
INSERT INTO user_question (user_question_id,user_id,security_question_id,answer) VALUES ('122','24','2','Anna Mull');
INSERT INTO user_question (user_question_id,user_id,security_question_id,answer) VALUES ('123','24','3','Molly Kuehl');
INSERT INTO user_question (user_question_id,user_id,security_question_id,answer) VALUES ('124','24','4','Eddie Bull');
INSERT INTO user_question (user_question_id,user_id,security_question_id,answer) VALUES ('125','25','1','Fletcher Bisceps');
INSERT INTO user_question (user_question_id,user_id,security_question_id,answer) VALUES ('126','25','2','Douglas S. Halfempty');
INSERT INTO user_question (user_question_id,user_id,security_question_id,answer) VALUES ('127','25','3','Tyrone Shoes');
INSERT INTO user_question (user_question_id,user_id,security_question_id,answer) VALUES ('128','26','4','Andy Friese');
INSERT INTO user_question (user_question_id,user_id,security_question_id,answer) VALUES ('129','26','1','Theresa Green');
INSERT INTO user_question (user_question_id,user_id,security_question_id,answer) VALUES ('130','26','2','Xavier Breath');
INSERT INTO user_question (user_question_id,user_id,security_question_id,answer) VALUES ('131','27','3','Rhoda Booke');
INSERT INTO user_question (user_question_id,user_id,security_question_id,answer) VALUES ('132','27','4','Rocky Shore');
INSERT INTO user_question (user_question_id,user_id,security_question_id,answer) VALUES ('133','27','1','Amanda Lynn');
INSERT INTO user_question (user_question_id,user_id,security_question_id,answer) VALUES ('134','28','2','Heather N. Yonn');
INSERT INTO user_question (user_question_id,user_id,security_question_id,answer) VALUES ('135','28','3','Matt Tress');
INSERT INTO user_question (user_question_id,user_id,security_question_id,answer) VALUES ('136','28','4','Les Plack');
INSERT INTO user_question (user_question_id,user_id,security_question_id,answer) VALUES ('137','29','1','Herbie Voor');
INSERT INTO user_question (user_question_id,user_id,security_question_id,answer) VALUES ('138','29','2','Patton Down DeHatches');
INSERT INTO user_question (user_question_id,user_id,security_question_id,answer) VALUES ('139','29','3','Joy Rider');
INSERT INTO user_question (user_question_id,user_id,security_question_id,answer) VALUES ('140','30','4','Gus Tofwin');
INSERT INTO user_question (user_question_id,user_id,security_question_id,answer) VALUES ('141','30','1','Ty Malone');
INSERT INTO user_question (user_question_id,user_id,security_question_id,answer) VALUES ('142','30','2','Stan Still');
INSERT INTO user_question (user_question_id,user_id,security_question_id,answer) VALUES ('143','31','3','Phil Rupp');
INSERT INTO user_question (user_question_id,user_id,security_question_id,answer) VALUES ('144','31','4','Brandy Bottle');
INSERT INTO user_question (user_question_id,user_id,security_question_id,answer) VALUES ('145','31','1','Cal Efornia');
INSERT INTO user_question (user_question_id,user_id,security_question_id,answer) VALUES ('146','32','2','Claire DeAir');
INSERT INTO user_question (user_question_id,user_id,security_question_id,answer) VALUES ('147','32','3','Faye Slift');
INSERT INTO user_question (user_question_id,user_id,security_question_id,answer) VALUES ('148','32','4','Doll R. Bill');
INSERT INTO user_question (user_question_id,user_id,security_question_id,answer) VALUES ('149','33','1','Dee Major');
INSERT INTO user_question (user_question_id,user_id,security_question_id,answer) VALUES ('150','33','2','Ewan Whatarmy');
INSERT INTO user_question (user_question_id,user_id,security_question_id,answer) VALUES ('151','33','3','Ann Tartica');
INSERT INTO user_question (user_question_id,user_id,security_question_id,answer) VALUES ('152','34','4','Brice Tagg');
INSERT INTO user_question (user_question_id,user_id,security_question_id,answer) VALUES ('153','34','1','Ed Venture');
INSERT INTO user_question (user_question_id,user_id,security_question_id,answer) VALUES ('154','34','2','Art Exhibit');
INSERT INTO user_question (user_question_id,user_id,security_question_id,answer) VALUES ('155','35','3','Kay Neine');
INSERT INTO user_question (user_question_id,user_id,security_question_id,answer) VALUES ('156','35','4','Homan Provement');
INSERT INTO user_question (user_question_id,user_id,security_question_id,answer) VALUES ('157','35','1','Misty C. Shore');
INSERT INTO user_question (user_question_id,user_id,security_question_id,answer) VALUES ('158','36','2','George Washington Sleptier');
INSERT INTO user_question (user_question_id,user_id,security_question_id,answer) VALUES ('159','36','3','Dee Kay');
INSERT INTO user_question (user_question_id,user_id,security_question_id,answer) VALUES ('160','36','4','Hugh deMann');
INSERT INTO user_question (user_question_id,user_id,security_question_id,answer) VALUES ('161','37','1','Cy Kosis');
INSERT INTO user_question (user_question_id,user_id,security_question_id,answer) VALUES ('162','37','2','Eddie Bull');
INSERT INTO user_question (user_question_id,user_id,security_question_id,answer) VALUES ('163','37','3','Marco DeStinkshun');
INSERT INTO user_question (user_question_id,user_id,security_question_id,answer) VALUES ('164','38','4','Izzy Backyet');
INSERT INTO user_question (user_question_id,user_id,security_question_id,answer) VALUES ('165','38','1','Jed Dye');
INSERT INTO user_question (user_question_id,user_id,security_question_id,answer) VALUES ('166','38','2','Neve Adda');
INSERT INTO user_question (user_question_id,user_id,security_question_id,answer) VALUES ('167','39','3','Mary A. Richman');
INSERT INTO user_question (user_question_id,user_id,security_question_id,answer) VALUES ('168','39','4','Sal Sage');
INSERT INTO user_question (user_question_id,user_id,security_question_id,answer) VALUES ('169','39','1','Rhea Curran');
INSERT INTO user_question (user_question_id,user_id,security_question_id,answer) VALUES ('170','40','2','Dee Major');
INSERT INTO user_question (user_question_id,user_id,security_question_id,answer) VALUES ('171','40','3','Rusty Fossat');
INSERT INTO user_question (user_question_id,user_id,security_question_id,answer) VALUES ('172','40','4','M. Balmer');

ALTER TABLE authorisation AUTO_INCREMENT = 1;

INSERT INTO authorisation (authorisation_id,user_id,refresh_token,number_of_uses,invalidated) VALUES ('1','1','fd56c823-fe5b-4b57-a1be-ca589719d0a9','0','Y');
INSERT INTO authorisation (authorisation_id,user_id,refresh_token,number_of_uses,invalidated) VALUES ('2','1','25c7c539-679b-47c0-8875-83d4f3d578f6','4','N');
INSERT INTO authorisation (authorisation_id,user_id,refresh_token,number_of_uses,invalidated) VALUES ('3','2','989b12e7-9f0a-4b0e-aa02-6347117e106e','5','Y');
INSERT INTO authorisation (authorisation_id,user_id,refresh_token,number_of_uses,invalidated) VALUES ('4','2','e1f3228f-bba8-440d-a8f8-0341b4019802','3','Y');
INSERT INTO authorisation (authorisation_id,user_id,refresh_token,number_of_uses,invalidated) VALUES ('5','2','8ea5b508-6898-441e-85b9-afa2714368d8','5','N');
INSERT INTO authorisation (authorisation_id,user_id,refresh_token,number_of_uses,invalidated) VALUES ('6','3','d5ebfef0-91aa-478f-bbc2-7057ba20ac24','1','N');
INSERT INTO authorisation (authorisation_id,user_id,refresh_token,number_of_uses,invalidated) VALUES ('7','4','7500dabb-c3b7-4afd-a0ae-59c3b1cddeed','0','Y');
INSERT INTO authorisation (authorisation_id,user_id,refresh_token,number_of_uses,invalidated) VALUES ('8','5','3d0f779d-108d-4b6d-81f3-05258e2cb22a','5','Y');
INSERT INTO authorisation (authorisation_id,user_id,refresh_token,number_of_uses,invalidated) VALUES ('9','5','3a40b612-2fdf-49a4-801e-27682fba9e8b','2','N');
INSERT INTO authorisation (authorisation_id,user_id,refresh_token,number_of_uses,invalidated) VALUES ('10','6','12756be2-d45e-423b-b99b-0fee4f59e710','0','Y');
INSERT INTO authorisation (authorisation_id,user_id,refresh_token,number_of_uses,invalidated) VALUES ('11','6','ca3448ab-1774-43f5-a0fd-9cc684e7f62a','2','Y');
INSERT INTO authorisation (authorisation_id,user_id,refresh_token,number_of_uses,invalidated) VALUES ('12','6','9cc46a8b-b28e-4701-a36f-0a3c5c2d8360','4','N');
INSERT INTO authorisation (authorisation_id,user_id,refresh_token,number_of_uses,invalidated) VALUES ('13','7','d9ce91e3-bd72-4269-bfec-21db2a43038f','1','Y');
INSERT INTO authorisation (authorisation_id,user_id,refresh_token,number_of_uses,invalidated) VALUES ('14','7','77bfa3e5-2cac-4562-bac6-fb9c76274e7a','4','Y');
INSERT INTO authorisation (authorisation_id,user_id,refresh_token,number_of_uses,invalidated) VALUES ('15','7','c35014a0-4ea2-4968-a880-b8e1774e9429','2','Y');
INSERT INTO authorisation (authorisation_id,user_id,refresh_token,number_of_uses,invalidated) VALUES ('16','7','3ed648f3-b137-4e9c-96e2-913a79fd0f77','2','N');
INSERT INTO authorisation (authorisation_id,user_id,refresh_token,number_of_uses,invalidated) VALUES ('17','8','bdd570fe-af96-418a-9af7-5809f4c7a33f','1','Y');
INSERT INTO authorisation (authorisation_id,user_id,refresh_token,number_of_uses,invalidated) VALUES ('18','8','26fd2b9c-9c83-4bb2-b493-20edad2c95d1','3','N');
INSERT INTO authorisation (authorisation_id,user_id,refresh_token,number_of_uses,invalidated) VALUES ('19','9','4aa28776-3dd7-4e6f-9faa-b54f643f495a','4','Y');
INSERT INTO authorisation (authorisation_id,user_id,refresh_token,number_of_uses,invalidated) VALUES ('20','9','1753de45-ea4c-45d5-a221-4d03a136cd16','3','Y');
INSERT INTO authorisation (authorisation_id,user_id,refresh_token,number_of_uses,invalidated) VALUES ('21','9','849b263a-8318-43d8-8aa6-c4c5d039da71','3','Y');
INSERT INTO authorisation (authorisation_id,user_id,refresh_token,number_of_uses,invalidated) VALUES ('22','9','61adea31-f4f1-41a0-a97d-135204c11b0a','3','N');
INSERT INTO authorisation (authorisation_id,user_id,refresh_token,number_of_uses,invalidated) VALUES ('23','10','2ce1ddcb-b15d-4142-9b64-2101a09c9cfd','0','Y');
INSERT INTO authorisation (authorisation_id,user_id,refresh_token,number_of_uses,invalidated) VALUES ('24','10','387baf1a-1368-4612-867b-4d8ac1d4d093','1','Y');
INSERT INTO authorisation (authorisation_id,user_id,refresh_token,number_of_uses,invalidated) VALUES ('25','10','52b534f1-d1b9-4c96-a6c2-c8a1c70d3dab','4','Y');
INSERT INTO authorisation (authorisation_id,user_id,refresh_token,number_of_uses,invalidated) VALUES ('26','10','63929e3c-8287-45e4-bc30-8331849339c8','4','N');
INSERT INTO authorisation (authorisation_id,user_id,refresh_token,number_of_uses,invalidated) VALUES ('27','11','d0abc4f1-51e7-4638-b3ac-8dd5d9b1cd1f','5','Y');
INSERT INTO authorisation (authorisation_id,user_id,refresh_token,number_of_uses,invalidated) VALUES ('28','11','1b64ea0c-119d-494f-b6b8-dc6784b91eaf','3','N');
INSERT INTO authorisation (authorisation_id,user_id,refresh_token,number_of_uses,invalidated) VALUES ('29','12','e759bb84-ed75-4a10-9c46-3032a348369e','1','N');
INSERT INTO authorisation (authorisation_id,user_id,refresh_token,number_of_uses,invalidated) VALUES ('30','13','8a3520af-7dbb-4497-86fc-f39d59468b77','3','Y');
INSERT INTO authorisation (authorisation_id,user_id,refresh_token,number_of_uses,invalidated) VALUES ('31','13','cc30f86a-35f6-47b9-b747-d6070e03e5b1','0','Y');
INSERT INTO authorisation (authorisation_id,user_id,refresh_token,number_of_uses,invalidated) VALUES ('32','13','f8781dd0-acec-4307-9e86-c8ad2ad3b310','1','N');
INSERT INTO authorisation (authorisation_id,user_id,refresh_token,number_of_uses,invalidated) VALUES ('33','14','42e579d2-1513-412c-ad6d-999f3de70698','2','Y');
INSERT INTO authorisation (authorisation_id,user_id,refresh_token,number_of_uses,invalidated) VALUES ('34','14','436335fb-89bc-4271-a36e-68f7f00f9f89','0','Y');
INSERT INTO authorisation (authorisation_id,user_id,refresh_token,number_of_uses,invalidated) VALUES ('35','14','39a2cefc-d9c3-422b-9489-e916eedc1d75','0','Y');
INSERT INTO authorisation (authorisation_id,user_id,refresh_token,number_of_uses,invalidated) VALUES ('36','14','2d32e245-3142-479f-80a8-8ae0ca65c55c','3','N');
INSERT INTO authorisation (authorisation_id,user_id,refresh_token,number_of_uses,invalidated) VALUES ('37','15','39ed3448-a362-4081-973e-12a12265f724','4','N');
INSERT INTO authorisation (authorisation_id,user_id,refresh_token,number_of_uses,invalidated) VALUES ('38','16','9b87ae2d-d8d3-44b7-bbf9-6ad155c1d2ea','1','Y');
INSERT INTO authorisation (authorisation_id,user_id,refresh_token,number_of_uses,invalidated) VALUES ('39','16','9528e6d1-039a-4468-a9b8-a28abb577eac','4','Y');
INSERT INTO authorisation (authorisation_id,user_id,refresh_token,number_of_uses,invalidated) VALUES ('40','16','1a272fdb-3fe6-4ab2-bb94-88befe6bbaa5','2','Y');
INSERT INTO authorisation (authorisation_id,user_id,refresh_token,number_of_uses,invalidated) VALUES ('41','16','895b0ab0-5cad-461d-b401-d0c7696621d4','2','N');
INSERT INTO authorisation (authorisation_id,user_id,refresh_token,number_of_uses,invalidated) VALUES ('42','17','08469e53-ec31-4ebc-959b-ccffbbc8d59d','3','Y');
INSERT INTO authorisation (authorisation_id,user_id,refresh_token,number_of_uses,invalidated) VALUES ('43','17','d97b1fa5-3c37-4051-b035-9daab0783f92','3','N');
INSERT INTO authorisation (authorisation_id,user_id,refresh_token,number_of_uses,invalidated) VALUES ('44','18','d10fb52b-a01b-46c4-953c-0920900c779c','5','Y');
INSERT INTO authorisation (authorisation_id,user_id,refresh_token,number_of_uses,invalidated) VALUES ('45','18','c3a77336-b12b-4814-b02f-a6012409420e','4','Y');
INSERT INTO authorisation (authorisation_id,user_id,refresh_token,number_of_uses,invalidated) VALUES ('46','18','5aede2ab-7db5-4338-abea-ca7139225022','4','Y');
INSERT INTO authorisation (authorisation_id,user_id,refresh_token,number_of_uses,invalidated) VALUES ('47','18','52f88343-0718-4b41-8bae-779231c42fd2','4','N');
INSERT INTO authorisation (authorisation_id,user_id,refresh_token,number_of_uses,invalidated) VALUES ('48','19','9876df6f-7b39-4d02-b6a4-267a43459b91','1','Y');
INSERT INTO authorisation (authorisation_id,user_id,refresh_token,number_of_uses,invalidated) VALUES ('49','19','35670cee-edcb-4965-9303-4bbd370f76f1','2','Y');
INSERT INTO authorisation (authorisation_id,user_id,refresh_token,number_of_uses,invalidated) VALUES ('50','19','99da57c2-c72d-4a8f-afcd-46606556a4c2','0','Y');
INSERT INTO authorisation (authorisation_id,user_id,refresh_token,number_of_uses,invalidated) VALUES ('51','20','0ddd899b-68d0-45b3-b112-f75231e62f79','5','Y');
INSERT INTO authorisation (authorisation_id,user_id,refresh_token,number_of_uses,invalidated) VALUES ('52','20','3fc57908-7043-4f32-9547-67b2ab278269','1','Y');
INSERT INTO authorisation (authorisation_id,user_id,refresh_token,number_of_uses,invalidated) VALUES ('53','20','8ee0afbd-844d-4206-93ff-a89d40640760','0','Y');
INSERT INTO authorisation (authorisation_id,user_id,refresh_token,number_of_uses,invalidated) VALUES ('54','20','544e91b4-19cb-4399-be5b-9565a51c7519','1','N');
INSERT INTO authorisation (authorisation_id,user_id,refresh_token,number_of_uses,invalidated) VALUES ('55','21','7e8dcbf9-99da-4387-bd70-82777bcf2bab','0','Y');
INSERT INTO authorisation (authorisation_id,user_id,refresh_token,number_of_uses,invalidated) VALUES ('56','21','26dc226b-89c7-4238-8b39-1eb3c0f49b9b','3','Y');
INSERT INTO authorisation (authorisation_id,user_id,refresh_token,number_of_uses,invalidated) VALUES ('57','21','08a87f2c-41ba-44f4-9e26-48fea90c505e','5','Y');
INSERT INTO authorisation (authorisation_id,user_id,refresh_token,number_of_uses,invalidated) VALUES ('58','21','d736780b-af1d-49e3-a00c-6d2ccfbc59e6','5','N');
INSERT INTO authorisation (authorisation_id,user_id,refresh_token,number_of_uses,invalidated) VALUES ('59','22','08a984bf-9c16-4394-94b7-fe2f1afbae7e','0','Y');
INSERT INTO authorisation (authorisation_id,user_id,refresh_token,number_of_uses,invalidated) VALUES ('60','22','9244116a-430f-41d1-9da3-93ae696cf3b2','3','Y');
INSERT INTO authorisation (authorisation_id,user_id,refresh_token,number_of_uses,invalidated) VALUES ('61','22','6f6d2f8c-5c99-4ff3-9f0b-669280db1be3','0','Y');
INSERT INTO authorisation (authorisation_id,user_id,refresh_token,number_of_uses,invalidated) VALUES ('62','22','b74471c0-cc02-4a18-9151-4fd50add62fa','4','N');
INSERT INTO authorisation (authorisation_id,user_id,refresh_token,number_of_uses,invalidated) VALUES ('63','23','011777ce-dae6-43c6-916a-d804c5cd61b3','1','Y');
INSERT INTO authorisation (authorisation_id,user_id,refresh_token,number_of_uses,invalidated) VALUES ('64','23','861e3209-e13b-4aee-8274-259bb60337a7','4','N');
INSERT INTO authorisation (authorisation_id,user_id,refresh_token,number_of_uses,invalidated) VALUES ('65','24','b4a8a2a5-0aa7-466d-9268-8b2adfc0b618','3','N');
INSERT INTO authorisation (authorisation_id,user_id,refresh_token,number_of_uses,invalidated) VALUES ('66','25','d46b869c-cfa9-4421-a93e-5c80eb47d390','0','Y');
INSERT INTO authorisation (authorisation_id,user_id,refresh_token,number_of_uses,invalidated) VALUES ('67','25','928e91b5-efb0-40b1-80f4-7d3b70e15001','3','Y');
INSERT INTO authorisation (authorisation_id,user_id,refresh_token,number_of_uses,invalidated) VALUES ('68','25','bd52d5e8-ac09-49c8-a112-7abc1e4d63e3','3','Y');
INSERT INTO authorisation (authorisation_id,user_id,refresh_token,number_of_uses,invalidated) VALUES ('69','25','e2ec75dd-8651-4d87-b09f-534945b8b5be','3','N');
INSERT INTO authorisation (authorisation_id,user_id,refresh_token,number_of_uses,invalidated) VALUES ('70','26','0b0e3ad7-b1b1-4a56-acd7-af508bdae1ba','2','N');
INSERT INTO authorisation (authorisation_id,user_id,refresh_token,number_of_uses,invalidated) VALUES ('71','27','b82602ea-0a44-4a35-aed0-5795d8f5057d','3','Y');
INSERT INTO authorisation (authorisation_id,user_id,refresh_token,number_of_uses,invalidated) VALUES ('72','27','d7d35f07-18cd-4871-a44b-d753a81a6a83','5','Y');
INSERT INTO authorisation (authorisation_id,user_id,refresh_token,number_of_uses,invalidated) VALUES ('73','27','9d2ea5f4-01c2-4d1b-869d-d5d86b0c7808','4','N');
INSERT INTO authorisation (authorisation_id,user_id,refresh_token,number_of_uses,invalidated) VALUES ('74','28','209654d6-3905-4021-ab88-4417c06fcdd1','3','Y');
INSERT INTO authorisation (authorisation_id,user_id,refresh_token,number_of_uses,invalidated) VALUES ('75','28','d02f83f6-3d62-47e3-b246-5ee3a8cf3548','2','Y');
INSERT INTO authorisation (authorisation_id,user_id,refresh_token,number_of_uses,invalidated) VALUES ('76','28','1465a219-dff3-4959-a0cc-4b098422b4d8','3','Y');
INSERT INTO authorisation (authorisation_id,user_id,refresh_token,number_of_uses,invalidated) VALUES ('77','28','14edf348-674d-4d00-baa9-1c66901a58aa','3','N');
INSERT INTO authorisation (authorisation_id,user_id,refresh_token,number_of_uses,invalidated) VALUES ('78','29','a55df412-bf04-4dd0-84f1-d132966f7d78','4','N');
INSERT INTO authorisation (authorisation_id,user_id,refresh_token,number_of_uses,invalidated) VALUES ('79','30','f0dbb5ea-f847-443d-97da-3132d6166b3c','3','Y');
INSERT INTO authorisation (authorisation_id,user_id,refresh_token,number_of_uses,invalidated) VALUES ('80','30','1cad32b4-e238-4523-b371-582ff5525860','4','Y');
INSERT INTO authorisation (authorisation_id,user_id,refresh_token,number_of_uses,invalidated) VALUES ('81','30','e53bfbf9-d63f-4c3c-80bc-5a664f73aa43','3','N');
INSERT INTO authorisation (authorisation_id,user_id,refresh_token,number_of_uses,invalidated) VALUES ('82','31','cf3b14ad-b1f9-4e89-a1a6-1dd3fd01d76b','5','N');
INSERT INTO authorisation (authorisation_id,user_id,refresh_token,number_of_uses,invalidated) VALUES ('83','32','eb5b6bec-df6d-4602-beed-55c27308c01c','2','N');
INSERT INTO authorisation (authorisation_id,user_id,refresh_token,number_of_uses,invalidated) VALUES ('84','33','4bd42637-0e60-4668-8dcb-9ea2cd53220f','3','Y');
INSERT INTO authorisation (authorisation_id,user_id,refresh_token,number_of_uses,invalidated) VALUES ('85','33','3bc22ad6-6980-410e-b209-4c8eb6021667','0','Y');
INSERT INTO authorisation (authorisation_id,user_id,refresh_token,number_of_uses,invalidated) VALUES ('86','33','a65fdd17-5578-4038-819a-7ca8e1568ea3','4','Y');
INSERT INTO authorisation (authorisation_id,user_id,refresh_token,number_of_uses,invalidated) VALUES ('87','33','50312761-39bc-4994-ac6f-5889751216cc','5','N');
INSERT INTO authorisation (authorisation_id,user_id,refresh_token,number_of_uses,invalidated) VALUES ('88','34','10b2e49a-8d2b-415f-a00a-7cd58d5da600','5','N');
INSERT INTO authorisation (authorisation_id,user_id,refresh_token,number_of_uses,invalidated) VALUES ('89','35','785e2a12-f74b-45f8-87a9-5af4f4f3c92e','0','Y');
INSERT INTO authorisation (authorisation_id,user_id,refresh_token,number_of_uses,invalidated) VALUES ('90','36','5084f694-664b-42f4-b681-8decf7a4c2fc','1','Y');
INSERT INTO authorisation (authorisation_id,user_id,refresh_token,number_of_uses,invalidated) VALUES ('91','36','56c3b819-2b7e-404c-880e-17bb53411e24','1','N');
INSERT INTO authorisation (authorisation_id,user_id,refresh_token,number_of_uses,invalidated) VALUES ('92','37','fccb270b-9896-4881-a635-0bcdf32e3128','2','N');
INSERT INTO authorisation (authorisation_id,user_id,refresh_token,number_of_uses,invalidated) VALUES ('93','38','bd00deaf-e324-4ce0-b730-44a9c0481b9d','1','Y');
INSERT INTO authorisation (authorisation_id,user_id,refresh_token,number_of_uses,invalidated) VALUES ('94','38','0d024e96-c9c5-44bd-8e68-845a24961ca0','3','Y');
INSERT INTO authorisation (authorisation_id,user_id,refresh_token,number_of_uses,invalidated) VALUES ('95','38','6f7c38dd-ac1c-475a-bee1-b1419e077382','5','N');
INSERT INTO authorisation (authorisation_id,user_id,refresh_token,number_of_uses,invalidated) VALUES ('96','39','90b9df92-79d1-43b1-bd96-3c710c59c86e','1','Y');
INSERT INTO authorisation (authorisation_id,user_id,refresh_token,number_of_uses,invalidated) VALUES ('97','39','0cc62822-27e1-460f-878e-cbd28a57320e','3','N');
INSERT INTO authorisation (authorisation_id,user_id,refresh_token,number_of_uses,invalidated) VALUES ('98','40','c3bb0529-ab24-495c-9ff3-c5dac3bc2249','2','Y');
INSERT INTO authorisation (authorisation_id,user_id,refresh_token,number_of_uses,invalidated) VALUES ('99','40','996c2536-707b-4a67-9923-441ab45389a7','1','N');

ALTER TABLE session AUTO_INCREMENT = 1;

INSERT INTO session (session_id,authorisation_id,expiry_date,access_token) VALUES ('1','1','2023-05-17T23:26:59.436787600','89a79554-acf6-4e4a-b89e-8124f3ce4dbb');
INSERT INTO session (session_id,authorisation_id,expiry_date,access_token) VALUES ('2','1','2023-05-17T23:26:50.436787600','bfbf34b3-0ae1-453f-b3f8-da34c8ceea65');
INSERT INTO session (session_id,authorisation_id,expiry_date,access_token) VALUES ('3','2','2023-05-17T23:31:46.436787600','c8a8ebec-9a5e-49c4-b211-35e5cfcb714c');
INSERT INTO session (session_id,authorisation_id,expiry_date,access_token) VALUES ('4','2','2023-05-17T19:05:20.436787600','6671a843-b982-46c8-8345-73be98741b1c');
INSERT INTO session (session_id,authorisation_id,expiry_date,access_token) VALUES ('5','3','2023-05-17T23:31:26.438787500','92cbff9d-c977-4762-b4d4-d0054955dc7f');
INSERT INTO session (session_id,authorisation_id,expiry_date,access_token) VALUES ('6','3','2023-05-17T23:31:28.438787500','91471aee-e1c1-4bcc-bc26-499d080c3e53');
INSERT INTO session (session_id,authorisation_id,expiry_date,access_token) VALUES ('7','3','2023-05-17T23:27:23.438787500','f29bae57-88e5-4281-8d50-c40c224e652c');
INSERT INTO session (session_id,authorisation_id,expiry_date,access_token) VALUES ('8','4','2023-05-17T23:28:38.438787500','fe3642c9-3e88-4845-a68f-d1ff6a7c2cf1');
INSERT INTO session (session_id,authorisation_id,expiry_date,access_token) VALUES ('9','4','2023-05-17T23:27:24.439288300','81ecbe47-7c21-4b1d-837e-5e126de86311');
INSERT INTO session (session_id,authorisation_id,expiry_date,access_token) VALUES ('10','4','2023-05-17T23:28:20.439288300','f5ec872d-d023-4fb7-9b17-3d24c3855b1b');
INSERT INTO session (session_id,authorisation_id,expiry_date,access_token) VALUES ('11','4','2023-05-17T23:26:53.439288300','1d6d6a24-c1bc-4b4b-95ab-ba5c73c2e546');
INSERT INTO session (session_id,authorisation_id,expiry_date,access_token) VALUES ('12','5','2023-05-17T23:29:18.439288300','27f363ea-b171-4c6c-8c23-c52bd1dd95cc');
INSERT INTO session (session_id,authorisation_id,expiry_date,access_token) VALUES ('13','5','2023-05-17T23:31:07.439288300','fb77e1a4-0a2b-4267-a95c-ca041ef1f9e4');
INSERT INTO session (session_id,authorisation_id,expiry_date,access_token) VALUES ('14','5','2023-05-17T23:28:03.439288300','b202ea57-5333-45a3-aa4c-1f734d7e121b');
INSERT INTO session (session_id,authorisation_id,expiry_date,access_token) VALUES ('15','5','2023-05-17T17:12:17.439288300','f777c247-fff7-4b51-8755-bdb1fac10874');
INSERT INTO session (session_id,authorisation_id,expiry_date,access_token) VALUES ('16','6','2023-05-17T23:29:32.440788800','4e15d670-6eea-4c3a-820c-3d3a3484018a');
INSERT INTO session (session_id,authorisation_id,expiry_date,access_token) VALUES ('17','6','2023-05-17T23:30:39.440788800','513e98e2-423b-4b1e-9395-a5dba771c791');
INSERT INTO session (session_id,authorisation_id,expiry_date,access_token) VALUES ('18','6','2023-05-17T21:28:54.440788800','aea953a1-a7dd-408c-9312-5f5c2e54f91f');
INSERT INTO session (session_id,authorisation_id,expiry_date,access_token) VALUES ('19','7','2023-05-17T23:30:41.442287500','2159effa-7a39-441f-86f5-9e975acb511b');
INSERT INTO session (session_id,authorisation_id,expiry_date,access_token) VALUES ('20','7','2023-05-17T23:27:36.442287500','40476fa0-eb76-4d24-aa34-7453c49154ec');
INSERT INTO session (session_id,authorisation_id,expiry_date,access_token) VALUES ('21','7','2023-05-17T19:46:02.442287500','d424f72e-f820-4b60-aaff-b682a44c629f');
INSERT INTO session (session_id,authorisation_id,expiry_date,access_token) VALUES ('22','8','2023-05-17T23:29:35.443288900','44876e2a-5a79-4efe-b9b8-db971131d87a');
INSERT INTO session (session_id,authorisation_id,expiry_date,access_token) VALUES ('23','9','2023-05-17T20:53:24.443288900','dcbeeb98-227f-4bc8-a05a-906fb7fb30a2');
INSERT INTO session (session_id,authorisation_id,expiry_date,access_token) VALUES ('24','10','2023-05-17T23:27:15.446287900','1b6ddee4-073d-4b16-9e2c-01a51ff055b4');
INSERT INTO session (session_id,authorisation_id,expiry_date,access_token) VALUES ('25','10','2023-05-17T23:30:35.446287900','e342e7ef-8022-4e29-a788-2c874d0e26a3');
INSERT INTO session (session_id,authorisation_id,expiry_date,access_token) VALUES ('26','11','2023-05-17T23:28:29.446287900','0f9ffbf9-5cbf-4934-9615-ec577e969431');
INSERT INTO session (session_id,authorisation_id,expiry_date,access_token) VALUES ('27','11','2023-05-17T23:30:05.446287900','7fc07814-5e9b-48b6-b90d-793e01d4cf24');
INSERT INTO session (session_id,authorisation_id,expiry_date,access_token) VALUES ('28','11','2023-05-17T23:30:15.446287900','740ee42f-49d5-4fc6-8c3c-3f9da6607347');
INSERT INTO session (session_id,authorisation_id,expiry_date,access_token) VALUES ('29','11','2023-05-17T23:28:08.446287900','c4a9ef0b-6ff5-42cb-b713-27e60ebc906b');
INSERT INTO session (session_id,authorisation_id,expiry_date,access_token) VALUES ('30','12','2023-05-17T23:31:38.446287900','53d5cef1-934a-482c-9c9f-1483bd2c289f');
INSERT INTO session (session_id,authorisation_id,expiry_date,access_token) VALUES ('31','12','2023-05-17T23:28:20.446287900','2f203eaa-1a6c-4f1f-ba64-c35a253779a5');
INSERT INTO session (session_id,authorisation_id,expiry_date,access_token) VALUES ('32','12','2023-05-17T15:42:40.446287900','d2ead76f-7af7-499b-86bf-377120fad8bf');
INSERT INTO session (session_id,authorisation_id,expiry_date,access_token) VALUES ('33','13','2023-05-17T23:27:14.447288100','afb617f8-d7ca-42d8-83a0-77b9e5d5daa7');
INSERT INTO session (session_id,authorisation_id,expiry_date,access_token) VALUES ('34','13','2023-05-17T23:30:54.447288100','29d5688b-f1dc-4611-b9d6-28c85c61a8ca');
INSERT INTO session (session_id,authorisation_id,expiry_date,access_token) VALUES ('35','14','2023-05-17T23:26:55.447288100','443a42bb-7dbc-471b-8b3c-f37fe3115a54');
INSERT INTO session (session_id,authorisation_id,expiry_date,access_token) VALUES ('36','14','2023-05-17T23:29:43.447288100','082189a2-bc01-4a71-8fc9-eec8834efc39');
INSERT INTO session (session_id,authorisation_id,expiry_date,access_token) VALUES ('37','15','2023-05-17T23:26:57.447288100','d26107a6-946b-4c44-b600-e0872fd4c66c');
INSERT INTO session (session_id,authorisation_id,expiry_date,access_token) VALUES ('38','15','2023-05-17T23:27:41.447787900','96ac4149-f9c2-452d-97ff-c47cc4db6bcd');
INSERT INTO session (session_id,authorisation_id,expiry_date,access_token) VALUES ('39','15','2023-05-17T23:29:51.447787900','d3c3d129-9107-42de-b200-10593d0a932e');
INSERT INTO session (session_id,authorisation_id,expiry_date,access_token) VALUES ('40','16','2023-05-17T23:30:08.447787900','77f027af-9f4e-4f6b-a127-3aea563c1ebc');
INSERT INTO session (session_id,authorisation_id,expiry_date,access_token) VALUES ('41','16','2023-05-17T23:28:19.447787900','063b7677-930e-4da7-be8c-2ae9a4dfc687');
INSERT INTO session (session_id,authorisation_id,expiry_date,access_token) VALUES ('42','16','2023-05-17T23:28:10.447787900','08e85878-b09d-40e8-8be3-6863505d5014');
INSERT INTO session (session_id,authorisation_id,expiry_date,access_token) VALUES ('43','16','2023-05-17T19:18:42.447787900','d66856d7-014e-4491-9684-9861742b8aaf');
INSERT INTO session (session_id,authorisation_id,expiry_date,access_token) VALUES ('44','17','2023-05-17T23:31:30.449787700','60a661a6-bc6b-486d-8608-9fd889e9dce2');
INSERT INTO session (session_id,authorisation_id,expiry_date,access_token) VALUES ('45','17','2023-05-17T23:26:51.449787700','73625c2c-f028-4dff-b011-4b652092c478');
INSERT INTO session (session_id,authorisation_id,expiry_date,access_token) VALUES ('46','18','2023-05-17T17:08:03.449787700','facfb5b6-33c7-4b5d-a040-fc0a5547232a');
INSERT INTO session (session_id,authorisation_id,expiry_date,access_token) VALUES ('47','19','2023-05-17T23:27:12.451288900','473b27d0-8e1c-47fc-b3ad-26e280a2b8c6');
INSERT INTO session (session_id,authorisation_id,expiry_date,access_token) VALUES ('48','20','2023-05-17T23:27:07.451288900','1ba574ce-c542-4af0-b000-06ee19cbd5cd');
INSERT INTO session (session_id,authorisation_id,expiry_date,access_token) VALUES ('49','20','2023-05-17T23:30:09.451288900','1893090d-0167-479e-a5e8-b0a735f18dfe');
INSERT INTO session (session_id,authorisation_id,expiry_date,access_token) VALUES ('50','21','2023-05-17T23:29:20.451288900','18e9c6e9-5737-4010-beba-b327fb91098f');
INSERT INTO session (session_id,authorisation_id,expiry_date,access_token) VALUES ('51','21','2023-05-17T23:29:49.451288900','fad62626-4f67-4b43-8fc9-297751ca46cd');
INSERT INTO session (session_id,authorisation_id,expiry_date,access_token) VALUES ('52','21','2023-05-17T23:27:41.451288900','8ce13880-5379-4947-9511-2563f2401fca');
INSERT INTO session (session_id,authorisation_id,expiry_date,access_token) VALUES ('53','21','2023-05-17T23:28:52.451288900','f600bcc4-8960-4afc-baf3-21c72ae71e80');
INSERT INTO session (session_id,authorisation_id,expiry_date,access_token) VALUES ('54','22','2023-05-17T14:07:14.451288900','daf93f09-e61a-46f9-b665-b3ac273ae1f8');
INSERT INTO session (session_id,authorisation_id,expiry_date,access_token) VALUES ('55','23','2023-05-17T23:28:00.452288700','eb04fc21-3520-4bf8-9261-a1d469fe3603');
INSERT INTO session (session_id,authorisation_id,expiry_date,access_token) VALUES ('56','23','2023-05-17T23:30:23.452288700','7d83f355-3a38-4a5f-844a-2517f6a02d7a');
INSERT INTO session (session_id,authorisation_id,expiry_date,access_token) VALUES ('57','23','2023-05-17T23:28:59.452288700','7035e121-7650-46d0-a5bc-8c84e16bc134');
INSERT INTO session (session_id,authorisation_id,expiry_date,access_token) VALUES ('58','24','2023-05-17T23:28:11.452288700','c552491d-9312-41c2-b091-99534c1454f0');
INSERT INTO session (session_id,authorisation_id,expiry_date,access_token) VALUES ('59','25','2023-05-17T23:28:34.452288700','2e4a32b0-0098-4320-b0a0-5fe1656c5ea8');
INSERT INTO session (session_id,authorisation_id,expiry_date,access_token) VALUES ('60','25','2023-05-17T23:28:32.452288700','bdfbd992-61aa-4c99-9721-e763e6c77da1');
INSERT INTO session (session_id,authorisation_id,expiry_date,access_token) VALUES ('61','25','2023-05-17T23:28:09.452288700','d260e0e0-75f5-452f-85e0-6977b7f8eabf');
INSERT INTO session (session_id,authorisation_id,expiry_date,access_token) VALUES ('62','25','2023-05-17T23:30:08.452787700','1f0b800b-6fa1-45b9-af6b-9ad321565e2c');
INSERT INTO session (session_id,authorisation_id,expiry_date,access_token) VALUES ('63','26','2023-05-17T13:31:24.452787700','8b938e19-44a8-4235-8265-43cba6785ddb');
INSERT INTO session (session_id,authorisation_id,expiry_date,access_token) VALUES ('64','27','2023-05-17T23:30:09.453788100','e47a6808-2d57-4fea-8568-c68cf4aa6c31');
INSERT INTO session (session_id,authorisation_id,expiry_date,access_token) VALUES ('65','28','2023-05-17T23:27:07.453788100','357d15d6-ef11-4ae7-a617-38c222b6c331');
INSERT INTO session (session_id,authorisation_id,expiry_date,access_token) VALUES ('66','28','2023-05-17T20:36:50.453788100','33d547a4-8f8a-4824-804c-50e76c769ee7');
INSERT INTO session (session_id,authorisation_id,expiry_date,access_token) VALUES ('67','29','2023-05-17T16:21:20.454787200','d6751e59-2605-44d3-b19b-354e9c5491ef');
INSERT INTO session (session_id,authorisation_id,expiry_date,access_token) VALUES ('68','30','2023-05-17T23:27:52.455788600','f26a51f7-4079-443d-b015-b4cf20bb0102');
INSERT INTO session (session_id,authorisation_id,expiry_date,access_token) VALUES ('69','31','2023-05-17T23:27:02.455788600','02e019e4-3f0b-4908-b60b-8be226f3ed38');
INSERT INTO session (session_id,authorisation_id,expiry_date,access_token) VALUES ('70','32','2023-05-17T23:30:57.455788600','d547687d-e38e-4c6b-91f1-a6b2ae28beab');
INSERT INTO session (session_id,authorisation_id,expiry_date,access_token) VALUES ('71','32','2023-05-17T23:28:18.455788600','7bf204dd-0fb2-4971-b1de-00baa59ce67c');
INSERT INTO session (session_id,authorisation_id,expiry_date,access_token) VALUES ('72','32','2023-05-17T19:06:20.455788600','196e6d02-ce2f-4b92-9044-e075b8c00191');
INSERT INTO session (session_id,authorisation_id,expiry_date,access_token) VALUES ('73','33','2023-05-17T23:31:37.456788600','f9b96fc3-c07f-4414-bcae-79fe733b5f7b');
INSERT INTO session (session_id,authorisation_id,expiry_date,access_token) VALUES ('74','34','2023-05-17T23:27:31.456788600','ff74c3b2-2d82-49fa-8eae-b20278d1d054');
INSERT INTO session (session_id,authorisation_id,expiry_date,access_token) VALUES ('75','34','2023-05-17T23:27:06.456788600','9a6135aa-85a6-4305-84fe-e937868e6d35');
INSERT INTO session (session_id,authorisation_id,expiry_date,access_token) VALUES ('76','35','2023-05-17T23:30:41.456788600','f505e85f-b548-4bfa-910d-533f6543bbd8');
INSERT INTO session (session_id,authorisation_id,expiry_date,access_token) VALUES ('77','36','2023-05-17T23:27:36.456788600','4821190f-9520-4efc-aa81-0c439d4d0a43');
INSERT INTO session (session_id,authorisation_id,expiry_date,access_token) VALUES ('78','36','2023-05-17T20:16:18.456788600','8d4f94a9-8502-4a1a-828d-fda66b1ed5f6');
INSERT INTO session (session_id,authorisation_id,expiry_date,access_token) VALUES ('79','37','2023-05-17T21:57:02.460288300','d9cb2f2f-7b38-47a8-b810-673911e60fd5');
INSERT INTO session (session_id,authorisation_id,expiry_date,access_token) VALUES ('80','38','2023-05-17T23:27:36.463788800','87cb8de0-1549-4e3e-873c-051b9f223d48');
INSERT INTO session (session_id,authorisation_id,expiry_date,access_token) VALUES ('81','38','2023-05-17T23:29:28.463788800','8425d8a1-9303-415d-9ed6-e18c180d0b58');
INSERT INTO session (session_id,authorisation_id,expiry_date,access_token) VALUES ('82','38','2023-05-17T23:31:37.463788800','268898ef-7605-48eb-a6d7-a060a3bbafca');
INSERT INTO session (session_id,authorisation_id,expiry_date,access_token) VALUES ('83','39','2023-05-17T23:28:31.463788800','612cedea-6218-486f-8fcc-ab50d055b77b');
INSERT INTO session (session_id,authorisation_id,expiry_date,access_token) VALUES ('84','39','2023-05-17T23:28:24.463788800','99bbd79c-f5d0-40a7-82f5-691da94b8def');
INSERT INTO session (session_id,authorisation_id,expiry_date,access_token) VALUES ('85','39','2023-05-17T23:28:49.463788800','569f3708-6f99-44c7-ad97-649ad1f7448a');
INSERT INTO session (session_id,authorisation_id,expiry_date,access_token) VALUES ('86','39','2023-05-17T23:31:31.463788800','70d2f65e-57f6-4c47-b4e5-ab29eff98906');
INSERT INTO session (session_id,authorisation_id,expiry_date,access_token) VALUES ('87','40','2023-05-17T23:27:55.463788800','0eff25f1-2454-4983-af3a-da83e5935f8e');
INSERT INTO session (session_id,authorisation_id,expiry_date,access_token) VALUES ('88','40','2023-05-17T23:29:34.463788800','52fcf52f-6f71-40cc-82aa-fbf77d488417');
INSERT INTO session (session_id,authorisation_id,expiry_date,access_token) VALUES ('89','41','2023-05-17T23:31:09.463788800','79bcac6e-f077-4102-bdfe-713431320b3e');
INSERT INTO session (session_id,authorisation_id,expiry_date,access_token) VALUES ('90','41','2023-05-17T23:27:40.463788800','7d1b33e1-5a19-4e55-af3f-4ed500ae39c9');
INSERT INTO session (session_id,authorisation_id,expiry_date,access_token) VALUES ('91','41','2023-05-17T13:53:38.463788800','155191e4-0c35-4a1e-8809-fc67a93308fc');
INSERT INTO session (session_id,authorisation_id,expiry_date,access_token) VALUES ('92','42','2023-05-17T23:31:45.464788800','1ad53a60-34c5-4c47-b4ff-6d9f7dcb8ae8');
INSERT INTO session (session_id,authorisation_id,expiry_date,access_token) VALUES ('93','42','2023-05-17T23:30:35.464788800','357e71c7-3c54-4da9-b3ad-720285a6dc76');
INSERT INTO session (session_id,authorisation_id,expiry_date,access_token) VALUES ('94','42','2023-05-17T23:29:53.464788800','bdaf1885-c49b-4523-a6f6-6766d90419b9');
INSERT INTO session (session_id,authorisation_id,expiry_date,access_token) VALUES ('95','42','2023-05-17T23:27:45.464788800','0d0ae2c7-13d0-406d-8e47-8b29fa3d3213');
INSERT INTO session (session_id,authorisation_id,expiry_date,access_token) VALUES ('96','43','2023-05-17T23:27:40.464788800','35e048c6-c224-45ba-b8ca-e78690eba249');
INSERT INTO session (session_id,authorisation_id,expiry_date,access_token) VALUES ('97','43','2023-05-17T19:56:24.464788800','f284e0b8-0f0d-4fc1-b7e1-cbe7da2bbd96');
INSERT INTO session (session_id,authorisation_id,expiry_date,access_token) VALUES ('98','44','2023-05-17T23:29:48.465788600','44b97caa-e1e1-475a-8280-56435f483da4');
INSERT INTO session (session_id,authorisation_id,expiry_date,access_token) VALUES ('99','45','2023-05-17T23:30:19.465788600','3a40fb70-7da1-414a-a020-6028ab8f6e45');
INSERT INTO session (session_id,authorisation_id,expiry_date,access_token) VALUES ('100','45','2023-05-17T23:30:23.465788600','e4e784e8-2fd5-4ff9-b122-a1f9a265f8f4');
INSERT INTO session (session_id,authorisation_id,expiry_date,access_token) VALUES ('101','46','2023-05-17T23:28:45.465788600','968b0ddf-ae88-40e5-9807-8d66b868db84');
INSERT INTO session (session_id,authorisation_id,expiry_date,access_token) VALUES ('102','46','2023-05-17T23:29:36.465788600','fbd7845d-6f8e-4106-923c-19b48fb4818e');
INSERT INTO session (session_id,authorisation_id,expiry_date,access_token) VALUES ('103','47','2023-05-17T23:31:43.465788600','bf076c94-d643-4747-a512-32b0e335a069');
INSERT INTO session (session_id,authorisation_id,expiry_date,access_token) VALUES ('104','47','2023-05-17T17:14:54.465788600','47b4b979-48a9-4d98-b2b5-5f21de8a9c7e');
INSERT INTO session (session_id,authorisation_id,expiry_date,access_token) VALUES ('105','48','2023-05-17T23:30:23.466288700','80db64bf-cabe-4425-a2f1-6084035b7166');
INSERT INTO session (session_id,authorisation_id,expiry_date,access_token) VALUES ('106','48','2023-05-17T23:31:13.466288700','7e9d15e7-b21d-4045-85a0-8340445850f1');
INSERT INTO session (session_id,authorisation_id,expiry_date,access_token) VALUES ('107','48','2023-05-17T23:27:19.466288700','a7d83ef3-3faf-4dc2-8f3b-a1d75e5b8143');
INSERT INTO session (session_id,authorisation_id,expiry_date,access_token) VALUES ('108','49','2023-05-17T23:28:33.466288700','c39ee67c-ecbc-489f-82ad-1ea104e6cf6f');
INSERT INTO session (session_id,authorisation_id,expiry_date,access_token) VALUES ('109','49','2023-05-17T23:28:00.466288700','2d56c76a-edf9-447c-ac57-1d2985fd85f5');
INSERT INTO session (session_id,authorisation_id,expiry_date,access_token) VALUES ('110','49','2023-05-17T23:28:42.466288700','2a1aeda4-e68b-436f-8b07-8b41d7c08b68');
INSERT INTO session (session_id,authorisation_id,expiry_date,access_token) VALUES ('111','49','2023-05-17T23:27:09.466288700','75cea5fe-2d1d-4358-bc49-dfd3e988dc7a');
INSERT INTO session (session_id,authorisation_id,expiry_date,access_token) VALUES ('112','50','2023-05-17T23:31:16.466288700','45323fb3-f27d-4a89-bfe6-c15206d78b4d');
INSERT INTO session (session_id,authorisation_id,expiry_date,access_token) VALUES ('113','50','2023-05-17T23:27:38.466288700','3194998d-c594-454a-b692-cd92022e2f9e');
INSERT INTO session (session_id,authorisation_id,expiry_date,access_token) VALUES ('114','50','2023-05-17T23:30:39.466288700','7db43ae1-3519-4e2f-a740-8de4ca3fa0d3');
INSERT INTO session (session_id,authorisation_id,expiry_date,access_token) VALUES ('115','50','2023-05-17T15:57:20.466788600','16a2d2f7-036f-48b6-8c0a-3a2df1ef82c8');
INSERT INTO session (session_id,authorisation_id,expiry_date,access_token) VALUES ('116','51','2023-05-17T23:29:19.467787800','4b919ec8-619d-461d-8feb-3212576d1cc5');
INSERT INTO session (session_id,authorisation_id,expiry_date,access_token) VALUES ('117','51','2023-05-17T23:28:24.467787800','769ffaf2-a37f-4953-be81-8c45b481f1fc');
INSERT INTO session (session_id,authorisation_id,expiry_date,access_token) VALUES ('118','52','2023-05-17T23:31:41.467787800','2a4948eb-ce64-40fa-b88b-e5a73f495742');
INSERT INTO session (session_id,authorisation_id,expiry_date,access_token) VALUES ('119','52','2023-05-17T23:29:13.467787800','4536d1fa-f42d-4f65-a00d-d3b6be75caeb');
INSERT INTO session (session_id,authorisation_id,expiry_date,access_token) VALUES ('120','52','2023-05-17T23:30:58.467787800','d47cf831-b103-46e6-8164-758c87e60de2');
INSERT INTO session (session_id,authorisation_id,expiry_date,access_token) VALUES ('121','52','2023-05-17T23:28:50.467787800','e921975b-dd1c-4ce3-9454-3292adbb7762');
INSERT INTO session (session_id,authorisation_id,expiry_date,access_token) VALUES ('122','53','2023-05-17T23:30:26.467787800','238686cf-b493-4fb0-8114-a501d60589ba');
INSERT INTO session (session_id,authorisation_id,expiry_date,access_token) VALUES ('123','54','2023-05-17T23:28:35.467787800','0c51d6ef-fbbd-4545-b99e-93598ff37b3b');
INSERT INTO session (session_id,authorisation_id,expiry_date,access_token) VALUES ('124','54','2023-05-17T23:16:19.467787800','d0dcc843-f6f1-44f2-b692-23060124e07c');
INSERT INTO session (session_id,authorisation_id,expiry_date,access_token) VALUES ('125','55','2023-05-17T23:31:17.468288600','0ce48fae-4e05-431f-be4c-f5d2d347ea24');
INSERT INTO session (session_id,authorisation_id,expiry_date,access_token) VALUES ('126','55','2023-05-17T23:27:58.468288600','e85e8085-2f8c-4918-be48-6bf8a9a03826');
INSERT INTO session (session_id,authorisation_id,expiry_date,access_token) VALUES ('127','55','2023-05-17T23:31:37.468288600','fbd5513e-0c41-4e00-8854-88cf61ae0166');
INSERT INTO session (session_id,authorisation_id,expiry_date,access_token) VALUES ('128','55','2023-05-17T23:30:25.468788100','8be05dbe-f25c-416e-bac2-2353437f3e1a');
INSERT INTO session (session_id,authorisation_id,expiry_date,access_token) VALUES ('129','56','2023-05-17T23:29:37.468788100','9f7f8360-792b-4395-8016-34282a92ccb9');
INSERT INTO session (session_id,authorisation_id,expiry_date,access_token) VALUES ('130','56','2023-05-17T23:30:57.468788100','33f4f8fe-22ff-4777-8f09-4149dcf63b6d');
INSERT INTO session (session_id,authorisation_id,expiry_date,access_token) VALUES ('131','56','2023-05-17T23:27:19.468788100','6da94037-a884-4280-9bcc-9d0c537dd1c4');
INSERT INTO session (session_id,authorisation_id,expiry_date,access_token) VALUES ('132','56','2023-05-17T23:31:43.468788100','761c833a-ae36-4b12-b122-37de088662d9');
INSERT INTO session (session_id,authorisation_id,expiry_date,access_token) VALUES ('133','57','2023-05-17T23:30:33.468788100','5e24849a-4470-402e-b3b3-0a7198228632');
INSERT INTO session (session_id,authorisation_id,expiry_date,access_token) VALUES ('134','58','2023-05-17T23:29:40.468788100','8b86212a-b662-4423-b870-3afd01d41a90');
INSERT INTO session (session_id,authorisation_id,expiry_date,access_token) VALUES ('135','58','2023-05-17T23:28:49.468788100','9160ab6c-ebee-47e1-aa14-880254a41ff0');
INSERT INTO session (session_id,authorisation_id,expiry_date,access_token) VALUES ('136','58','2023-05-17T16:39:31.468788100','24e0e07e-2eb0-495c-a865-67c9cc646e6a');
INSERT INTO session (session_id,authorisation_id,expiry_date,access_token) VALUES ('137','59','2023-05-17T23:31:07.469288200','cfed239e-e1ac-4637-aa55-1c8677734844');
INSERT INTO session (session_id,authorisation_id,expiry_date,access_token) VALUES ('138','60','2023-05-17T23:31:27.469288200','318ac3c1-e3f4-4a51-87a8-f76df0aaddd7');
INSERT INTO session (session_id,authorisation_id,expiry_date,access_token) VALUES ('139','60','2023-05-17T23:30:10.469288200','96399570-945d-482a-97b6-a33e2c35b389');
INSERT INTO session (session_id,authorisation_id,expiry_date,access_token) VALUES ('140','60','2023-05-17T23:28:10.469288200','d3b54dbd-36b9-42b2-a171-626bbbc46bd6');
INSERT INTO session (session_id,authorisation_id,expiry_date,access_token) VALUES ('141','61','2023-05-17T23:30:34.469288200','c348202b-ee68-41bd-9d63-5eb25a58aa8c');
INSERT INTO session (session_id,authorisation_id,expiry_date,access_token) VALUES ('142','61','2023-05-17T23:29:09.469288200','b82e68fc-2a99-4607-9f29-231d9c638479');
INSERT INTO session (session_id,authorisation_id,expiry_date,access_token) VALUES ('143','61','2023-05-17T23:29:05.469288200','65ce13cc-bec2-49de-bf67-225fbd9ad8ec');
INSERT INTO session (session_id,authorisation_id,expiry_date,access_token) VALUES ('144','62','2023-05-17T23:30:50.469288200','e18b725e-c11b-4409-bde5-06cad6e75757');
INSERT INTO session (session_id,authorisation_id,expiry_date,access_token) VALUES ('145','62','2023-05-17T23:31:28.469288200','3d923b8d-84fc-4440-bb36-0a5b52ee7695');
INSERT INTO session (session_id,authorisation_id,expiry_date,access_token) VALUES ('146','62','2023-05-17T22:21:00.469288200','377da762-3fe4-48da-a65b-62036613bfdc');
INSERT INTO session (session_id,authorisation_id,expiry_date,access_token) VALUES ('147','63','2023-05-17T23:28:50.469787700','8f622a69-1603-42f2-9a1f-188b730df951');
INSERT INTO session (session_id,authorisation_id,expiry_date,access_token) VALUES ('148','63','2023-05-17T23:29:26.469787700','32de6d2c-7f6a-4eae-8246-ca1bc8cd118d');
INSERT INTO session (session_id,authorisation_id,expiry_date,access_token) VALUES ('149','63','2023-05-17T23:27:32.469787700','3d64535a-0605-4de6-9fce-95ae341e3aa9');
INSERT INTO session (session_id,authorisation_id,expiry_date,access_token) VALUES ('150','64','2023-05-17T15:37:09.469787700','0971a40b-9838-4394-8cfb-e00f05f6b8a0');
INSERT INTO session (session_id,authorisation_id,expiry_date,access_token) VALUES ('151','65','2023-05-17T20:51:46.470788900','3ef128c0-bc9c-442e-af72-58f04ed3ca2a');
INSERT INTO session (session_id,authorisation_id,expiry_date,access_token) VALUES ('152','66','2023-05-17T23:29:48.471287600','e96dc74c-ffa4-4f00-b307-2d076597b701');
INSERT INTO session (session_id,authorisation_id,expiry_date,access_token) VALUES ('153','66','2023-05-17T23:30:59.471287600','d844b2a1-0aea-42c8-8207-b9ea6cb3b3d5');
INSERT INTO session (session_id,authorisation_id,expiry_date,access_token) VALUES ('154','66','2023-05-17T23:27:11.471287600','735bf5ec-db7c-4003-9ee2-1b9d386ed306');
INSERT INTO session (session_id,authorisation_id,expiry_date,access_token) VALUES ('155','66','2023-05-17T23:28:39.471287600','3684b12b-22ea-461d-85dd-b859359c80b8');
INSERT INTO session (session_id,authorisation_id,expiry_date,access_token) VALUES ('156','67','2023-05-17T23:31:06.471287600','98878b09-8f23-4604-9c67-0087263f544c');
INSERT INTO session (session_id,authorisation_id,expiry_date,access_token) VALUES ('157','67','2023-05-17T23:29:40.471287600','780d3458-a0b6-49ed-a9de-8aeaa0cea798');
INSERT INTO session (session_id,authorisation_id,expiry_date,access_token) VALUES ('158','68','2023-05-17T23:30:49.471287600','dfd16f95-9421-4454-888a-68f3b169e6f0');
INSERT INTO session (session_id,authorisation_id,expiry_date,access_token) VALUES ('159','69','2023-05-17T16:01:19.471287600','ac55b81d-fddb-4ee7-a148-801cf92a79d5');
INSERT INTO session (session_id,authorisation_id,expiry_date,access_token) VALUES ('160','70','2023-05-17T23:06:50.472288','f4a9c7d3-862c-4df9-b435-9d30177c1dda');
INSERT INTO session (session_id,authorisation_id,expiry_date,access_token) VALUES ('161','71','2023-05-17T23:30:12.473288300','79e2d11e-b954-49b7-8ae3-c6b9a1bbf8a8');
INSERT INTO session (session_id,authorisation_id,expiry_date,access_token) VALUES ('162','72','2023-05-17T23:29:06.473288300','0af44740-ba0a-452e-b423-8c1fb9bfa8b2');
INSERT INTO session (session_id,authorisation_id,expiry_date,access_token) VALUES ('163','73','2023-05-17T23:26:57.473288300','eea0c4e2-ffc2-46be-abe5-823eaa931304');
INSERT INTO session (session_id,authorisation_id,expiry_date,access_token) VALUES ('164','73','2023-05-17T23:27:41.473288300','f94a80f0-3ffe-4d40-a192-bc2a97f6f437');
INSERT INTO session (session_id,authorisation_id,expiry_date,access_token) VALUES ('165','73','2023-05-17T23:27:14.473288300','0ed7f6e9-5db9-4cfb-89a8-141d350cd3c3');
INSERT INTO session (session_id,authorisation_id,expiry_date,access_token) VALUES ('166','73','2023-05-17T15:37:58.473288300','ca950b22-85ed-4fd9-90b6-d2390b903604');
INSERT INTO session (session_id,authorisation_id,expiry_date,access_token) VALUES ('167','74','2023-05-17T23:28:10.474289','2c8d0f61-66d4-47be-81c4-8dad3aa4b5fb');
INSERT INTO session (session_id,authorisation_id,expiry_date,access_token) VALUES ('168','74','2023-05-17T23:31:03.474289','ec9b5fa4-5c34-460e-b1eb-48f0782e7bc9');
INSERT INTO session (session_id,authorisation_id,expiry_date,access_token) VALUES ('169','74','2023-05-17T23:27:31.474289','be21d425-f281-4bbd-bac2-197b93e25f6e');
INSERT INTO session (session_id,authorisation_id,expiry_date,access_token) VALUES ('170','75','2023-05-17T23:28:00.474289','e12eeb83-890f-40f7-8bbe-194d988ecbaf');
INSERT INTO session (session_id,authorisation_id,expiry_date,access_token) VALUES ('171','75','2023-05-17T23:31:27.474289','a55e60fa-b02d-4aa2-86c6-20e86bcac79a');
INSERT INTO session (session_id,authorisation_id,expiry_date,access_token) VALUES ('172','76','2023-05-17T23:30:40.474289','53c8c804-7e65-4049-b378-245515c390ae');
INSERT INTO session (session_id,authorisation_id,expiry_date,access_token) VALUES ('173','76','2023-05-17T23:27:24.474289','23c07152-85e5-4226-aaff-01d8bad3eed0');
INSERT INTO session (session_id,authorisation_id,expiry_date,access_token) VALUES ('174','76','2023-05-17T23:30:41.474289','999c05d3-92af-426e-810d-be973d552aba');
INSERT INTO session (session_id,authorisation_id,expiry_date,access_token) VALUES ('175','77','2023-05-17T22:45:03.474289','8e79a95a-0e9e-4366-a9e5-4c8f2cbc133b');
INSERT INTO session (session_id,authorisation_id,expiry_date,access_token) VALUES ('176','78','2023-05-17T20:14:38.475288200','aef19d06-4b62-45a3-b6b4-511b9c36eac6');
INSERT INTO session (session_id,authorisation_id,expiry_date,access_token) VALUES ('177','79','2023-05-17T23:27:34.476788800','a5578b45-c021-4401-ae6b-735673cc75ef');
INSERT INTO session (session_id,authorisation_id,expiry_date,access_token) VALUES ('178','80','2023-05-17T23:29:37.476788800','9711c2c6-f187-471a-81f7-58cd07cfa767');
INSERT INTO session (session_id,authorisation_id,expiry_date,access_token) VALUES ('179','80','2023-05-17T23:30:38.476788800','8490e8e4-94c3-41e4-885e-d040b75a37c7');
INSERT INTO session (session_id,authorisation_id,expiry_date,access_token) VALUES ('180','80','2023-05-17T23:28:05.476788800','937b9e0b-4cf5-4ebf-bacc-7a0d58b0cfdf');
INSERT INTO session (session_id,authorisation_id,expiry_date,access_token) VALUES ('181','80','2023-05-17T23:27:58.476788800','ce105d8f-2471-4e9e-bbdc-cea5540e1afd');
INSERT INTO session (session_id,authorisation_id,expiry_date,access_token) VALUES ('182','81','2023-05-17T23:28:33.476788800','f6c78f6b-f643-4365-b6d4-ab48379a47e4');
INSERT INTO session (session_id,authorisation_id,expiry_date,access_token) VALUES ('183','81','2023-05-17T23:27:26.476788800','b17ca8d9-1529-4961-bbdd-36abeea4bfb8');
INSERT INTO session (session_id,authorisation_id,expiry_date,access_token) VALUES ('184','81','2023-05-17T14:33:48.476788800','62b4e1f0-246f-4c9b-bad4-bad25aa239ef');
INSERT INTO session (session_id,authorisation_id,expiry_date,access_token) VALUES ('185','82','2023-05-17T19:03:14.477788','83695544-14ae-43c2-804b-c9fbbf6014f5');
INSERT INTO session (session_id,authorisation_id,expiry_date,access_token) VALUES ('186','83','2023-05-17T23:28:02.478288700','ce35c0e9-045a-4175-9429-7f5b851fd3cf');
INSERT INTO session (session_id,authorisation_id,expiry_date,access_token) VALUES ('187','83','2023-05-17T23:29:27.478288700','87abdfce-5c38-4df0-b20a-50c99c281d34');
INSERT INTO session (session_id,authorisation_id,expiry_date,access_token) VALUES ('188','83','2023-05-17T23:29:43.478288700','de840ba2-6a35-45b6-88e6-7cd382d78c08');
INSERT INTO session (session_id,authorisation_id,expiry_date,access_token) VALUES ('189','83','2023-05-17T20:34:42.478288700','58ea7b35-d7c5-468d-b277-6fe5cf30a438');
INSERT INTO session (session_id,authorisation_id,expiry_date,access_token) VALUES ('190','84','2023-05-17T23:28:21.479288','b0b9755d-c378-4cf1-8a1c-3ef2a1361bbf');
INSERT INTO session (session_id,authorisation_id,expiry_date,access_token) VALUES ('191','84','2023-05-17T23:30:02.479288','98d9e521-0038-457d-8754-c894d5a92ac6');
INSERT INTO session (session_id,authorisation_id,expiry_date,access_token) VALUES ('192','84','2023-05-17T23:29:51.479288','450ca81a-e405-4973-84cf-6a1f1d5600cf');
INSERT INTO session (session_id,authorisation_id,expiry_date,access_token) VALUES ('193','84','2023-05-17T23:30:31.479288','f6c1d1cf-ea1c-46b7-ae2b-4a2fb39195f4');
INSERT INTO session (session_id,authorisation_id,expiry_date,access_token) VALUES ('194','85','2023-05-17T23:31:25.479288','0c09d08c-3ac2-43e4-9596-a89b7315031a');
INSERT INTO session (session_id,authorisation_id,expiry_date,access_token) VALUES ('195','85','2023-05-17T23:27:34.479288','8412bbe4-27ea-4ac4-a6a8-b089f8b19d4e');
INSERT INTO session (session_id,authorisation_id,expiry_date,access_token) VALUES ('196','85','2023-05-17T23:27:55.479288','a7d0f449-d885-485c-ba2a-ac0e6be17d00');
INSERT INTO session (session_id,authorisation_id,expiry_date,access_token) VALUES ('197','85','2023-05-17T23:30:38.479288','263394be-f247-4975-a176-f7614846c2c7');
INSERT INTO session (session_id,authorisation_id,expiry_date,access_token) VALUES ('198','86','2023-05-17T23:27:05.479288','01a7a9bb-421f-45b4-9194-11866a1ee7c8');
INSERT INTO session (session_id,authorisation_id,expiry_date,access_token) VALUES ('199','86','2023-05-17T23:26:58.479288','5f0afe78-dd98-4c74-a765-220ff9eda532');
INSERT INTO session (session_id,authorisation_id,expiry_date,access_token) VALUES ('200','87','2023-05-17T23:29:12.479288','dbb8df8d-6057-455a-bc85-5c54f3f767f8');
INSERT INTO session (session_id,authorisation_id,expiry_date,access_token) VALUES ('201','87','2023-05-17T18:57:44.479288','b6116371-5159-4ecf-bdcf-6cc351be7ef6');
INSERT INTO session (session_id,authorisation_id,expiry_date,access_token) VALUES ('202','88','2023-05-17T23:28:01.479788100','a02d6dbc-5426-4d56-8e39-ae4439ffac4a');
INSERT INTO session (session_id,authorisation_id,expiry_date,access_token) VALUES ('203','88','2023-05-17T23:29:35.479788100','bf097712-505d-4f1b-b9ce-1bb03537270f');
INSERT INTO session (session_id,authorisation_id,expiry_date,access_token) VALUES ('204','88','2023-05-17T23:29:33.479788100','f7aa2676-ca65-4492-bcac-0bee97520fd7');
INSERT INTO session (session_id,authorisation_id,expiry_date,access_token) VALUES ('205','88','2023-05-17T21:36:59.479788100','47ba2a6f-986f-4b4e-9e00-edb79f2c70c9');
INSERT INTO session (session_id,authorisation_id,expiry_date,access_token) VALUES ('206','89','2023-05-17T23:30:37.481288200','8104e5d9-5e47-4817-9375-b809e40f207a');
INSERT INTO session (session_id,authorisation_id,expiry_date,access_token) VALUES ('207','89','2023-05-17T23:30:10.481288200','e3f3e7e0-3847-4b58-a4d9-0647a0ceafb5');
INSERT INTO session (session_id,authorisation_id,expiry_date,access_token) VALUES ('208','89','2023-05-17T17:35:16.481288200','5571f766-ea06-4612-bf0b-95d71a78bf22');
INSERT INTO session (session_id,authorisation_id,expiry_date,access_token) VALUES ('209','90','2023-05-17T23:29:48.482289200','13fa4ccc-e087-4b01-8543-09fffed3214e');
INSERT INTO session (session_id,authorisation_id,expiry_date,access_token) VALUES ('210','90','2023-05-17T23:28:50.482289200','eb9be3c4-511b-4756-9fc3-48181288b7ea');
INSERT INTO session (session_id,authorisation_id,expiry_date,access_token) VALUES ('211','90','2023-05-17T23:30:54.482289200','bcc3a984-dbfb-4322-8252-c0ee332ec8de');
INSERT INTO session (session_id,authorisation_id,expiry_date,access_token) VALUES ('212','91','2023-05-17T23:31:21.482289200','3d29ebff-545d-40b5-9121-7662f0041bf8');
INSERT INTO session (session_id,authorisation_id,expiry_date,access_token) VALUES ('213','91','2023-05-17T23:31:23.482289200','3507cd33-d1e1-45a2-a094-c8f5bd72c76e');
INSERT INTO session (session_id,authorisation_id,expiry_date,access_token) VALUES ('214','91','2023-05-17T23:27:35.482289200','57b01e08-a59f-4b1c-b716-6948a8e7ae91');
INSERT INTO session (session_id,authorisation_id,expiry_date,access_token) VALUES ('215','91','2023-05-17T18:13:57.482289200','852666d6-e9dd-4c84-bc39-fc3ed7ba184e');
INSERT INTO session (session_id,authorisation_id,expiry_date,access_token) VALUES ('216','92','2023-05-17T23:27:47.483289300','e4a5c4a1-2709-4ecb-b533-097dcb7cdc00');
INSERT INTO session (session_id,authorisation_id,expiry_date,access_token) VALUES ('217','92','2023-05-17T23:27:03.483289300','6053d8ac-dc4c-47f0-bb19-a79888b67a95');
INSERT INTO session (session_id,authorisation_id,expiry_date,access_token) VALUES ('218','92','2023-05-17T23:29:06.483289300','02c55dfa-2dec-416c-ade4-c1235da6628e');
INSERT INTO session (session_id,authorisation_id,expiry_date,access_token) VALUES ('219','92','2023-05-17T21:44:25.483289300','9c577161-fcdd-4ea0-b43b-b5de88a22ad6');
INSERT INTO session (session_id,authorisation_id,expiry_date,access_token) VALUES ('220','93','2023-05-17T23:31:06.483789300','6773815f-60e6-4a8d-8a68-fe3b93b3bca1');
INSERT INTO session (session_id,authorisation_id,expiry_date,access_token) VALUES ('221','93','2023-05-17T23:29:14.483789300','52407275-e1e6-4776-b000-295ad81ffe01');
INSERT INTO session (session_id,authorisation_id,expiry_date,access_token) VALUES ('222','93','2023-05-17T23:30:14.483789300','fd946d37-8e87-4eed-bbbb-16ae7fc2015b');
INSERT INTO session (session_id,authorisation_id,expiry_date,access_token) VALUES ('223','93','2023-05-17T23:29:56.483789300','c98ac162-d298-4418-97e0-dabea506e3c6');
INSERT INTO session (session_id,authorisation_id,expiry_date,access_token) VALUES ('224','94','2023-05-17T23:27:51.483789300','c7935bac-3e1b-42c1-8066-d5e3af70fa5e');
INSERT INTO session (session_id,authorisation_id,expiry_date,access_token) VALUES ('225','94','2023-05-17T23:29:09.483789300','8dc821a4-058b-4e01-b645-0cd3c1138454');
INSERT INTO session (session_id,authorisation_id,expiry_date,access_token) VALUES ('226','94','2023-05-17T23:30:14.483789300','8b568d17-30c0-4304-ae7f-ab0c782b0fa5');
INSERT INTO session (session_id,authorisation_id,expiry_date,access_token) VALUES ('227','95','2023-05-17T23:28:15.483789300','83b1092a-f738-4647-a9fb-e11509f7d881');
INSERT INTO session (session_id,authorisation_id,expiry_date,access_token) VALUES ('228','95','2023-05-17T23:31:37.483789300','905449f1-ccc7-41a0-9ece-6bc539fe1d4c');
INSERT INTO session (session_id,authorisation_id,expiry_date,access_token) VALUES ('229','95','2023-05-17T23:29:27.483789300','315899de-e7b7-4f71-a464-8bf0ca9dd39e');
INSERT INTO session (session_id,authorisation_id,expiry_date,access_token) VALUES ('230','95','2023-05-17T15:12:54.483789300','567abee9-e297-40a3-bc6c-433dd1acf312');
INSERT INTO session (session_id,authorisation_id,expiry_date,access_token) VALUES ('231','96','2023-05-17T23:29:13.484789','d26bbda8-3e7b-49f5-967c-c14787988adf');
INSERT INTO session (session_id,authorisation_id,expiry_date,access_token) VALUES ('232','97','2023-05-17T19:02:51.484789','cf3e6b73-6011-4588-9cb2-d9e41b33f44b');
INSERT INTO session (session_id,authorisation_id,expiry_date,access_token) VALUES ('233','98','2023-05-17T23:28:21.485289','35e6b295-f374-4321-970f-10ca8a199782');
INSERT INTO session (session_id,authorisation_id,expiry_date,access_token) VALUES ('234','98','2023-05-17T23:29:17.485289','12e0caac-61fa-4161-8da4-7fbd88d85231');
INSERT INTO session (session_id,authorisation_id,expiry_date,access_token) VALUES ('235','98','2023-05-17T23:31:12.485289','90a4e288-6c4e-402e-aec8-180278dabdf2');
INSERT INTO session (session_id,authorisation_id,expiry_date,access_token) VALUES ('236','98','2023-05-17T23:31:11.485289','56fa3f1b-925f-4653-862c-47dc150e87d5');
INSERT INTO session (session_id,authorisation_id,expiry_date,access_token) VALUES ('237','99','2023-05-17T18:17:18.485289','af804a13-107b-41dd-a333-fec279911a61');

ALTER TABLE address AUTO_INCREMENT = 1;

INSERT INTO address (address_id,street_number,street_name,suburb,postcode,user_id) VALUES ('1','99','Malcom Mall','Dickson','2602','1');
INSERT INTO address (address_id,street_number,street_name,suburb,postcode,user_id) VALUES ('2','127','Dionna Grove','Blaxlands Ridge','2774','2');
INSERT INTO address (address_id,street_number,street_name,suburb,postcode,user_id) VALUES ('3','28','Purdy Turnpike','City','2601','3');
INSERT INTO address (address_id,street_number,street_name,suburb,postcode,user_id) VALUES ('4','101','Shanita Village','Warrimoo','2774','4');
INSERT INTO address (address_id,street_number,street_name,suburb,postcode,user_id) VALUES ('5','94','Galina Loop','Hmas Harman','2600','5');
INSERT INTO address (address_id,street_number,street_name,suburb,postcode,user_id) VALUES ('6','142','Cummerata Viaduct','Oconnor','2602','6');
INSERT INTO address (address_id,street_number,street_name,suburb,postcode,user_id) VALUES ('7','187','Garret Park','Parramatta','2124','7');
INSERT INTO address (address_id,street_number,street_name,suburb,postcode,user_id) VALUES ('8','132','Smitham Mountains','Capital Hill','2600','8');
INSERT INTO address (address_id,street_number,street_name,suburb,postcode,user_id) VALUES ('9','106','Valeria Trafficway','Ainslie','2602','9');
INSERT INTO address (address_id,street_number,street_name,suburb,postcode,user_id) VALUES ('10','172','Goyette Junction','Parramatta','2124','10');
INSERT INTO address (address_id,street_number,street_name,suburb,postcode,user_id) VALUES ('11','48','Jerry Neck','Black Mountain','2601','11');
INSERT INTO address (address_id,street_number,street_name,suburb,postcode,user_id) VALUES ('12','114','Shanahan Island','Russell Hill','2600','12');
INSERT INTO address (address_id,street_number,street_name,suburb,postcode,user_id) VALUES ('13','55','Valentina Prairie','Blaxlands Ridge','2774','13');
INSERT INTO address (address_id,street_number,street_name,suburb,postcode,user_id) VALUES ('14','138','Louise Trail','Acton','2601','14');
INSERT INTO address (address_id,street_number,street_name,suburb,postcode,user_id) VALUES ('15','186','Robel Oval','Hackett','2602','15');
INSERT INTO address (address_id,street_number,street_name,suburb,postcode,user_id) VALUES ('16','40','Tremblay Mission','Parkes','2600','16');
INSERT INTO address (address_id,street_number,street_name,suburb,postcode,user_id) VALUES ('17','80','Leda Grove','Dickson','2602','17');
INSERT INTO address (address_id,street_number,street_name,suburb,postcode,user_id) VALUES ('18','133','Myron Camp','Russell Hill','2600','18');
INSERT INTO address (address_id,street_number,street_name,suburb,postcode,user_id) VALUES ('19','55','Kub Manor','Parliament House','2600','19');
INSERT INTO address (address_id,street_number,street_name,suburb,postcode,user_id) VALUES ('20','23','Giovanna Summit','Russell','2600','20');
INSERT INTO address (address_id,street_number,street_name,suburb,postcode,user_id) VALUES ('21','105','Satterfield Mews','Dickson','2602','21');
INSERT INTO address (address_id,street_number,street_name,suburb,postcode,user_id) VALUES ('22','34','Jeniffer Locks','Lyneham','2602','22');
INSERT INTO address (address_id,street_number,street_name,suburb,postcode,user_id) VALUES ('23','96','Cherry Rest','Blaxland East','2774','23');
INSERT INTO address (address_id,street_number,street_name,suburb,postcode,user_id) VALUES ('24','191','Blanda Ford','Hackett','2602','24');
INSERT INTO address (address_id,street_number,street_name,suburb,postcode,user_id) VALUES ('25','85','Gleason Rapids','Lyneham','2602','25');
INSERT INTO address (address_id,street_number,street_name,suburb,postcode,user_id) VALUES ('26','105','Sharyl Shoal','Black Mountain','2601','26');
INSERT INTO address (address_id,street_number,street_name,suburb,postcode,user_id) VALUES ('27','122','Bins Place','Warrimoo','2774','27');
INSERT INTO address (address_id,street_number,street_name,suburb,postcode,user_id) VALUES ('28','54','Alvaro Inlet','Parkes','2600','28');
INSERT INTO address (address_id,street_number,street_name,suburb,postcode,user_id) VALUES ('29','115','Hudson Flats','Harman','2600','29');
INSERT INTO address (address_id,street_number,street_name,suburb,postcode,user_id) VALUES ('30','63','Fletcher River','Dickson','2602','30');
INSERT INTO address (address_id,street_number,street_name,suburb,postcode,user_id) VALUES ('31','55','Lydia Villages','Hmas Harman','2600','31');
INSERT INTO address (address_id,street_number,street_name,suburb,postcode,user_id) VALUES ('32','47','Armstrong Drive','Yarralumla','2600','32');
INSERT INTO address (address_id,street_number,street_name,suburb,postcode,user_id) VALUES ('33','141','Bertram Ridges','Deakin','2600','33');
INSERT INTO address (address_id,street_number,street_name,suburb,postcode,user_id) VALUES ('34','172','Mitchell Ford','Russell','2600','34');
INSERT INTO address (address_id,street_number,street_name,suburb,postcode,user_id) VALUES ('35','112','Botsford Lodge','Barton','2600','35');
INSERT INTO address (address_id,street_number,street_name,suburb,postcode,user_id) VALUES ('36','162','Derek Fort','Parliament House','2600','36');
INSERT INTO address (address_id,street_number,street_name,suburb,postcode,user_id) VALUES ('37','177','Herzog Mount','Dickson','2602','37');
INSERT INTO address (address_id,street_number,street_name,suburb,postcode,user_id) VALUES ('38','127','Stamm Brooks','Hackett','2602','38');
INSERT INTO address (address_id,street_number,street_name,suburb,postcode,user_id) VALUES ('39','173','Danika Loaf','Yarralumla','2600','39');
INSERT INTO address (address_id,street_number,street_name,suburb,postcode,user_id) VALUES ('40','143','Carolin Spring','Hackett','2602','40');

ALTER TABLE client AUTO_INCREMENT = 1;

INSERT INTO client (client_id,user_id,subscription_id) VALUES ('1','15','2');
INSERT INTO client (client_id,user_id,subscription_id) VALUES ('2','16','1');
INSERT INTO client (client_id,user_id,subscription_id) VALUES ('3','17','1');
INSERT INTO client (client_id,user_id,subscription_id) VALUES ('4','18','2');
INSERT INTO client (client_id,user_id,subscription_id) VALUES ('5','19','1');
INSERT INTO client (client_id,user_id,subscription_id) VALUES ('6','20','1');
INSERT INTO client (client_id,user_id,subscription_id) VALUES ('7','21','1');
INSERT INTO client (client_id,user_id,subscription_id) VALUES ('8','22','1');
INSERT INTO client (client_id,user_id,subscription_id) VALUES ('9','23','1');
INSERT INTO client (client_id,user_id,subscription_id) VALUES ('10','24','1');
INSERT INTO client (client_id,user_id,subscription_id) VALUES ('11','25','1');
INSERT INTO client (client_id,user_id,subscription_id) VALUES ('12','26','1');
INSERT INTO client (client_id,user_id,subscription_id) VALUES ('13','27','2');
INSERT INTO client (client_id,user_id,subscription_id) VALUES ('14','28','1');
INSERT INTO client (client_id,user_id,subscription_id) VALUES ('15','29','1');
INSERT INTO client (client_id,user_id,subscription_id) VALUES ('16','30','1');
INSERT INTO client (client_id,user_id,subscription_id) VALUES ('17','31','1');
INSERT INTO client (client_id,user_id,subscription_id) VALUES ('18','32','1');
INSERT INTO client (client_id,user_id,subscription_id) VALUES ('19','33','2');
INSERT INTO client (client_id,user_id,subscription_id) VALUES ('20','34','1');
INSERT INTO client (client_id,user_id,subscription_id) VALUES ('21','35','2');
INSERT INTO client (client_id,user_id,subscription_id) VALUES ('22','36','2');
INSERT INTO client (client_id,user_id,subscription_id) VALUES ('23','37','1');
INSERT INTO client (client_id,user_id,subscription_id) VALUES ('24','38','2');
INSERT INTO client (client_id,user_id,subscription_id) VALUES ('25','39','2');
INSERT INTO client (client_id,user_id,subscription_id) VALUES ('26','40','2');

ALTER TABLE professional AUTO_INCREMENT = 1;

INSERT INTO professional (professional_id,subscription_id,user_id) VALUES ('1','1','1');
INSERT INTO professional (professional_id,subscription_id,user_id) VALUES ('2','2','2');
INSERT INTO professional (professional_id,subscription_id,user_id) VALUES ('3','2','3');
INSERT INTO professional (professional_id,subscription_id,user_id) VALUES ('4','1','4');
INSERT INTO professional (professional_id,subscription_id,user_id) VALUES ('5','1','5');
INSERT INTO professional (professional_id,subscription_id,user_id) VALUES ('6','2','6');
INSERT INTO professional (professional_id,subscription_id,user_id) VALUES ('7','1','7');
INSERT INTO professional (professional_id,subscription_id,user_id) VALUES ('8','1','8');
INSERT INTO professional (professional_id,subscription_id,user_id) VALUES ('9','2','9');
INSERT INTO professional (professional_id,subscription_id,user_id) VALUES ('10','2','10');
INSERT INTO professional (professional_id,subscription_id,user_id) VALUES ('11','2','11');
INSERT INTO professional (professional_id,subscription_id,user_id) VALUES ('12','1','12');
INSERT INTO professional (professional_id,subscription_id,user_id) VALUES ('13','2','13');
INSERT INTO professional (professional_id,subscription_id,user_id) VALUES ('14','2','14');
INSERT INTO professional (professional_id,subscription_id,user_id) VALUES ('15','2','15');
INSERT INTO professional (professional_id,subscription_id,user_id) VALUES ('16','2','16');
INSERT INTO professional (professional_id,subscription_id,user_id) VALUES ('17','2','17');
INSERT INTO professional (professional_id,subscription_id,user_id) VALUES ('18','1','18');
INSERT INTO professional (professional_id,subscription_id,user_id) VALUES ('19','2','19');
INSERT INTO professional (professional_id,subscription_id,user_id) VALUES ('20','2','20');

ALTER TABLE request AUTO_INCREMENT = 1;

INSERT INTO request (request_id,request_date,instruction,postcode,client_id,professional_id,service_id,request_status_id) VALUES ('1','2023-06-03 13:46:02.244','This morning I started having trouble with the tree, it has fallen on top of the house! Not the damn house! No rush on the issue.','2602','10','9','5','3');
INSERT INTO request (request_id,request_date,instruction,postcode,client_id,professional_id,service_id,request_status_id) VALUES ('2','2023-06-04 16:12:52.939','I am not sure what is going on, but we are having trouble with the tree, it is leaning. Really badly so... Look forward to hearing from you.','2600','6','18','4','1');
INSERT INTO request (request_id,request_date,instruction,postcode,client_id,professional_id,service_id,request_status_id) VALUES ('3','2023-06-14 19:19:43.795','This morning I started having trouble with the tree, it is leaning. Really badly so... Can this please be fixed ASAP!?','2600','20','16','2','3');
INSERT INTO request (request_id,request_date,instruction,postcode,client_id,professional_id,service_id,request_status_id) VALUES ('4','2023-06-06 10:54:34.579','To whom this may concern, I have discovered an issue with my broken branch, it is hanging. Kinda looks like it might fall on the house uh... I do not want to be rude, but could this please be looked at with haste?','2600','25','5','1','2');
INSERT INTO request (request_id,request_date,instruction,postcode,client_id,professional_id,service_id,request_status_id) VALUES ('5','2023-05-26 14:50:58.781','Hello! Currently I have an issues with my tree, it has fallen on top of the house! Not the damn house! No rush on the issue.','2600','25','20','2','1');
INSERT INTO request (request_id,request_date,instruction,postcode,client_id,professional_id,service_id,request_status_id) VALUES ('6','2023-05-24 02:48:35.765','Help me! Problem with the tree, it is leaning. Really badly so... Really wanna get this one fixed before my partner returns from their trip...','2602','26','9','5','2');
INSERT INTO request (request_id,request_date,instruction,postcode,client_id,professional_id,service_id,request_status_id) VALUES ('7','2023-06-15 13:49:35.664','Awh man looks like there is an issue with the front yard tree. My partner insisted that we plant a tree in the back yard. Now the council has complained forcing us to remove the tree. I should never listened to my partner!! Gotta get this one done quick, interest rates are going right up might run out of funds soon!','2602','10',null,'3','4');
INSERT INTO request (request_id,request_date,instruction,postcode,client_id,professional_id,service_id,request_status_id) VALUES ('8','2023-06-16 19:05:25.188','To whom this may concern, I have discovered an issue with my tree, it has fallen on top of the house! Not the damn house! Help me if my partner sees this and confirms they were right. This one might be bad haha...','2600','22','16','2','2');
INSERT INTO request (request_id,request_date,instruction,postcode,client_id,professional_id,service_id,request_status_id) VALUES ('9','2023-06-02 13:58:01.815','Awh man looks like there is an issue with the tree. Neighbour planted it actually and I hate it! Gotta get this thing removed. Help me if my partner sees this and confirms they were right. This one might be bad haha...','2600','18',null,'3','3');
INSERT INTO request (request_id,request_date,instruction,postcode,client_id,professional_id,service_id,request_status_id) VALUES ('10','2023-05-18 06:45:18.409','I am not sure what is going on, but we are having trouble with the tree, it has fallen on top of the house! Not the damn house! If someone could look at this quickly I would be grateful!','2602','7',null,'1','3');
INSERT INTO request (request_id,request_date,instruction,postcode,client_id,professional_id,service_id,request_status_id) VALUES ('11','2023-06-08 08:26:56.694','Awh man looks like there is an issue with the tree, it is leaning. Really badly so... Can this please be fixed ASAP!?','2600','22','5','4','2');
INSERT INTO request (request_id,request_date,instruction,postcode,client_id,professional_id,service_id,request_status_id) VALUES ('12','2023-06-12 08:21:09.084','I am not sure what is going on, but we are having trouble with the tree. Neighbour planted it actually and I hate it! Gotta get this thing removed. Gotta get this one done quick, interest rates are going right up might run out of funds soon!','2600','6','16','3','3');
INSERT INTO request (request_id,request_date,instruction,postcode,client_id,professional_id,service_id,request_status_id) VALUES ('13','2023-06-06 13:23:47.809','Awh man looks like there is an issue with the tree, it has has fallen over. Tried to stop it though! Look forward to hearing from you.','2602','16',null,'2','1');
INSERT INTO request (request_id,request_date,instruction,postcode,client_id,professional_id,service_id,request_status_id) VALUES ('14','2023-06-03 04:08:19.96','I am not sure what is going on, but we are having trouble with the tree in the front yard. It is blocking our view of the coast. Gotta get this one done quick, interest rates are going right up might run out of funds soon!','2600','17','12','5','3');
INSERT INTO request (request_id,request_date,instruction,postcode,client_id,professional_id,service_id,request_status_id) VALUES ('15','2023-05-22 17:26:47.324','Good Morning! There is an issue with the tree, it has has fallen over. Tried to stop it though! No rush on the issue.','2602','8',null,'5','3');
INSERT INTO request (request_id,request_date,instruction,postcode,client_id,professional_id,service_id,request_status_id) VALUES ('16','2023-05-29 02:58:48.485','Ayyyyyye pro man or woman, help us with the tree, it has fallen on top of the house! Not the damn house! Really wanna get this one fixed before my partner returns from their trip...','2602','10','1','1','1');
INSERT INTO request (request_id,request_date,instruction,postcode,client_id,professional_id,service_id,request_status_id) VALUES ('17','2023-06-13 20:48:04.313','Hiya, there is a problem with our tree, it is leaning. Really badly so... If someone could look at this quickly I would be grateful!','2600','25','20','2','4');
INSERT INTO request (request_id,request_date,instruction,postcode,client_id,professional_id,service_id,request_status_id) VALUES ('18','2023-05-18 15:32:38.553','This morning I started having trouble with the tree. Neighbour planted it actually and I hate it! Gotta get this thing removed. Can we please have this sorted quickly?','2600','20','16','5','4');
INSERT INTO request (request_id,request_date,instruction,postcode,client_id,professional_id,service_id,request_status_id) VALUES ('19','2023-05-22 11:34:53.363','This morning I started having trouble with the tree, it has has fallen over. Tried to stop it though! Can we please have this sorted quickly?','2600','5','12','5','1');
INSERT INTO request (request_id,request_date,instruction,postcode,client_id,professional_id,service_id,request_status_id) VALUES ('20','2023-06-02 07:15:43.819','Awh man looks like there is an issue with the tree, it has has fallen over. Tried to stop it though! Can we please have this sorted quickly?','2600','19','12','1','4');
INSERT INTO request (request_id,request_date,instruction,postcode,client_id,professional_id,service_id,request_status_id) VALUES ('21','2023-06-15 00:23:29.229','Good Afternoon! I have found an issue with the tree. Neighbour planted it actually and I hate it! Gotta get this thing removed. If someone could look at this quickly I would be grateful!','2600','14',null,'2','3');
INSERT INTO request (request_id,request_date,instruction,postcode,client_id,professional_id,service_id,request_status_id) VALUES ('22','2023-06-04 18:47:46.458','This morning I started having trouble with the tree in the front yard. It is blocking our view of the coast. Help me if my partner sees this and confirms they were right. This one might be bad haha...','2602','7','1','1','2');
INSERT INTO request (request_id,request_date,instruction,postcode,client_id,professional_id,service_id,request_status_id) VALUES ('23','2023-06-07 09:54:58.736','Hiya, there is a problem with our tree. Neighbour planted it actually and I hate it! Gotta get this thing removed. Help me if my partner sees this and confirms they were right. This one might be bad haha...','2600','25',null,'2','1');
INSERT INTO request (request_id,request_date,instruction,postcode,client_id,professional_id,service_id,request_status_id) VALUES ('24','2023-06-11 00:11:14.151','Help me! Problem with the broken branch, it is hanging. Kinda looks like it might fall on the house uh... Look forward to hearing from you.','2600','25','18','4','3');
INSERT INTO request (request_id,request_date,instruction,postcode,client_id,professional_id,service_id,request_status_id) VALUES ('25','2023-06-10 16:42:09.434','Hiya, there is a problem with our tree. Neighbour planted it actually and I hate it! Gotta get this thing removed. I do not want to be rude, but could this please be looked at with haste?','2602','26','9','5','1');
INSERT INTO request (request_id,request_date,instruction,postcode,client_id,professional_id,service_id,request_status_id) VALUES ('26','2023-06-12 23:13:16.965','Hiya, there is a problem with our tree, it is leaning. Really badly so... Look forward to hearing from you.','2602','11',null,'3','4');
INSERT INTO request (request_id,request_date,instruction,postcode,client_id,professional_id,service_id,request_status_id) VALUES ('27','2023-05-27 17:41:59.738','Ayyyyyye pro man or woman, help us with the tree in the front yard. It is blocking our view of the coast. Look forward to hearing from you.','2600','6','19','5','4');
INSERT INTO request (request_id,request_date,instruction,postcode,client_id,professional_id,service_id,request_status_id) VALUES ('28','2023-05-27 01:00:02.312','Hiya, there is a problem with our front yard tree. My partner insisted that we plant a tree in the back yard. Now the council has complained forcing us to remove the tree. I should never listened to my partner!! Gotta get this one done quick, interest rates are going right up might run out of funds soon!','2600','5','18','2','3');
INSERT INTO request (request_id,request_date,instruction,postcode,client_id,professional_id,service_id,request_status_id) VALUES ('29','2023-05-30 05:48:30.351','To whom this may concern, I have discovered an issue with my tree in the front yard. It is blocking our view of the coast. Really wanna get this one fixed before my partner returns from their trip...','2602','7','9','2','1');
INSERT INTO request (request_id,request_date,instruction,postcode,client_id,professional_id,service_id,request_status_id) VALUES ('30','2023-06-15 05:50:44.103','Good Afternoon! I have found an issue with the tree in the front yard. It is blocking our view of the coast. If someone could look at this quickly I would be grateful!','2600','15',null,'5','1');
INSERT INTO request (request_id,request_date,instruction,postcode,client_id,professional_id,service_id,request_status_id) VALUES ('31','2023-06-09 10:40:44.728','Good Afternoon! I have found an issue with the tree, it is leaning. Really badly so... I do not want to be rude, but could this please be looked at with haste?','2600','25',null,'2','2');
INSERT INTO request (request_id,request_date,instruction,postcode,client_id,professional_id,service_id,request_status_id) VALUES ('32','2023-05-25 20:42:29.918','Hello! Currently I have an issues with my tree. Neighbour planted it actually and I hate it! Gotta get this thing removed. If someone could look at this quickly I would be grateful!','2600','4','12','1','2');
INSERT INTO request (request_id,request_date,instruction,postcode,client_id,professional_id,service_id,request_status_id) VALUES ('33','2023-06-10 16:30:42.653','This morning I started having trouble with the tree in the front yard. It is blocking our view of the coast. Can this please be fixed ASAP!?','2602','11','9','5','2');
INSERT INTO request (request_id,request_date,instruction,postcode,client_id,professional_id,service_id,request_status_id) VALUES ('34','2023-06-03 04:11:36.522','To whom this may concern, I have discovered an issue with my tree. Neighbour planted it actually and I hate it! Gotta get this thing removed. Really wanna get this one fixed before my partner returns from their trip...','2600','2',null,'2','1');
INSERT INTO request (request_id,request_date,instruction,postcode,client_id,professional_id,service_id,request_status_id) VALUES ('35','2023-06-07 07:23:48.56','Hiya, there is a problem with our tree. Neighbour planted it actually and I hate it! Gotta get this thing removed. Look forward to hearing from you.','2600','5','5','4','3');
INSERT INTO request (request_id,request_date,instruction,postcode,client_id,professional_id,service_id,request_status_id) VALUES ('36','2023-05-25 11:03:00.531','I am not sure what is going on, but we are having trouble with the tree in the front yard. It is blocking our view of the coast. Can this please be fixed ASAP!?','2600','5',null,'5','3');
INSERT INTO request (request_id,request_date,instruction,postcode,client_id,professional_id,service_id,request_status_id) VALUES ('37','2023-06-11 20:36:48.983','Good Morning! There is an issue with the tree, it is leaning. Really badly so... If someone could look at this quickly I would be grateful!','2600','19','12','5','4');
INSERT INTO request (request_id,request_date,instruction,postcode,client_id,professional_id,service_id,request_status_id) VALUES ('38','2023-05-20 10:34:14.847','Help me! Problem with the tree in the front yard. It is blocking our view of the coast. No rush on the issue.','2600','25',null,'3','1');
INSERT INTO request (request_id,request_date,instruction,postcode,client_id,professional_id,service_id,request_status_id) VALUES ('39','2023-05-28 09:46:46.508','Hiya, there is a problem with our tree, it has has fallen over. Tried to stop it though! Can this please be fixed ASAP!?','2600','20','5','1','4');
INSERT INTO request (request_id,request_date,instruction,postcode,client_id,professional_id,service_id,request_status_id) VALUES ('40','2023-06-06 01:34:17.99','I am not sure what is going on, but we are having trouble with the tree, it is leaning. Really badly so... Gotta get this one done quick, interest rates are going right up might run out of funds soon!','2602','11','9','5','1');
INSERT INTO request (request_id,request_date,instruction,postcode,client_id,professional_id,service_id,request_status_id) VALUES ('41','2023-06-04 16:44:04.929','To whom this may concern, I have discovered an issue with my front yard tree. My partner insisted that we plant a tree in the back yard. Now the council has complained forcing us to remove the tree. I should never listened to my partner!! Look forward to hearing from you.','2600','6',null,'5','2');
INSERT INTO request (request_id,request_date,instruction,postcode,client_id,professional_id,service_id,request_status_id) VALUES ('42','2023-06-06 08:52:44.439','This morning I started having trouble with the front yard tree. My partner insisted that we plant a tree in the back yard. Now the council has complained forcing us to remove the tree. I should never listened to my partner!! Can we please have this sorted quickly?','2600','5','5','4','3');
INSERT INTO request (request_id,request_date,instruction,postcode,client_id,professional_id,service_id,request_status_id) VALUES ('43','2023-05-26 07:04:32.198','Ayyyyyye pro man or woman, help us with the tree. Neighbour planted it actually and I hate it! Gotta get this thing removed. No rush on the issue.','2600','18','12','5','2');
INSERT INTO request (request_id,request_date,instruction,postcode,client_id,professional_id,service_id,request_status_id) VALUES ('44','2023-05-30 01:54:53.222','This morning I started having trouble with the tree, it is leaning. Really badly so... Really wanna get this one fixed before my partner returns from their trip...','2600','5',null,'3','3');
INSERT INTO request (request_id,request_date,instruction,postcode,client_id,professional_id,service_id,request_status_id) VALUES ('45','2023-05-18 12:30:30.86','Hiya, there is a problem with our tree, it has fallen on top of the house! Not the damn house! If someone could look at this quickly I would be grateful!','2600','6','16','2','2');
INSERT INTO request (request_id,request_date,instruction,postcode,client_id,professional_id,service_id,request_status_id) VALUES ('46','2023-05-23 20:25:20.697','Ayyyyyye pro man or woman, help us with the broken branch, it is hanging. Kinda looks like it might fall on the house uh... No rush on the issue.','2602','23','1','2','4');
INSERT INTO request (request_id,request_date,instruction,postcode,client_id,professional_id,service_id,request_status_id) VALUES ('47','2023-05-20 07:19:38.835','Good Afternoon! I have found an issue with the tree, it has fallen on top of the house! Not the damn house! I do not want to be rude, but could this please be looked at with haste?','2602','24','15','2','2');
INSERT INTO request (request_id,request_date,instruction,postcode,client_id,professional_id,service_id,request_status_id) VALUES ('48','2023-06-06 03:25:16.586','Awh man looks like there is an issue with the front yard tree. My partner insisted that we plant a tree in the back yard. Now the council has complained forcing us to remove the tree. I should never listened to my partner!! Gotta get this one done quick, interest rates are going right up might run out of funds soon!','2600','4','8','4','2');
INSERT INTO request (request_id,request_date,instruction,postcode,client_id,professional_id,service_id,request_status_id) VALUES ('49','2023-05-22 00:26:07.26','To whom this may concern, I have discovered an issue with my tree in the front yard. It is blocking our view of the coast. Help me if my partner sees this and confirms they were right. This one might be bad haha...','2602','3','9','4','4');
INSERT INTO request (request_id,request_date,instruction,postcode,client_id,professional_id,service_id,request_status_id) VALUES ('50','2023-05-31 10:06:48.94','Ayyyyyye pro man or woman, help us with the tree. Neighbour planted it actually and I hate it! Gotta get this thing removed. Look forward to hearing from you.','2602','11','9','5','4');
INSERT INTO request (request_id,request_date,instruction,postcode,client_id,professional_id,service_id,request_status_id) VALUES ('51','2023-06-14 13:07:57.382','This morning I started having trouble with the tree in the front yard. It is blocking our view of the coast. Can this please be fixed ASAP!?','2602','24',null,'5','3');
INSERT INTO request (request_id,request_date,instruction,postcode,client_id,professional_id,service_id,request_status_id) VALUES ('52','2023-05-19 19:41:18.481','This morning I started having trouble with the front yard tree. My partner insisted that we plant a tree in the back yard. Now the council has complained forcing us to remove the tree. I should never listened to my partner!! Can this please be fixed ASAP!?','2600','2','12','5','1');
INSERT INTO request (request_id,request_date,instruction,postcode,client_id,professional_id,service_id,request_status_id) VALUES ('53','2023-05-21 16:07:31.378','Bonjour sir/madam. The partner and I figured it would be best to get a professional to sort out the issue with the tree. Neighbour planted it actually and I hate it! Gotta get this thing removed. Gotta get this one done quick, interest rates are going right up might run out of funds soon!','2600','14','12','5','3');
INSERT INTO request (request_id,request_date,instruction,postcode,client_id,professional_id,service_id,request_status_id) VALUES ('54','2023-06-11 10:40:02.465','Good Morning! There is an issue with the front yard tree. My partner insisted that we plant a tree in the back yard. Now the council has complained forcing us to remove the tree. I should never listened to my partner!! I do not want to be rude, but could this please be looked at with haste?','2600','14',null,'3','1');
INSERT INTO request (request_id,request_date,instruction,postcode,client_id,professional_id,service_id,request_status_id) VALUES ('55','2023-05-29 19:03:47.913','This morning I started having trouble with the tree, it is leaning. Really badly so... No rush on the issue.','2602','7',null,'3','2');
INSERT INTO request (request_id,request_date,instruction,postcode,client_id,professional_id,service_id,request_status_id) VALUES ('56','2023-05-22 23:44:13.133','Hiya, there is a problem with our tree, it has has fallen over. Tried to stop it though! If someone could look at this quickly I would be grateful!','2600','4','5','1','2');
INSERT INTO request (request_id,request_date,instruction,postcode,client_id,professional_id,service_id,request_status_id) VALUES ('57','2023-05-30 08:30:25.194','Hello! Currently I have an issues with my tree, it is leaning. Really badly so... If someone could look at this quickly I would be grateful!','2602','11','6','4','3');
INSERT INTO request (request_id,request_date,instruction,postcode,client_id,professional_id,service_id,request_status_id) VALUES ('58','2023-05-28 05:17:54.033','I am not sure what is going on, but we are having trouble with the tree, it is leaning. Really badly so... No rush on the issue.','2600','21','19','1','2');
INSERT INTO request (request_id,request_date,instruction,postcode,client_id,professional_id,service_id,request_status_id) VALUES ('59','2023-06-01 03:16:38.566','Bonjour sir/madam. The partner and I figured it would be best to get a professional to sort out the issue with the front yard tree. My partner insisted that we plant a tree in the back yard. Now the council has complained forcing us to remove the tree. I should never listened to my partner!! I do not want to be rude, but could this please be looked at with haste?','2600','20',null,'1','2');
INSERT INTO request (request_id,request_date,instruction,postcode,client_id,professional_id,service_id,request_status_id) VALUES ('60','2023-06-07 10:09:34.332','Help me! Problem with the tree, it is leaning. Really badly so... Gotta get this one done quick, interest rates are going right up might run out of funds soon!','2600','6',null,'3','4');
INSERT INTO request (request_id,request_date,instruction,postcode,client_id,professional_id,service_id,request_status_id) VALUES ('61','2023-05-31 17:17:20.742','Hiya, there is a problem with our tree in the front yard. It is blocking our view of the coast. I do not want to be rude, but could this please be looked at with haste?','2774','9','2','1','3');
INSERT INTO request (request_id,request_date,instruction,postcode,client_id,professional_id,service_id,request_status_id) VALUES ('62','2023-06-09 16:43:16.914','Awh man looks like there is an issue with the front yard tree. My partner insisted that we plant a tree in the back yard. Now the council has complained forcing us to remove the tree. I should never listened to my partner!! Really wanna get this one fixed before my partner returns from their trip...','2600','6','12','5','4');
INSERT INTO request (request_id,request_date,instruction,postcode,client_id,professional_id,service_id,request_status_id) VALUES ('63','2023-05-24 11:33:24.741','Bonjour sir/madam. The partner and I figured it would be best to get a professional to sort out the issue with the tree in the front yard. It is blocking our view of the coast. If someone could look at this quickly I would be grateful!','2602','11',null,'3','2');
INSERT INTO request (request_id,request_date,instruction,postcode,client_id,professional_id,service_id,request_status_id) VALUES ('64','2023-05-29 18:49:17.143','This morning I started having trouble with the broken branch, it is hanging. Kinda looks like it might fall on the house uh... Can we please have this sorted quickly?','2600','21',null,'3','4');
INSERT INTO request (request_id,request_date,instruction,postcode,client_id,professional_id,service_id,request_status_id) VALUES ('65','2023-06-07 04:52:58.572','Help me! Problem with the broken branch, it is hanging. Kinda looks like it might fall on the house uh... No rush on the issue.','2600','2',null,'3','1');
INSERT INTO request (request_id,request_date,instruction,postcode,client_id,professional_id,service_id,request_status_id) VALUES ('66','2023-06-02 17:58:25.479','I am not sure what is going on, but we are having trouble with the tree, it has fallen on top of the house! Not the damn house! No rush on the issue.','2600','15','18','4','2');
INSERT INTO request (request_id,request_date,instruction,postcode,client_id,professional_id,service_id,request_status_id) VALUES ('67','2023-05-25 01:28:23.681','To whom this may concern, I have discovered an issue with my tree in the front yard. It is blocking our view of the coast. Can we please have this sorted quickly?','2600','5','16','3','2');
INSERT INTO request (request_id,request_date,instruction,postcode,client_id,professional_id,service_id,request_status_id) VALUES ('68','2023-05-28 22:38:14.493','Help me! Problem with the tree, it is leaning. Really badly so... I do not want to be rude, but could this please be looked at with haste?','2600','22','18','4','2');
INSERT INTO request (request_id,request_date,instruction,postcode,client_id,professional_id,service_id,request_status_id) VALUES ('69','2023-05-20 16:36:03.233','Ayyyyyye pro man or woman, help us with the tree, it has has fallen over. Tried to stop it though! I do not want to be rude, but could this please be looked at with haste?','2600','6','8','4','3');
INSERT INTO request (request_id,request_date,instruction,postcode,client_id,professional_id,service_id,request_status_id) VALUES ('70','2023-06-01 02:54:56.495','Ayyyyyye pro man or woman, help us with the front yard tree. My partner insisted that we plant a tree in the back yard. Now the council has complained forcing us to remove the tree. I should never listened to my partner!! Help me if my partner sees this and confirms they were right. This one might be bad haha...','2601','12',null,'1','3');
INSERT INTO request (request_id,request_date,instruction,postcode,client_id,professional_id,service_id,request_status_id) VALUES ('71','2023-05-25 10:13:02.46','Bonjour sir/madam. The partner and I figured it would be best to get a professional to sort out the issue with the tree, it has fallen on top of the house! Not the damn house! Can this please be fixed ASAP!?','2600','2',null,'3','3');
INSERT INTO request (request_id,request_date,instruction,postcode,client_id,professional_id,service_id,request_status_id) VALUES ('72','2023-06-01 11:52:48.296','I am not sure what is going on, but we are having trouble with the tree in the front yard. It is blocking our view of the coast. Can we please have this sorted quickly?','2600','4','5','1','2');
INSERT INTO request (request_id,request_date,instruction,postcode,client_id,professional_id,service_id,request_status_id) VALUES ('73','2023-06-10 20:13:18.893','Ayyyyyye pro man or woman, help us with the tree. Neighbour planted it actually and I hate it! Gotta get this thing removed. Can this please be fixed ASAP!?','2774','13','13','4','1');
INSERT INTO request (request_id,request_date,instruction,postcode,client_id,professional_id,service_id,request_status_id) VALUES ('74','2023-06-07 22:38:20.062','To whom this may concern, I have discovered an issue with my tree in the front yard. It is blocking our view of the coast. Really wanna get this one fixed before my partner returns from their trip...','2602','26','1','2','3');
INSERT INTO request (request_id,request_date,instruction,postcode,client_id,professional_id,service_id,request_status_id) VALUES ('75','2023-06-11 17:43:13.935','To whom this may concern, I have discovered an issue with my tree in the front yard. It is blocking our view of the coast. Really wanna get this one fixed before my partner returns from their trip...','2600','25',null,'3','1');
INSERT INTO request (request_id,request_date,instruction,postcode,client_id,professional_id,service_id,request_status_id) VALUES ('76','2023-06-14 17:11:32.948','Good Morning! There is an issue with the tree in the front yard. It is blocking our view of the coast. If someone could look at this quickly I would be grateful!','2600','21','5','1','1');
INSERT INTO request (request_id,request_date,instruction,postcode,client_id,professional_id,service_id,request_status_id) VALUES ('77','2023-06-11 23:44:50.608','Good Afternoon! I have found an issue with the tree, it has fallen on top of the house! Not the damn house! I do not want to be rude, but could this please be looked at with haste?','2601','12',null,'2','3');
INSERT INTO request (request_id,request_date,instruction,postcode,client_id,professional_id,service_id,request_status_id) VALUES ('78','2023-06-12 13:55:25.261','Help me! Problem with the broken branch, it is hanging. Kinda looks like it might fall on the house uh... Really wanna get this one fixed before my partner returns from their trip...','2600','5','18','2','4');
INSERT INTO request (request_id,request_date,instruction,postcode,client_id,professional_id,service_id,request_status_id) VALUES ('79','2023-06-04 14:21:17.88','Hello! Currently I have an issues with my tree in the front yard. It is blocking our view of the coast. Gotta get this one done quick, interest rates are going right up might run out of funds soon!','2602','8','1','3','3');
INSERT INTO request (request_id,request_date,instruction,postcode,client_id,professional_id,service_id,request_status_id) VALUES ('80','2023-05-25 11:37:14.556','To whom this may concern, I have discovered an issue with my tree, it has has fallen over. Tried to stop it though! No rush on the issue.','2602','7','1','2','4');
INSERT INTO request (request_id,request_date,instruction,postcode,client_id,professional_id,service_id,request_status_id) VALUES ('81','2023-06-01 22:48:44.692','I am not sure what is going on, but we are having trouble with the broken branch, it is hanging. Kinda looks like it might fall on the house uh... Look forward to hearing from you.','2602','3',null,'1','4');
INSERT INTO request (request_id,request_date,instruction,postcode,client_id,professional_id,service_id,request_status_id) VALUES ('82','2023-05-29 06:59:47.851','To whom this may concern, I have discovered an issue with my front yard tree. My partner insisted that we plant a tree in the back yard. Now the council has complained forcing us to remove the tree. I should never listened to my partner!! Can we please have this sorted quickly?','2600','21','18','2','1');
INSERT INTO request (request_id,request_date,instruction,postcode,client_id,professional_id,service_id,request_status_id) VALUES ('83','2023-05-20 21:10:47.989','Bonjour sir/madam. The partner and I figured it would be best to get a professional to sort out the issue with the broken branch, it is hanging. Kinda looks like it might fall on the house uh... No rush on the issue.','2600','18','5','4','3');
INSERT INTO request (request_id,request_date,instruction,postcode,client_id,professional_id,service_id,request_status_id) VALUES ('84','2023-06-12 05:57:41.818','This morning I started having trouble with the tree, it has has fallen over. Tried to stop it though! Look forward to hearing from you.','2600','19','16','5','2');
INSERT INTO request (request_id,request_date,instruction,postcode,client_id,professional_id,service_id,request_status_id) VALUES ('85','2023-06-08 11:49:31.638','Good Morning! There is an issue with the tree, it has fallen on top of the house! Not the damn house! Gotta get this one done quick, interest rates are going right up might run out of funds soon!','2600','4','8','4','2');
INSERT INTO request (request_id,request_date,instruction,postcode,client_id,professional_id,service_id,request_status_id) VALUES ('86','2023-05-22 15:31:52.436','To whom this may concern, I have discovered an issue with my tree, it has has fallen over. Tried to stop it though! No rush on the issue.','2600','20','8','4','1');
INSERT INTO request (request_id,request_date,instruction,postcode,client_id,professional_id,service_id,request_status_id) VALUES ('87','2023-06-13 16:42:45.109','Help me! Problem with the tree. Neighbour planted it actually and I hate it! Gotta get this thing removed. Help me if my partner sees this and confirms they were right. This one might be bad haha...','2600','6',null,'1','2');
INSERT INTO request (request_id,request_date,instruction,postcode,client_id,professional_id,service_id,request_status_id) VALUES ('88','2023-05-29 23:07:00.868','Bonjour sir/madam. The partner and I figured it would be best to get a professional to sort out the issue with the tree, it has has fallen over. Tried to stop it though! Can this please be fixed ASAP!?','2602','7','15','1','2');
INSERT INTO request (request_id,request_date,instruction,postcode,client_id,professional_id,service_id,request_status_id) VALUES ('89','2023-05-31 16:38:04.725','I am not sure what is going on, but we are having trouble with the broken branch, it is hanging. Kinda looks like it might fall on the house uh... Really wanna get this one fixed before my partner returns from their trip...','2602','8','1','3','3');
INSERT INTO request (request_id,request_date,instruction,postcode,client_id,professional_id,service_id,request_status_id) VALUES ('90','2023-06-01 10:15:05.032','Bonjour sir/madam. The partner and I figured it would be best to get a professional to sort out the issue with the tree, it has fallen on top of the house! Not the damn house! Help me if my partner sees this and confirms they were right. This one might be bad haha...','2602','11','1','2','1');
INSERT INTO request (request_id,request_date,instruction,postcode,client_id,professional_id,service_id,request_status_id) VALUES ('91','2023-06-08 13:24:33.28','Ayyyyyye pro man or woman, help us with the broken branch, it is hanging. Kinda looks like it might fall on the house uh... I do not want to be rude, but could this please be looked at with haste?','2600','19','16','2','4');
INSERT INTO request (request_id,request_date,instruction,postcode,client_id,professional_id,service_id,request_status_id) VALUES ('92','2023-05-18 12:20:25.638','Ayyyyyye pro man or woman, help us with the broken branch, it is hanging. Kinda looks like it might fall on the house uh... Can we please have this sorted quickly?','2600','19','5','4','2');
INSERT INTO request (request_id,request_date,instruction,postcode,client_id,professional_id,service_id,request_status_id) VALUES ('93','2023-06-13 14:56:13.749','Good Morning! There is an issue with the tree in the front yard. It is blocking our view of the coast. Gotta get this one done quick, interest rates are going right up might run out of funds soon!','2602','8','15','2','3');
INSERT INTO request (request_id,request_date,instruction,postcode,client_id,professional_id,service_id,request_status_id) VALUES ('94','2023-06-15 15:47:57.375','Bonjour sir/madam. The partner and I figured it would be best to get a professional to sort out the issue with the tree, it is leaning. Really badly so... I do not want to be rude, but could this please be looked at with haste?','2600','17','16','2','3');
INSERT INTO request (request_id,request_date,instruction,postcode,client_id,professional_id,service_id,request_status_id) VALUES ('95','2023-06-11 06:14:50.101','Hello! Currently I have an issues with my front yard tree. My partner insisted that we plant a tree in the back yard. Now the council has complained forcing us to remove the tree. I should never listened to my partner!! Help me if my partner sees this and confirms they were right. This one might be bad haha...','2602','26','1','2','4');
INSERT INTO request (request_id,request_date,instruction,postcode,client_id,professional_id,service_id,request_status_id) VALUES ('96','2023-05-27 06:34:41.679','Hiya, there is a problem with our tree, it is leaning. Really badly so... I do not want to be rude, but could this please be looked at with haste?','2602','8','15','2','2');
INSERT INTO request (request_id,request_date,instruction,postcode,client_id,professional_id,service_id,request_status_id) VALUES ('97','2023-06-09 19:40:29.449','Hello! Currently I have an issues with my tree. Neighbour planted it actually and I hate it! Gotta get this thing removed. I do not want to be rude, but could this please be looked at with haste?','2774','9',null,'1','4');
INSERT INTO request (request_id,request_date,instruction,postcode,client_id,professional_id,service_id,request_status_id) VALUES ('98','2023-05-30 11:24:32.734','To whom this may concern, I have discovered an issue with my tree, it has fallen on top of the house! Not the damn house! Help me if my partner sees this and confirms they were right. This one might be bad haha...','2600','4','20','2','1');
INSERT INTO request (request_id,request_date,instruction,postcode,client_id,professional_id,service_id,request_status_id) VALUES ('99','2023-06-11 16:14:06.616','To whom this may concern, I have discovered an issue with my front yard tree. My partner insisted that we plant a tree in the back yard. Now the council has complained forcing us to remove the tree. I should never listened to my partner!! Gotta get this one done quick, interest rates are going right up might run out of funds soon!','2600','15','5','4','4');
INSERT INTO request (request_id,request_date,instruction,postcode,client_id,professional_id,service_id,request_status_id) VALUES ('100','2023-06-16 13:33:02.399','Help me! Problem with the front yard tree. My partner insisted that we plant a tree in the back yard. Now the council has complained forcing us to remove the tree. I should never listened to my partner!! Really wanna get this one fixed before my partner returns from their trip...','2602','11',null,'4','3');

ALTER TABLE request_bid AUTO_INCREMENT = 1;

INSERT INTO request_bid (request_bid_id,request_id,professional_id,amount,sent_date,bid_status_id) VALUES ('1','1','9','124.54487126697418','2023-06-16 10:39:05.464','2');
INSERT INTO request_bid (request_bid_id,request_id,professional_id,amount,sent_date,bid_status_id) VALUES ('2','1','9','125.50619230145354','2023-06-09 08:18:58.448','3');
INSERT INTO request_bid (request_bid_id,request_id,professional_id,amount,sent_date,bid_status_id) VALUES ('3','2','5','11.092160142910423','2023-05-21 12:06:10.791','3');
INSERT INTO request_bid (request_bid_id,request_id,professional_id,amount,sent_date,bid_status_id) VALUES ('4','2','8','83.46762795516491','2023-05-25 06:58:19.898','1');
INSERT INTO request_bid (request_bid_id,request_id,professional_id,amount,sent_date,bid_status_id) VALUES ('5','2','8','70.13544575163371','2023-05-28 17:54:07.916','1');
INSERT INTO request_bid (request_bid_id,request_id,professional_id,amount,sent_date,bid_status_id) VALUES ('6','2','8','122.3983821056663','2023-05-27 14:20:24.289','1');
INSERT INTO request_bid (request_bid_id,request_id,professional_id,amount,sent_date,bid_status_id) VALUES ('7','2','18','38.368112559492914','2023-06-05 01:53:49.191','3');
INSERT INTO request_bid (request_bid_id,request_id,professional_id,amount,sent_date,bid_status_id) VALUES ('8','2','18','193.34861121081482','2023-05-29 23:59:10.383','2');
INSERT INTO request_bid (request_bid_id,request_id,professional_id,amount,sent_date,bid_status_id) VALUES ('9','2','18','30.237084709681266','2023-05-20 04:50:49.044','3');
INSERT INTO request_bid (request_bid_id,request_id,professional_id,amount,sent_date,bid_status_id) VALUES ('10','2','19','128.70734741836714','2023-05-24 20:37:09.956','3');
INSERT INTO request_bid (request_bid_id,request_id,professional_id,amount,sent_date,bid_status_id) VALUES ('11','3','16','48.62861169217617','2023-06-03 15:26:44.698','2');
INSERT INTO request_bid (request_bid_id,request_id,professional_id,amount,sent_date,bid_status_id) VALUES ('12','3','18','60.1992959259617','2023-06-11 20:13:38.886','3');
INSERT INTO request_bid (request_bid_id,request_id,professional_id,amount,sent_date,bid_status_id) VALUES ('13','3','20','59.4356818919575','2023-05-21 14:35:43.704','3');
INSERT INTO request_bid (request_bid_id,request_id,professional_id,amount,sent_date,bid_status_id) VALUES ('14','4','5','108.88908075293008','2023-05-27 07:31:00.913','2');
INSERT INTO request_bid (request_bid_id,request_id,professional_id,amount,sent_date,bid_status_id) VALUES ('15','4','12','27.579122637415274','2023-05-27 07:10:34.049','3');
INSERT INTO request_bid (request_bid_id,request_id,professional_id,amount,sent_date,bid_status_id) VALUES ('16','4','19','190.3249641139247','2023-06-15 01:52:42.875','3');
INSERT INTO request_bid (request_bid_id,request_id,professional_id,amount,sent_date,bid_status_id) VALUES ('17','4','20','193.46207235855255','2023-06-13 00:05:02.301','3');
INSERT INTO request_bid (request_bid_id,request_id,professional_id,amount,sent_date,bid_status_id) VALUES ('18','5','16','18.795675631320826','2023-05-23 11:10:40.662','3');
INSERT INTO request_bid (request_bid_id,request_id,professional_id,amount,sent_date,bid_status_id) VALUES ('19','5','18','18.828093524682636','2023-06-14 14:42:38.206','3');
INSERT INTO request_bid (request_bid_id,request_id,professional_id,amount,sent_date,bid_status_id) VALUES ('20','5','20','108.00910284659788','2023-05-28 17:13:16.403','2');
INSERT INTO request_bid (request_bid_id,request_id,professional_id,amount,sent_date,bid_status_id) VALUES ('21','6','9','57.523815196686044','2023-05-26 07:09:34.428','2');
INSERT INTO request_bid (request_bid_id,request_id,professional_id,amount,sent_date,bid_status_id) VALUES ('22','6','9','33.08207805650792','2023-05-25 00:02:36.896','3');
INSERT INTO request_bid (request_bid_id,request_id,professional_id,amount,sent_date,bid_status_id) VALUES ('23','7','1','144.90089758412932','2023-05-18 03:46:36.777','1');
INSERT INTO request_bid (request_bid_id,request_id,professional_id,amount,sent_date,bid_status_id) VALUES ('24','8','16','122.43583371422021','2023-05-24 03:28:01.321','2');
INSERT INTO request_bid (request_bid_id,request_id,professional_id,amount,sent_date,bid_status_id) VALUES ('25','8','18','28.83386387599869','2023-06-16 15:30:19.456','3');
INSERT INTO request_bid (request_bid_id,request_id,professional_id,amount,sent_date,bid_status_id) VALUES ('26','8','20','92.98590686865282','2023-06-15 05:54:58.629','3');
INSERT INTO request_bid (request_bid_id,request_id,professional_id,amount,sent_date,bid_status_id) VALUES ('27','9','16','96.95243910854211','2023-06-14 00:21:30.761','3');
INSERT INTO request_bid (request_bid_id,request_id,professional_id,amount,sent_date,bid_status_id) VALUES ('28','10','1','34.862563650461624','2023-06-14 08:58:12.441','3');
INSERT INTO request_bid (request_bid_id,request_id,professional_id,amount,sent_date,bid_status_id) VALUES ('29','10','15','104.68397457019238','2023-06-16 19:00:20.727','3');
INSERT INTO request_bid (request_bid_id,request_id,professional_id,amount,sent_date,bid_status_id) VALUES ('30','10','17','14.686001122725072','2023-05-28 14:12:36.837','3');
INSERT INTO request_bid (request_bid_id,request_id,professional_id,amount,sent_date,bid_status_id) VALUES ('31','11','5','47.20586918003767','2023-06-14 01:44:39.022','2');
INSERT INTO request_bid (request_bid_id,request_id,professional_id,amount,sent_date,bid_status_id) VALUES ('32','11','8','66.09079795475262','2023-05-20 16:53:54.941','3');
INSERT INTO request_bid (request_bid_id,request_id,professional_id,amount,sent_date,bid_status_id) VALUES ('33','11','8','156.9760900420901','2023-05-18 18:01:26.692','3');
INSERT INTO request_bid (request_bid_id,request_id,professional_id,amount,sent_date,bid_status_id) VALUES ('34','11','8','131.05308040949012','2023-05-22 14:59:20.911','3');
INSERT INTO request_bid (request_bid_id,request_id,professional_id,amount,sent_date,bid_status_id) VALUES ('35','11','18','157.49939971890208','2023-06-05 09:30:46.052','3');
INSERT INTO request_bid (request_bid_id,request_id,professional_id,amount,sent_date,bid_status_id) VALUES ('36','11','18','177.29844517370805','2023-06-13 22:18:28.547','3');
INSERT INTO request_bid (request_bid_id,request_id,professional_id,amount,sent_date,bid_status_id) VALUES ('37','11','18','139.87861560629386','2023-05-30 07:59:32.125','3');
INSERT INTO request_bid (request_bid_id,request_id,professional_id,amount,sent_date,bid_status_id) VALUES ('38','11','19','124.3939334666351','2023-05-31 15:35:10.225','3');
INSERT INTO request_bid (request_bid_id,request_id,professional_id,amount,sent_date,bid_status_id) VALUES ('39','12','16','95.94902762469574','2023-06-13 07:42:09.471','2');
INSERT INTO request_bid (request_bid_id,request_id,professional_id,amount,sent_date,bid_status_id) VALUES ('40','13','1','132.95538952372428','2023-05-24 19:37:10.665','3');
INSERT INTO request_bid (request_bid_id,request_id,professional_id,amount,sent_date,bid_status_id) VALUES ('41','13','1','28.992414008590615','2023-05-31 23:46:59.102','1');
INSERT INTO request_bid (request_bid_id,request_id,professional_id,amount,sent_date,bid_status_id) VALUES ('42','13','9','183.18960386859158','2023-06-16 06:32:00.837','1');
INSERT INTO request_bid (request_bid_id,request_id,professional_id,amount,sent_date,bid_status_id) VALUES ('43','13','15','141.31203877467053','2023-05-23 17:55:16.901','3');
INSERT INTO request_bid (request_bid_id,request_id,professional_id,amount,sent_date,bid_status_id) VALUES ('44','13','15','11.192173396326803','2023-05-23 08:36:03.486','3');
INSERT INTO request_bid (request_bid_id,request_id,professional_id,amount,sent_date,bid_status_id) VALUES ('45','13','15','70.4953047130017','2023-06-12 11:09:38.109','3');
INSERT INTO request_bid (request_bid_id,request_id,professional_id,amount,sent_date,bid_status_id) VALUES ('46','13','17','30.35387215722694','2023-05-24 05:50:13.983','1');
INSERT INTO request_bid (request_bid_id,request_id,professional_id,amount,sent_date,bid_status_id) VALUES ('47','14','12','95.52822447289819','2023-06-13 01:09:55.27','2');
INSERT INTO request_bid (request_bid_id,request_id,professional_id,amount,sent_date,bid_status_id) VALUES ('48','14','16','148.9588218023814','2023-06-11 11:36:58.294','3');
INSERT INTO request_bid (request_bid_id,request_id,professional_id,amount,sent_date,bid_status_id) VALUES ('49','14','19','61.762398194757594','2023-06-08 12:47:24.32','3');
INSERT INTO request_bid (request_bid_id,request_id,professional_id,amount,sent_date,bid_status_id) VALUES ('50','15','9','82.93766689394054','2023-05-26 10:09:30.682','1');
INSERT INTO request_bid (request_bid_id,request_id,professional_id,amount,sent_date,bid_status_id) VALUES ('51','15','9','94.7578829408877','2023-06-15 12:10:01.946','1');
INSERT INTO request_bid (request_bid_id,request_id,professional_id,amount,sent_date,bid_status_id) VALUES ('52','16','1','133.30600450696582','2023-06-12 16:51:12.223','2');
INSERT INTO request_bid (request_bid_id,request_id,professional_id,amount,sent_date,bid_status_id) VALUES ('53','16','15','59.15272673040782','2023-05-22 18:28:16.361','3');
INSERT INTO request_bid (request_bid_id,request_id,professional_id,amount,sent_date,bid_status_id) VALUES ('54','16','17','36.715482803577856','2023-05-20 00:20:14.518','3');
INSERT INTO request_bid (request_bid_id,request_id,professional_id,amount,sent_date,bid_status_id) VALUES ('55','17','16','157.52963114151342','2023-05-24 05:40:15.763','3');
INSERT INTO request_bid (request_bid_id,request_id,professional_id,amount,sent_date,bid_status_id) VALUES ('56','17','18','103.53363337501975','2023-05-18 00:31:58.482','1');
INSERT INTO request_bid (request_bid_id,request_id,professional_id,amount,sent_date,bid_status_id) VALUES ('57','17','20','164.73827950589575','2023-05-31 18:35:53.27','2');
INSERT INTO request_bid (request_bid_id,request_id,professional_id,amount,sent_date,bid_status_id) VALUES ('58','18','12','104.80613914410279','2023-06-02 16:16:15.806','1');
INSERT INTO request_bid (request_bid_id,request_id,professional_id,amount,sent_date,bid_status_id) VALUES ('59','18','16','193.31337456822877','2023-06-14 20:14:38.866','2');
INSERT INTO request_bid (request_bid_id,request_id,professional_id,amount,sent_date,bid_status_id) VALUES ('60','18','19','199.355707420644','2023-06-04 12:32:45.114','3');
INSERT INTO request_bid (request_bid_id,request_id,professional_id,amount,sent_date,bid_status_id) VALUES ('61','19','12','189.44876688544667','2023-05-24 01:39:49.154','2');
INSERT INTO request_bid (request_bid_id,request_id,professional_id,amount,sent_date,bid_status_id) VALUES ('62','19','16','147.46800665560718','2023-06-12 18:16:12.611','3');
INSERT INTO request_bid (request_bid_id,request_id,professional_id,amount,sent_date,bid_status_id) VALUES ('63','19','19','113.85695065060956','2023-06-05 09:45:33.464','3');
INSERT INTO request_bid (request_bid_id,request_id,professional_id,amount,sent_date,bid_status_id) VALUES ('64','20','5','102.54894945904034','2023-06-09 23:49:34.653','3');
INSERT INTO request_bid (request_bid_id,request_id,professional_id,amount,sent_date,bid_status_id) VALUES ('65','20','12','165.96126529098595','2023-06-08 13:04:01.468','2');
INSERT INTO request_bid (request_bid_id,request_id,professional_id,amount,sent_date,bid_status_id) VALUES ('66','20','19','40.75477184915917','2023-06-13 01:09:47.643','3');
INSERT INTO request_bid (request_bid_id,request_id,professional_id,amount,sent_date,bid_status_id) VALUES ('67','20','20','34.269460036382924','2023-06-08 00:19:57.047','3');
INSERT INTO request_bid (request_bid_id,request_id,professional_id,amount,sent_date,bid_status_id) VALUES ('68','21','16','40.91619769978955','2023-05-18 16:17:25.965','1');
INSERT INTO request_bid (request_bid_id,request_id,professional_id,amount,sent_date,bid_status_id) VALUES ('69','21','18','185.76099412160477','2023-05-21 19:56:26.295','3');
INSERT INTO request_bid (request_bid_id,request_id,professional_id,amount,sent_date,bid_status_id) VALUES ('70','21','20','48.297769136211265','2023-05-21 03:56:01.728','3');
INSERT INTO request_bid (request_bid_id,request_id,professional_id,amount,sent_date,bid_status_id) VALUES ('71','22','1','29.817751313760567','2023-06-16 13:51:15.074','2');
INSERT INTO request_bid (request_bid_id,request_id,professional_id,amount,sent_date,bid_status_id) VALUES ('72','22','15','93.7694861879248','2023-05-29 12:21:05.83','3');
INSERT INTO request_bid (request_bid_id,request_id,professional_id,amount,sent_date,bid_status_id) VALUES ('73','22','17','27.804448163867264','2023-06-12 20:49:36.108','3');
INSERT INTO request_bid (request_bid_id,request_id,professional_id,amount,sent_date,bid_status_id) VALUES ('74','23','16','179.97132005155643','2023-05-25 03:09:06.481','1');
INSERT INTO request_bid (request_bid_id,request_id,professional_id,amount,sent_date,bid_status_id) VALUES ('75','23','18','199.9538513802053','2023-06-02 06:03:43.841','1');
INSERT INTO request_bid (request_bid_id,request_id,professional_id,amount,sent_date,bid_status_id) VALUES ('76','23','20','185.8357601488023','2023-05-30 07:54:43.738','3');
INSERT INTO request_bid (request_bid_id,request_id,professional_id,amount,sent_date,bid_status_id) VALUES ('77','24','5','22.6584586826921','2023-05-23 10:19:27.004','3');
INSERT INTO request_bid (request_bid_id,request_id,professional_id,amount,sent_date,bid_status_id) VALUES ('78','24','8','47.565675231820514','2023-06-11 12:04:18.057','1');
INSERT INTO request_bid (request_bid_id,request_id,professional_id,amount,sent_date,bid_status_id) VALUES ('79','24','8','92.44268951856614','2023-05-23 03:47:32.643','1');
INSERT INTO request_bid (request_bid_id,request_id,professional_id,amount,sent_date,bid_status_id) VALUES ('80','24','8','58.441968980997814','2023-05-24 13:12:30.733','1');
INSERT INTO request_bid (request_bid_id,request_id,professional_id,amount,sent_date,bid_status_id) VALUES ('81','24','18','48.98753792353267','2023-06-07 16:15:49.084','3');
INSERT INTO request_bid (request_bid_id,request_id,professional_id,amount,sent_date,bid_status_id) VALUES ('82','24','18','137.1773408451533','2023-06-04 14:33:59.249','2');
INSERT INTO request_bid (request_bid_id,request_id,professional_id,amount,sent_date,bid_status_id) VALUES ('83','24','18','191.97517021488156','2023-06-01 10:57:15.253','3');
INSERT INTO request_bid (request_bid_id,request_id,professional_id,amount,sent_date,bid_status_id) VALUES ('84','24','19','142.6797514941957','2023-06-09 00:26:38.515','3');
INSERT INTO request_bid (request_bid_id,request_id,professional_id,amount,sent_date,bid_status_id) VALUES ('85','25','9','136.56154913702898','2023-05-27 11:02:41.222','2');
INSERT INTO request_bid (request_bid_id,request_id,professional_id,amount,sent_date,bid_status_id) VALUES ('86','25','9','54.73436002627793','2023-06-16 11:26:33.045','3');
INSERT INTO request_bid (request_bid_id,request_id,professional_id,amount,sent_date,bid_status_id) VALUES ('87','26','1','29.474158217944108','2023-06-09 11:41:29.444','3');
INSERT INTO request_bid (request_bid_id,request_id,professional_id,amount,sent_date,bid_status_id) VALUES ('88','27','12','98.7623143695945','2023-06-07 09:23:15.274','1');
INSERT INTO request_bid (request_bid_id,request_id,professional_id,amount,sent_date,bid_status_id) VALUES ('89','27','16','65.75377601043999','2023-05-25 02:19:53.63','1');
INSERT INTO request_bid (request_bid_id,request_id,professional_id,amount,sent_date,bid_status_id) VALUES ('90','27','19','155.3295041468513','2023-05-25 16:58:59.421','2');
INSERT INTO request_bid (request_bid_id,request_id,professional_id,amount,sent_date,bid_status_id) VALUES ('91','28','16','185.7330539325229','2023-06-08 04:52:27.374','1');
INSERT INTO request_bid (request_bid_id,request_id,professional_id,amount,sent_date,bid_status_id) VALUES ('92','28','18','133.13095187765975','2023-05-25 15:41:09.268','2');
INSERT INTO request_bid (request_bid_id,request_id,professional_id,amount,sent_date,bid_status_id) VALUES ('93','28','20','83.29551861901703','2023-05-29 09:07:31.754','3');
INSERT INTO request_bid (request_bid_id,request_id,professional_id,amount,sent_date,bid_status_id) VALUES ('94','29','1','117.08201719429978','2023-06-13 12:05:31.376','3');
INSERT INTO request_bid (request_bid_id,request_id,professional_id,amount,sent_date,bid_status_id) VALUES ('95','29','1','178.16870481211546','2023-06-01 19:44:25.277','3');
INSERT INTO request_bid (request_bid_id,request_id,professional_id,amount,sent_date,bid_status_id) VALUES ('96','29','9','130.10005930258723','2023-06-03 22:54:47.778','2');
INSERT INTO request_bid (request_bid_id,request_id,professional_id,amount,sent_date,bid_status_id) VALUES ('97','29','15','70.2631817688886','2023-06-03 08:21:04.813','3');
INSERT INTO request_bid (request_bid_id,request_id,professional_id,amount,sent_date,bid_status_id) VALUES ('98','29','15','40.37277346410228','2023-05-25 14:43:46.798','3');
INSERT INTO request_bid (request_bid_id,request_id,professional_id,amount,sent_date,bid_status_id) VALUES ('99','29','15','161.95289665607305','2023-05-29 22:13:43.93','3');
INSERT INTO request_bid (request_bid_id,request_id,professional_id,amount,sent_date,bid_status_id) VALUES ('100','29','17','36.62821825980295','2023-05-22 14:39:15.683','3');
INSERT INTO request_bid (request_bid_id,request_id,professional_id,amount,sent_date,bid_status_id) VALUES ('101','30','12','138.60610350532636','2023-05-26 00:25:21.426','1');
INSERT INTO request_bid (request_bid_id,request_id,professional_id,amount,sent_date,bid_status_id) VALUES ('102','30','16','35.65743005293545','2023-06-15 21:07:21.472','1');
INSERT INTO request_bid (request_bid_id,request_id,professional_id,amount,sent_date,bid_status_id) VALUES ('103','30','19','17.96983355111669','2023-06-08 05:41:18.009','3');
INSERT INTO request_bid (request_bid_id,request_id,professional_id,amount,sent_date,bid_status_id) VALUES ('104','31','16','127.28447573009673','2023-05-24 05:38:22.621','1');
INSERT INTO request_bid (request_bid_id,request_id,professional_id,amount,sent_date,bid_status_id) VALUES ('105','31','18','121.02739638672485','2023-06-02 02:42:21.667','1');
INSERT INTO request_bid (request_bid_id,request_id,professional_id,amount,sent_date,bid_status_id) VALUES ('106','31','20','101.79169335318659','2023-06-01 14:25:20.496','3');
INSERT INTO request_bid (request_bid_id,request_id,professional_id,amount,sent_date,bid_status_id) VALUES ('107','32','5','155.9949355319489','2023-05-31 21:03:25.689','3');
INSERT INTO request_bid (request_bid_id,request_id,professional_id,amount,sent_date,bid_status_id) VALUES ('108','32','12','107.38421648655242','2023-05-27 09:12:32.946','2');
INSERT INTO request_bid (request_bid_id,request_id,professional_id,amount,sent_date,bid_status_id) VALUES ('109','32','19','94.56470977992812','2023-05-19 19:52:16.999','3');
INSERT INTO request_bid (request_bid_id,request_id,professional_id,amount,sent_date,bid_status_id) VALUES ('110','32','20','189.36860587498623','2023-05-20 03:09:40.703','3');
INSERT INTO request_bid (request_bid_id,request_id,professional_id,amount,sent_date,bid_status_id) VALUES ('111','33','9','29.328455270440536','2023-05-26 15:11:24.909','2');
INSERT INTO request_bid (request_bid_id,request_id,professional_id,amount,sent_date,bid_status_id) VALUES ('112','33','9','125.52821341784193','2023-06-10 04:45:34.545','3');
INSERT INTO request_bid (request_bid_id,request_id,professional_id,amount,sent_date,bid_status_id) VALUES ('113','34','16','49.31920014188414','2023-05-20 21:54:31.88','1');
INSERT INTO request_bid (request_bid_id,request_id,professional_id,amount,sent_date,bid_status_id) VALUES ('114','34','18','143.84967487881696','2023-05-21 10:29:41.491','3');
INSERT INTO request_bid (request_bid_id,request_id,professional_id,amount,sent_date,bid_status_id) VALUES ('115','34','20','185.82011745204326','2023-05-29 19:01:48.424','3');
INSERT INTO request_bid (request_bid_id,request_id,professional_id,amount,sent_date,bid_status_id) VALUES ('116','35','5','101.99557625487355','2023-05-22 06:25:08.497','2');
INSERT INTO request_bid (request_bid_id,request_id,professional_id,amount,sent_date,bid_status_id) VALUES ('117','35','8','88.39913110220131','2023-05-30 11:49:58.536','3');
INSERT INTO request_bid (request_bid_id,request_id,professional_id,amount,sent_date,bid_status_id) VALUES ('118','35','8','156.23723333878524','2023-05-21 05:46:36.849','3');
INSERT INTO request_bid (request_bid_id,request_id,professional_id,amount,sent_date,bid_status_id) VALUES ('119','35','8','154.09023454557112','2023-06-12 17:14:11.363','3');
INSERT INTO request_bid (request_bid_id,request_id,professional_id,amount,sent_date,bid_status_id) VALUES ('120','35','18','75.42561558503228','2023-06-04 12:17:03.502','3');
INSERT INTO request_bid (request_bid_id,request_id,professional_id,amount,sent_date,bid_status_id) VALUES ('121','35','18','197.00467461959173','2023-05-19 23:00:10.053','3');
INSERT INTO request_bid (request_bid_id,request_id,professional_id,amount,sent_date,bid_status_id) VALUES ('122','35','18','97.36819182640699','2023-06-02 11:52:50.226','3');
INSERT INTO request_bid (request_bid_id,request_id,professional_id,amount,sent_date,bid_status_id) VALUES ('123','35','19','186.07480567806746','2023-05-19 18:02:11.085','3');
INSERT INTO request_bid (request_bid_id,request_id,professional_id,amount,sent_date,bid_status_id) VALUES ('124','36','12','180.88070022495546','2023-05-27 23:48:59.907','3');
INSERT INTO request_bid (request_bid_id,request_id,professional_id,amount,sent_date,bid_status_id) VALUES ('125','36','16','55.647985472995686','2023-05-28 00:34:27.216','3');
INSERT INTO request_bid (request_bid_id,request_id,professional_id,amount,sent_date,bid_status_id) VALUES ('126','36','19','70.26906576882844','2023-05-25 11:42:56.585','1');
INSERT INTO request_bid (request_bid_id,request_id,professional_id,amount,sent_date,bid_status_id) VALUES ('127','37','12','35.011927739471005','2023-06-12 11:23:15.667','2');
INSERT INTO request_bid (request_bid_id,request_id,professional_id,amount,sent_date,bid_status_id) VALUES ('128','37','16','108.99963317541584','2023-06-08 06:09:35.716','3');
INSERT INTO request_bid (request_bid_id,request_id,professional_id,amount,sent_date,bid_status_id) VALUES ('129','37','19','176.90013006213542','2023-05-18 18:00:48.725','3');
INSERT INTO request_bid (request_bid_id,request_id,professional_id,amount,sent_date,bid_status_id) VALUES ('130','38','16','47.80432509706423','2023-05-19 06:15:42.476','3');
INSERT INTO request_bid (request_bid_id,request_id,professional_id,amount,sent_date,bid_status_id) VALUES ('131','39','5','13.579250336076033','2023-05-30 13:51:08.226','2');
INSERT INTO request_bid (request_bid_id,request_id,professional_id,amount,sent_date,bid_status_id) VALUES ('132','39','12','93.41593723575643','2023-06-13 16:00:01.21','3');
INSERT INTO request_bid (request_bid_id,request_id,professional_id,amount,sent_date,bid_status_id) VALUES ('133','39','19','52.9785603543298','2023-05-28 04:32:39.205','3');
INSERT INTO request_bid (request_bid_id,request_id,professional_id,amount,sent_date,bid_status_id) VALUES ('134','39','20','92.20311092262044','2023-06-06 09:52:24.527','3');
INSERT INTO request_bid (request_bid_id,request_id,professional_id,amount,sent_date,bid_status_id) VALUES ('135','40','9','81.01731280777267','2023-05-25 04:51:00.658','2');
INSERT INTO request_bid (request_bid_id,request_id,professional_id,amount,sent_date,bid_status_id) VALUES ('136','40','9','104.33925257673815','2023-06-03 21:41:54.552','3');
INSERT INTO request_bid (request_bid_id,request_id,professional_id,amount,sent_date,bid_status_id) VALUES ('137','41','12','101.31784381446732','2023-06-07 01:38:21.718','3');
INSERT INTO request_bid (request_bid_id,request_id,professional_id,amount,sent_date,bid_status_id) VALUES ('138','41','16','15.809801444405558','2023-06-12 05:05:05.221','1');
INSERT INTO request_bid (request_bid_id,request_id,professional_id,amount,sent_date,bid_status_id) VALUES ('139','41','19','165.3677589970734','2023-06-11 20:53:01.048','3');
INSERT INTO request_bid (request_bid_id,request_id,professional_id,amount,sent_date,bid_status_id) VALUES ('140','42','5','23.143911609199613','2023-05-24 07:20:31.746','2');
INSERT INTO request_bid (request_bid_id,request_id,professional_id,amount,sent_date,bid_status_id) VALUES ('141','42','8','127.62254099413808','2023-06-06 22:18:21.459','3');
INSERT INTO request_bid (request_bid_id,request_id,professional_id,amount,sent_date,bid_status_id) VALUES ('142','42','8','72.29647759488344','2023-06-16 14:02:05.666','3');
INSERT INTO request_bid (request_bid_id,request_id,professional_id,amount,sent_date,bid_status_id) VALUES ('143','42','8','174.40038048202803','2023-05-28 23:54:41.383','3');
INSERT INTO request_bid (request_bid_id,request_id,professional_id,amount,sent_date,bid_status_id) VALUES ('144','42','18','41.26133217963472','2023-05-27 19:59:19.487','3');
INSERT INTO request_bid (request_bid_id,request_id,professional_id,amount,sent_date,bid_status_id) VALUES ('145','42','18','134.1508325250989','2023-05-27 13:02:43.9','3');
INSERT INTO request_bid (request_bid_id,request_id,professional_id,amount,sent_date,bid_status_id) VALUES ('146','42','18','88.40892468286103','2023-05-30 08:28:08.334','3');
INSERT INTO request_bid (request_bid_id,request_id,professional_id,amount,sent_date,bid_status_id) VALUES ('147','42','19','151.76354362049454','2023-06-15 19:03:20.607','3');
INSERT INTO request_bid (request_bid_id,request_id,professional_id,amount,sent_date,bid_status_id) VALUES ('148','43','12','74.18284694052102','2023-05-24 16:34:58.776','2');
INSERT INTO request_bid (request_bid_id,request_id,professional_id,amount,sent_date,bid_status_id) VALUES ('149','43','16','93.88694460785139','2023-05-30 04:51:19.497','3');
INSERT INTO request_bid (request_bid_id,request_id,professional_id,amount,sent_date,bid_status_id) VALUES ('150','43','19','147.01477239724906','2023-05-31 02:18:28.887','3');
INSERT INTO request_bid (request_bid_id,request_id,professional_id,amount,sent_date,bid_status_id) VALUES ('151','44','16','105.23814979446912','2023-05-26 02:49:48.327','1');
INSERT INTO request_bid (request_bid_id,request_id,professional_id,amount,sent_date,bid_status_id) VALUES ('152','45','16','59.519625384977985','2023-05-24 02:14:58.821','2');
INSERT INTO request_bid (request_bid_id,request_id,professional_id,amount,sent_date,bid_status_id) VALUES ('153','45','18','118.8740236724285','2023-06-07 18:14:22.334','3');
INSERT INTO request_bid (request_bid_id,request_id,professional_id,amount,sent_date,bid_status_id) VALUES ('154','45','20','11.791432687075044','2023-05-31 14:24:45.218','3');
INSERT INTO request_bid (request_bid_id,request_id,professional_id,amount,sent_date,bid_status_id) VALUES ('155','46','1','68.21144770519521','2023-06-02 05:32:39.669','2');
INSERT INTO request_bid (request_bid_id,request_id,professional_id,amount,sent_date,bid_status_id) VALUES ('156','46','1','112.95633786241544','2023-05-23 22:43:21.413','3');
INSERT INTO request_bid (request_bid_id,request_id,professional_id,amount,sent_date,bid_status_id) VALUES ('157','46','9','198.1699938242619','2023-05-28 22:44:29.164','3');
INSERT INTO request_bid (request_bid_id,request_id,professional_id,amount,sent_date,bid_status_id) VALUES ('158','46','15','154.05656783006077','2023-06-13 04:42:35.584','3');
INSERT INTO request_bid (request_bid_id,request_id,professional_id,amount,sent_date,bid_status_id) VALUES ('159','46','15','139.20800231371126','2023-06-07 10:42:17.386','3');
INSERT INTO request_bid (request_bid_id,request_id,professional_id,amount,sent_date,bid_status_id) VALUES ('160','46','15','62.09521006962037','2023-05-22 20:16:19.897','3');
INSERT INTO request_bid (request_bid_id,request_id,professional_id,amount,sent_date,bid_status_id) VALUES ('161','46','17','179.73716220739217','2023-06-14 04:58:20.963','3');
INSERT INTO request_bid (request_bid_id,request_id,professional_id,amount,sent_date,bid_status_id) VALUES ('162','47','1','180.9883440964491','2023-06-16 20:02:13.992','1');
INSERT INTO request_bid (request_bid_id,request_id,professional_id,amount,sent_date,bid_status_id) VALUES ('163','47','1','170.9736121240866','2023-05-19 14:57:14.437','1');
INSERT INTO request_bid (request_bid_id,request_id,professional_id,amount,sent_date,bid_status_id) VALUES ('164','47','9','51.090846317923244','2023-06-10 12:53:27.819','1');
INSERT INTO request_bid (request_bid_id,request_id,professional_id,amount,sent_date,bid_status_id) VALUES ('165','47','15','82.03740947146699','2023-05-29 23:20:16.813','1');
INSERT INTO request_bid (request_bid_id,request_id,professional_id,amount,sent_date,bid_status_id) VALUES ('166','47','15','159.237520984407','2023-05-23 12:51:45.722','2');
INSERT INTO request_bid (request_bid_id,request_id,professional_id,amount,sent_date,bid_status_id) VALUES ('167','47','15','40.02933829623926','2023-06-07 05:20:02.114','3');
INSERT INTO request_bid (request_bid_id,request_id,professional_id,amount,sent_date,bid_status_id) VALUES ('168','47','17','99.28489748865297','2023-05-31 15:00:41.095','3');
INSERT INTO request_bid (request_bid_id,request_id,professional_id,amount,sent_date,bid_status_id) VALUES ('169','48','5','131.42846611347923','2023-06-06 02:13:32.953','3');
INSERT INTO request_bid (request_bid_id,request_id,professional_id,amount,sent_date,bid_status_id) VALUES ('170','48','8','153.16990494913352','2023-06-04 00:38:22.763','3');
INSERT INTO request_bid (request_bid_id,request_id,professional_id,amount,sent_date,bid_status_id) VALUES ('171','48','8','30.152412479132252','2023-05-29 14:18:09.977','2');
INSERT INTO request_bid (request_bid_id,request_id,professional_id,amount,sent_date,bid_status_id) VALUES ('172','48','8','33.732049006512185','2023-06-11 08:31:56.182','3');
INSERT INTO request_bid (request_bid_id,request_id,professional_id,amount,sent_date,bid_status_id) VALUES ('173','48','18','77.85978493642959','2023-06-03 15:49:33.122','3');
INSERT INTO request_bid (request_bid_id,request_id,professional_id,amount,sent_date,bid_status_id) VALUES ('174','48','18','161.49863668925457','2023-05-29 06:56:41.979','3');
INSERT INTO request_bid (request_bid_id,request_id,professional_id,amount,sent_date,bid_status_id) VALUES ('175','48','18','36.70692561452502','2023-05-25 01:59:38.727','3');
INSERT INTO request_bid (request_bid_id,request_id,professional_id,amount,sent_date,bid_status_id) VALUES ('176','48','19','116.40019883461316','2023-05-18 03:44:14.294','3');
INSERT INTO request_bid (request_bid_id,request_id,professional_id,amount,sent_date,bid_status_id) VALUES ('177','49','6','123.73944814762713','2023-06-10 23:35:51.177','3');
INSERT INTO request_bid (request_bid_id,request_id,professional_id,amount,sent_date,bid_status_id) VALUES ('178','49','9','48.253036640388856','2023-05-30 15:24:23.504','2');
INSERT INTO request_bid (request_bid_id,request_id,professional_id,amount,sent_date,bid_status_id) VALUES ('179','50','9','175.25249628561505','2023-05-18 08:53:07.956','1');
INSERT INTO request_bid (request_bid_id,request_id,professional_id,amount,sent_date,bid_status_id) VALUES ('180','50','9','170.6354404796144','2023-06-02 00:50:50.858','2');
INSERT INTO request_bid (request_bid_id,request_id,professional_id,amount,sent_date,bid_status_id) VALUES ('181','51','9','129.09466432170362','2023-05-30 01:16:36.885','1');
INSERT INTO request_bid (request_bid_id,request_id,professional_id,amount,sent_date,bid_status_id) VALUES ('182','51','9','160.1609323571514','2023-05-31 01:07:05.271','1');
INSERT INTO request_bid (request_bid_id,request_id,professional_id,amount,sent_date,bid_status_id) VALUES ('183','52','12','29.953851948105708','2023-05-19 00:47:03.066','2');
INSERT INTO request_bid (request_bid_id,request_id,professional_id,amount,sent_date,bid_status_id) VALUES ('184','52','16','78.8751200595157','2023-05-18 23:25:53.588','3');
INSERT INTO request_bid (request_bid_id,request_id,professional_id,amount,sent_date,bid_status_id) VALUES ('185','52','19','138.61012998478','2023-05-27 14:12:08.678','3');
INSERT INTO request_bid (request_bid_id,request_id,professional_id,amount,sent_date,bid_status_id) VALUES ('186','53','12','82.49056662659335','2023-06-13 03:31:57.569','2');
INSERT INTO request_bid (request_bid_id,request_id,professional_id,amount,sent_date,bid_status_id) VALUES ('187','53','16','155.81911059313188','2023-06-11 15:49:39.521','3');
INSERT INTO request_bid (request_bid_id,request_id,professional_id,amount,sent_date,bid_status_id) VALUES ('188','53','19','102.35246384214051','2023-06-15 23:31:31.476','3');
INSERT INTO request_bid (request_bid_id,request_id,professional_id,amount,sent_date,bid_status_id) VALUES ('189','54','16','48.620093218903534','2023-05-21 17:58:30.264','1');
INSERT INTO request_bid (request_bid_id,request_id,professional_id,amount,sent_date,bid_status_id) VALUES ('190','55','1','130.06099244275336','2023-05-31 05:40:58.207','3');
INSERT INTO request_bid (request_bid_id,request_id,professional_id,amount,sent_date,bid_status_id) VALUES ('191','56','5','107.62829049347782','2023-06-11 23:30:34.725','2');
INSERT INTO request_bid (request_bid_id,request_id,professional_id,amount,sent_date,bid_status_id) VALUES ('192','56','12','10.824223072145772','2023-05-31 19:34:01.736','3');
INSERT INTO request_bid (request_bid_id,request_id,professional_id,amount,sent_date,bid_status_id) VALUES ('193','56','19','32.73912240840964','2023-05-28 03:21:19.729','3');
INSERT INTO request_bid (request_bid_id,request_id,professional_id,amount,sent_date,bid_status_id) VALUES ('194','56','20','110.60194240797539','2023-06-12 02:29:16.822','3');
INSERT INTO request_bid (request_bid_id,request_id,professional_id,amount,sent_date,bid_status_id) VALUES ('195','57','6','138.75876853490303','2023-06-07 22:31:26.589','2');
INSERT INTO request_bid (request_bid_id,request_id,professional_id,amount,sent_date,bid_status_id) VALUES ('196','57','9','107.01445695702604','2023-06-01 23:24:38.483','3');
INSERT INTO request_bid (request_bid_id,request_id,professional_id,amount,sent_date,bid_status_id) VALUES ('197','58','5','10.902936436317264','2023-05-26 15:34:49.742','1');
INSERT INTO request_bid (request_bid_id,request_id,professional_id,amount,sent_date,bid_status_id) VALUES ('198','58','12','130.7683442502643','2023-05-24 07:55:25.849','1');
INSERT INTO request_bid (request_bid_id,request_id,professional_id,amount,sent_date,bid_status_id) VALUES ('199','58','19','78.82787335397373','2023-05-25 13:53:52.685','2');
INSERT INTO request_bid (request_bid_id,request_id,professional_id,amount,sent_date,bid_status_id) VALUES ('200','58','20','45.0303326543044','2023-05-29 10:06:54.038','3');
INSERT INTO request_bid (request_bid_id,request_id,professional_id,amount,sent_date,bid_status_id) VALUES ('201','59','5','43.30912146538814','2023-06-09 01:49:41.702','3');
INSERT INTO request_bid (request_bid_id,request_id,professional_id,amount,sent_date,bid_status_id) VALUES ('202','59','12','79.68068983238686','2023-05-27 12:16:27.981','3');
INSERT INTO request_bid (request_bid_id,request_id,professional_id,amount,sent_date,bid_status_id) VALUES ('203','59','19','154.68150200637666','2023-05-30 22:43:40.078','3');
INSERT INTO request_bid (request_bid_id,request_id,professional_id,amount,sent_date,bid_status_id) VALUES ('204','59','20','190.16601172084086','2023-06-08 01:24:55.616','1');
INSERT INTO request_bid (request_bid_id,request_id,professional_id,amount,sent_date,bid_status_id) VALUES ('205','60','16','109.37360317139344','2023-06-04 14:51:48.965','3');
INSERT INTO request_bid (request_bid_id,request_id,professional_id,amount,sent_date,bid_status_id) VALUES ('206','61','2','73.58734121450084','2023-06-12 16:15:30.245','2');
INSERT INTO request_bid (request_bid_id,request_id,professional_id,amount,sent_date,bid_status_id) VALUES ('207','62','12','156.13997838990068','2023-05-22 19:00:26.033','2');
INSERT INTO request_bid (request_bid_id,request_id,professional_id,amount,sent_date,bid_status_id) VALUES ('208','62','16','126.44021376383598','2023-06-14 05:59:01.773','3');
INSERT INTO request_bid (request_bid_id,request_id,professional_id,amount,sent_date,bid_status_id) VALUES ('209','62','19','102.98848977950321','2023-06-11 23:26:30.712','3');
INSERT INTO request_bid (request_bid_id,request_id,professional_id,amount,sent_date,bid_status_id) VALUES ('210','63','1','65.88831619937162','2023-05-22 20:11:32.092','3');
INSERT INTO request_bid (request_bid_id,request_id,professional_id,amount,sent_date,bid_status_id) VALUES ('211','64','16','67.17080950012186','2023-05-29 13:27:53.249','1');
INSERT INTO request_bid (request_bid_id,request_id,professional_id,amount,sent_date,bid_status_id) VALUES ('212','65','16','125.216311192305','2023-05-31 17:56:55.392','3');
INSERT INTO request_bid (request_bid_id,request_id,professional_id,amount,sent_date,bid_status_id) VALUES ('213','66','5','45.37476629614296','2023-05-29 21:38:35.122','3');
INSERT INTO request_bid (request_bid_id,request_id,professional_id,amount,sent_date,bid_status_id) VALUES ('214','66','8','107.92340401665358','2023-05-27 21:17:13.59','3');
INSERT INTO request_bid (request_bid_id,request_id,professional_id,amount,sent_date,bid_status_id) VALUES ('215','66','8','14.673741058759141','2023-06-14 03:59:08.007','3');
INSERT INTO request_bid (request_bid_id,request_id,professional_id,amount,sent_date,bid_status_id) VALUES ('216','66','8','186.26589647646372','2023-06-11 06:12:25.961','3');
INSERT INTO request_bid (request_bid_id,request_id,professional_id,amount,sent_date,bid_status_id) VALUES ('217','66','18','194.65846883152778','2023-05-28 06:47:51.848','1');
INSERT INTO request_bid (request_bid_id,request_id,professional_id,amount,sent_date,bid_status_id) VALUES ('218','66','18','99.35825552996471','2023-06-08 16:08:02.224','2');
INSERT INTO request_bid (request_bid_id,request_id,professional_id,amount,sent_date,bid_status_id) VALUES ('219','66','18','150.05936922825808','2023-05-19 09:22:35.737','3');
INSERT INTO request_bid (request_bid_id,request_id,professional_id,amount,sent_date,bid_status_id) VALUES ('220','66','19','48.69634861362552','2023-06-02 04:25:13.051','3');
INSERT INTO request_bid (request_bid_id,request_id,professional_id,amount,sent_date,bid_status_id) VALUES ('221','67','16','39.00006462210756','2023-06-12 16:06:55.203','2');
INSERT INTO request_bid (request_bid_id,request_id,professional_id,amount,sent_date,bid_status_id) VALUES ('222','68','5','91.1791375680583','2023-05-26 16:48:36.043','1');
INSERT INTO request_bid (request_bid_id,request_id,professional_id,amount,sent_date,bid_status_id) VALUES ('223','68','8','136.98732307577816','2023-05-20 13:54:10.918','1');
INSERT INTO request_bid (request_bid_id,request_id,professional_id,amount,sent_date,bid_status_id) VALUES ('224','68','8','96.95845922614028','2023-06-08 23:29:00.528','1');
INSERT INTO request_bid (request_bid_id,request_id,professional_id,amount,sent_date,bid_status_id) VALUES ('225','68','8','42.43002222550655','2023-06-08 06:31:35.682','1');
INSERT INTO request_bid (request_bid_id,request_id,professional_id,amount,sent_date,bid_status_id) VALUES ('226','68','18','174.19382219736545','2023-06-09 04:17:34.963','3');
INSERT INTO request_bid (request_bid_id,request_id,professional_id,amount,sent_date,bid_status_id) VALUES ('227','68','18','145.11936658738432','2023-06-06 05:38:14.531','2');
INSERT INTO request_bid (request_bid_id,request_id,professional_id,amount,sent_date,bid_status_id) VALUES ('228','68','18','190.2830563207863','2023-05-21 08:26:42.149','3');
INSERT INTO request_bid (request_bid_id,request_id,professional_id,amount,sent_date,bid_status_id) VALUES ('229','68','19','19.147530490775054','2023-05-26 06:52:19.851','3');
INSERT INTO request_bid (request_bid_id,request_id,professional_id,amount,sent_date,bid_status_id) VALUES ('230','69','5','174.04841481902943','2023-05-20 08:57:14.603','1');
INSERT INTO request_bid (request_bid_id,request_id,professional_id,amount,sent_date,bid_status_id) VALUES ('231','69','8','53.10442171688777','2023-06-13 23:27:03.113','2');
INSERT INTO request_bid (request_bid_id,request_id,professional_id,amount,sent_date,bid_status_id) VALUES ('232','69','8','93.76932971012349','2023-05-18 18:45:22.49','3');
INSERT INTO request_bid (request_bid_id,request_id,professional_id,amount,sent_date,bid_status_id) VALUES ('233','69','8','144.0874742980568','2023-06-08 11:02:12.607','3');
INSERT INTO request_bid (request_bid_id,request_id,professional_id,amount,sent_date,bid_status_id) VALUES ('234','69','18','25.17703643416098','2023-05-20 05:13:32.483','3');
INSERT INTO request_bid (request_bid_id,request_id,professional_id,amount,sent_date,bid_status_id) VALUES ('235','69','18','32.24854158457144','2023-06-15 02:30:15.82','3');
INSERT INTO request_bid (request_bid_id,request_id,professional_id,amount,sent_date,bid_status_id) VALUES ('236','69','18','125.67654904675287','2023-06-12 14:04:06.014','3');
INSERT INTO request_bid (request_bid_id,request_id,professional_id,amount,sent_date,bid_status_id) VALUES ('237','69','19','161.97133415578708','2023-05-31 22:32:41.607','3');
INSERT INTO request_bid (request_bid_id,request_id,professional_id,amount,sent_date,bid_status_id) VALUES ('238','70','11','72.16403111798566','2023-05-30 02:17:11.753','1');
INSERT INTO request_bid (request_bid_id,request_id,professional_id,amount,sent_date,bid_status_id) VALUES ('239','71','16','185.2805123494018','2023-05-28 05:25:51.308','3');
INSERT INTO request_bid (request_bid_id,request_id,professional_id,amount,sent_date,bid_status_id) VALUES ('240','72','5','45.979899471206345','2023-06-11 03:55:59.265','2');
INSERT INTO request_bid (request_bid_id,request_id,professional_id,amount,sent_date,bid_status_id) VALUES ('241','72','12','135.04335895964587','2023-06-04 12:44:20.51','3');
INSERT INTO request_bid (request_bid_id,request_id,professional_id,amount,sent_date,bid_status_id) VALUES ('242','72','19','44.270215512254865','2023-06-08 02:13:12.509','3');
INSERT INTO request_bid (request_bid_id,request_id,professional_id,amount,sent_date,bid_status_id) VALUES ('243','72','20','173.09645793766362','2023-06-09 10:51:12.39','3');
INSERT INTO request_bid (request_bid_id,request_id,professional_id,amount,sent_date,bid_status_id) VALUES ('244','73','13','72.30663997927044','2023-05-24 10:24:26.844','2');
INSERT INTO request_bid (request_bid_id,request_id,professional_id,amount,sent_date,bid_status_id) VALUES ('245','73','13','88.66704413846715','2023-05-22 11:51:17.513','3');
INSERT INTO request_bid (request_bid_id,request_id,professional_id,amount,sent_date,bid_status_id) VALUES ('246','74','1','190.9748421751365','2023-05-23 09:39:31.623','2');
INSERT INTO request_bid (request_bid_id,request_id,professional_id,amount,sent_date,bid_status_id) VALUES ('247','74','1','133.3659371098862','2023-05-23 11:13:27.454','3');
INSERT INTO request_bid (request_bid_id,request_id,professional_id,amount,sent_date,bid_status_id) VALUES ('248','74','9','147.8981388504191','2023-06-04 22:54:06.148','3');
INSERT INTO request_bid (request_bid_id,request_id,professional_id,amount,sent_date,bid_status_id) VALUES ('249','74','15','176.66082556929734','2023-06-01 15:04:45.464','3');
INSERT INTO request_bid (request_bid_id,request_id,professional_id,amount,sent_date,bid_status_id) VALUES ('250','74','15','165.44275824775872','2023-06-10 02:31:11.92','3');
INSERT INTO request_bid (request_bid_id,request_id,professional_id,amount,sent_date,bid_status_id) VALUES ('251','74','15','139.1244512028037','2023-06-11 08:46:40.655','3');
INSERT INTO request_bid (request_bid_id,request_id,professional_id,amount,sent_date,bid_status_id) VALUES ('252','74','17','169.10075886296502','2023-05-27 14:18:08.857','3');
INSERT INTO request_bid (request_bid_id,request_id,professional_id,amount,sent_date,bid_status_id) VALUES ('253','75','16','63.17513586968553','2023-06-11 23:11:19.02','3');
INSERT INTO request_bid (request_bid_id,request_id,professional_id,amount,sent_date,bid_status_id) VALUES ('254','76','5','120.87612205786469','2023-06-13 09:09:01.507','2');
INSERT INTO request_bid (request_bid_id,request_id,professional_id,amount,sent_date,bid_status_id) VALUES ('255','76','12','173.84342184642222','2023-05-30 05:25:16.432','3');
INSERT INTO request_bid (request_bid_id,request_id,professional_id,amount,sent_date,bid_status_id) VALUES ('256','76','19','113.17315642141669','2023-06-15 12:21:04.95','3');
INSERT INTO request_bid (request_bid_id,request_id,professional_id,amount,sent_date,bid_status_id) VALUES ('257','76','20','50.726540965914474','2023-05-22 15:18:24.267','3');
INSERT INTO request_bid (request_bid_id,request_id,professional_id,amount,sent_date,bid_status_id) VALUES ('258','77','3','83.65843198833583','2023-06-15 01:28:18.592','1');
INSERT INTO request_bid (request_bid_id,request_id,professional_id,amount,sent_date,bid_status_id) VALUES ('259','78','16','88.02801282301482','2023-06-08 19:55:28.696','1');
INSERT INTO request_bid (request_bid_id,request_id,professional_id,amount,sent_date,bid_status_id) VALUES ('260','78','18','77.47473856210698','2023-06-01 02:44:43.586','2');
INSERT INTO request_bid (request_bid_id,request_id,professional_id,amount,sent_date,bid_status_id) VALUES ('261','78','20','36.63420978990774','2023-06-06 18:32:54.257','3');
INSERT INTO request_bid (request_bid_id,request_id,professional_id,amount,sent_date,bid_status_id) VALUES ('262','79','1','179.7161558045149','2023-05-22 16:35:45.192','2');
INSERT INTO request_bid (request_bid_id,request_id,professional_id,amount,sent_date,bid_status_id) VALUES ('263','80','1','176.36407284428392','2023-06-14 14:59:48.691','2');
INSERT INTO request_bid (request_bid_id,request_id,professional_id,amount,sent_date,bid_status_id) VALUES ('264','80','1','148.49744681304028','2023-06-04 10:31:35.591','3');
INSERT INTO request_bid (request_bid_id,request_id,professional_id,amount,sent_date,bid_status_id) VALUES ('265','80','9','159.4260405568099','2023-05-29 18:29:02.194','3');
INSERT INTO request_bid (request_bid_id,request_id,professional_id,amount,sent_date,bid_status_id) VALUES ('266','80','15','116.63675598843743','2023-06-14 23:25:43.306','3');
INSERT INTO request_bid (request_bid_id,request_id,professional_id,amount,sent_date,bid_status_id) VALUES ('267','80','15','22.0814125774804','2023-06-12 10:19:59.649','3');
INSERT INTO request_bid (request_bid_id,request_id,professional_id,amount,sent_date,bid_status_id) VALUES ('268','80','15','32.12451909801612','2023-05-18 23:42:30.587','3');
INSERT INTO request_bid (request_bid_id,request_id,professional_id,amount,sent_date,bid_status_id) VALUES ('269','80','17','111.03552189287302','2023-06-08 10:23:22.548','3');
INSERT INTO request_bid (request_bid_id,request_id,professional_id,amount,sent_date,bid_status_id) VALUES ('270','81','1','77.46402020488978','2023-05-26 08:58:49.212','3');
INSERT INTO request_bid (request_bid_id,request_id,professional_id,amount,sent_date,bid_status_id) VALUES ('271','81','15','89.66608320905543','2023-06-13 20:32:16.648','1');
INSERT INTO request_bid (request_bid_id,request_id,professional_id,amount,sent_date,bid_status_id) VALUES ('272','81','17','130.5564161434093','2023-05-21 11:30:48.278','3');
INSERT INTO request_bid (request_bid_id,request_id,professional_id,amount,sent_date,bid_status_id) VALUES ('273','82','16','197.67662181633236','2023-05-20 10:58:25.565','3');
INSERT INTO request_bid (request_bid_id,request_id,professional_id,amount,sent_date,bid_status_id) VALUES ('274','82','18','112.29765425111732','2023-06-02 04:09:51.672','2');
INSERT INTO request_bid (request_bid_id,request_id,professional_id,amount,sent_date,bid_status_id) VALUES ('275','82','20','140.49974786690296','2023-05-20 23:30:20.663','3');
INSERT INTO request_bid (request_bid_id,request_id,professional_id,amount,sent_date,bid_status_id) VALUES ('276','83','5','57.580466194436646','2023-06-09 23:17:41.601','2');
INSERT INTO request_bid (request_bid_id,request_id,professional_id,amount,sent_date,bid_status_id) VALUES ('277','83','8','89.85901557102653','2023-05-27 15:36:26.774','3');
INSERT INTO request_bid (request_bid_id,request_id,professional_id,amount,sent_date,bid_status_id) VALUES ('278','83','8','80.01232435247091','2023-06-07 13:31:10.617','3');
INSERT INTO request_bid (request_bid_id,request_id,professional_id,amount,sent_date,bid_status_id) VALUES ('279','83','8','160.20902226508846','2023-05-31 12:41:48.515','3');
INSERT INTO request_bid (request_bid_id,request_id,professional_id,amount,sent_date,bid_status_id) VALUES ('280','83','18','180.86294684531455','2023-06-10 21:42:04.269','3');
INSERT INTO request_bid (request_bid_id,request_id,professional_id,amount,sent_date,bid_status_id) VALUES ('281','83','18','119.7908434038038','2023-05-28 12:31:01.233','3');
INSERT INTO request_bid (request_bid_id,request_id,professional_id,amount,sent_date,bid_status_id) VALUES ('282','83','18','78.04176445146462','2023-06-07 02:37:39.186','3');
INSERT INTO request_bid (request_bid_id,request_id,professional_id,amount,sent_date,bid_status_id) VALUES ('283','83','19','103.95690182358035','2023-06-13 03:49:01.837','3');
INSERT INTO request_bid (request_bid_id,request_id,professional_id,amount,sent_date,bid_status_id) VALUES ('284','84','12','76.33756671238407','2023-05-18 00:51:44.763','1');
INSERT INTO request_bid (request_bid_id,request_id,professional_id,amount,sent_date,bid_status_id) VALUES ('285','84','16','77.65534478510234','2023-06-06 15:51:33.002','2');
INSERT INTO request_bid (request_bid_id,request_id,professional_id,amount,sent_date,bid_status_id) VALUES ('286','84','19','112.48932679276682','2023-05-19 01:56:29.758','3');
INSERT INTO request_bid (request_bid_id,request_id,professional_id,amount,sent_date,bid_status_id) VALUES ('287','85','5','179.62879931990585','2023-05-22 00:58:16.335','3');
INSERT INTO request_bid (request_bid_id,request_id,professional_id,amount,sent_date,bid_status_id) VALUES ('288','85','8','84.96160691516522','2023-05-31 21:55:10.628','3');
INSERT INTO request_bid (request_bid_id,request_id,professional_id,amount,sent_date,bid_status_id) VALUES ('289','85','8','191.63018673229098','2023-06-06 01:39:18.342','3');
INSERT INTO request_bid (request_bid_id,request_id,professional_id,amount,sent_date,bid_status_id) VALUES ('290','85','8','89.38438039504271','2023-06-01 20:00:02.392','2');
INSERT INTO request_bid (request_bid_id,request_id,professional_id,amount,sent_date,bid_status_id) VALUES ('291','85','18','100.9327100438799','2023-05-20 21:18:19.84','3');
INSERT INTO request_bid (request_bid_id,request_id,professional_id,amount,sent_date,bid_status_id) VALUES ('292','85','18','48.282203835688115','2023-06-03 15:03:54.814','3');
INSERT INTO request_bid (request_bid_id,request_id,professional_id,amount,sent_date,bid_status_id) VALUES ('293','85','18','93.41455580076449','2023-06-03 10:54:46.729','3');
INSERT INTO request_bid (request_bid_id,request_id,professional_id,amount,sent_date,bid_status_id) VALUES ('294','85','19','170.23992134517437','2023-05-29 15:00:08.66','3');
INSERT INTO request_bid (request_bid_id,request_id,professional_id,amount,sent_date,bid_status_id) VALUES ('295','86','5','162.7087515324053','2023-06-08 08:26:26.657','3');
INSERT INTO request_bid (request_bid_id,request_id,professional_id,amount,sent_date,bid_status_id) VALUES ('296','86','8','157.97285383099998','2023-06-12 14:33:59.284','1');
INSERT INTO request_bid (request_bid_id,request_id,professional_id,amount,sent_date,bid_status_id) VALUES ('297','86','8','123.29278096190242','2023-06-10 08:06:46.217','2');
INSERT INTO request_bid (request_bid_id,request_id,professional_id,amount,sent_date,bid_status_id) VALUES ('298','86','8','32.55751512814811','2023-06-05 15:47:08.436','3');
INSERT INTO request_bid (request_bid_id,request_id,professional_id,amount,sent_date,bid_status_id) VALUES ('299','86','18','50.592204896669834','2023-05-27 20:24:24.248','3');
INSERT INTO request_bid (request_bid_id,request_id,professional_id,amount,sent_date,bid_status_id) VALUES ('300','86','18','177.98683050876258','2023-06-08 11:05:34.358','3');
INSERT INTO request_bid (request_bid_id,request_id,professional_id,amount,sent_date,bid_status_id) VALUES ('301','86','18','149.7310401673075','2023-05-18 03:31:31.061','3');
INSERT INTO request_bid (request_bid_id,request_id,professional_id,amount,sent_date,bid_status_id) VALUES ('302','86','19','140.53087962957085','2023-06-09 04:41:17.246','3');
INSERT INTO request_bid (request_bid_id,request_id,professional_id,amount,sent_date,bid_status_id) VALUES ('303','87','5','192.7603252801396','2023-06-13 23:11:19.51','3');
INSERT INTO request_bid (request_bid_id,request_id,professional_id,amount,sent_date,bid_status_id) VALUES ('304','87','12','141.25461193135214','2023-05-21 22:02:29.88','3');
INSERT INTO request_bid (request_bid_id,request_id,professional_id,amount,sent_date,bid_status_id) VALUES ('305','87','19','145.78831785716707','2023-06-02 00:10:28.685','1');
INSERT INTO request_bid (request_bid_id,request_id,professional_id,amount,sent_date,bid_status_id) VALUES ('306','87','20','112.5440721856454','2023-06-05 22:22:18.541','1');
INSERT INTO request_bid (request_bid_id,request_id,professional_id,amount,sent_date,bid_status_id) VALUES ('307','88','1','30.44724628845521','2023-06-15 17:36:46.177','1');
INSERT INTO request_bid (request_bid_id,request_id,professional_id,amount,sent_date,bid_status_id) VALUES ('308','88','15','128.37026115822812','2023-05-18 19:05:45.277','2');
INSERT INTO request_bid (request_bid_id,request_id,professional_id,amount,sent_date,bid_status_id) VALUES ('309','88','17','150.9661834815707','2023-06-04 22:20:55.476','3');
INSERT INTO request_bid (request_bid_id,request_id,professional_id,amount,sent_date,bid_status_id) VALUES ('310','89','1','88.50844213869877','2023-05-31 18:14:36.551','2');
INSERT INTO request_bid (request_bid_id,request_id,professional_id,amount,sent_date,bid_status_id) VALUES ('311','90','1','153.12697580538094','2023-06-03 18:23:00.359','1');
INSERT INTO request_bid (request_bid_id,request_id,professional_id,amount,sent_date,bid_status_id) VALUES ('312','90','1','17.718865747733332','2023-06-02 18:59:42.762','2');
INSERT INTO request_bid (request_bid_id,request_id,professional_id,amount,sent_date,bid_status_id) VALUES ('313','90','9','48.05229217469508','2023-06-13 21:52:34.926','3');
INSERT INTO request_bid (request_bid_id,request_id,professional_id,amount,sent_date,bid_status_id) VALUES ('314','90','15','115.09189161666','2023-05-24 01:18:58.7','3');
INSERT INTO request_bid (request_bid_id,request_id,professional_id,amount,sent_date,bid_status_id) VALUES ('315','90','15','108.73905583729346','2023-06-04 14:29:57.319','3');
INSERT INTO request_bid (request_bid_id,request_id,professional_id,amount,sent_date,bid_status_id) VALUES ('316','90','15','70.95350767954929','2023-06-12 10:48:22.39','3');
INSERT INTO request_bid (request_bid_id,request_id,professional_id,amount,sent_date,bid_status_id) VALUES ('317','90','17','159.06400907893192','2023-05-18 07:35:29.515','3');
INSERT INTO request_bid (request_bid_id,request_id,professional_id,amount,sent_date,bid_status_id) VALUES ('318','91','16','72.22494441444383','2023-06-14 19:25:35.083','2');
INSERT INTO request_bid (request_bid_id,request_id,professional_id,amount,sent_date,bid_status_id) VALUES ('319','91','18','108.07238513601249','2023-06-01 10:30:42.456','3');
INSERT INTO request_bid (request_bid_id,request_id,professional_id,amount,sent_date,bid_status_id) VALUES ('320','91','20','69.6308536326743','2023-05-29 02:25:10.208','3');
INSERT INTO request_bid (request_bid_id,request_id,professional_id,amount,sent_date,bid_status_id) VALUES ('321','92','5','93.19485275444153','2023-05-26 01:48:46.564','2');
INSERT INTO request_bid (request_bid_id,request_id,professional_id,amount,sent_date,bid_status_id) VALUES ('322','92','8','159.8530337778436','2023-05-26 06:06:13.604','3');
INSERT INTO request_bid (request_bid_id,request_id,professional_id,amount,sent_date,bid_status_id) VALUES ('323','92','8','174.08769649144347','2023-06-03 16:40:21.837','3');
INSERT INTO request_bid (request_bid_id,request_id,professional_id,amount,sent_date,bid_status_id) VALUES ('324','92','8','134.0886656487523','2023-06-11 13:29:29.938','3');
INSERT INTO request_bid (request_bid_id,request_id,professional_id,amount,sent_date,bid_status_id) VALUES ('325','92','18','194.45523970123702','2023-06-07 23:35:59.473','3');
INSERT INTO request_bid (request_bid_id,request_id,professional_id,amount,sent_date,bid_status_id) VALUES ('326','92','18','140.47921516962325','2023-05-24 23:43:34.324','3');
INSERT INTO request_bid (request_bid_id,request_id,professional_id,amount,sent_date,bid_status_id) VALUES ('327','92','18','32.060034037740635','2023-05-18 06:50:00.399','3');
INSERT INTO request_bid (request_bid_id,request_id,professional_id,amount,sent_date,bid_status_id) VALUES ('328','92','19','11.818191891292942','2023-05-19 11:12:52.373','3');
INSERT INTO request_bid (request_bid_id,request_id,professional_id,amount,sent_date,bid_status_id) VALUES ('329','93','1','56.31970551352658','2023-06-16 08:12:25.717','3');
INSERT INTO request_bid (request_bid_id,request_id,professional_id,amount,sent_date,bid_status_id) VALUES ('330','93','1','27.477568168404716','2023-06-07 20:47:04.601','1');
INSERT INTO request_bid (request_bid_id,request_id,professional_id,amount,sent_date,bid_status_id) VALUES ('331','93','9','55.30841971159933','2023-05-28 08:32:19.781','3');
INSERT INTO request_bid (request_bid_id,request_id,professional_id,amount,sent_date,bid_status_id) VALUES ('332','93','15','109.88005708517453','2023-06-04 00:11:04.658','2');
INSERT INTO request_bid (request_bid_id,request_id,professional_id,amount,sent_date,bid_status_id) VALUES ('333','93','15','192.5213586739743','2023-06-14 16:38:02.385','3');
INSERT INTO request_bid (request_bid_id,request_id,professional_id,amount,sent_date,bid_status_id) VALUES ('334','93','15','117.71868228448285','2023-05-24 23:06:45.928','3');
INSERT INTO request_bid (request_bid_id,request_id,professional_id,amount,sent_date,bid_status_id) VALUES ('335','93','17','147.1755470049769','2023-05-22 09:25:01.192','3');
INSERT INTO request_bid (request_bid_id,request_id,professional_id,amount,sent_date,bid_status_id) VALUES ('336','94','16','125.6142414986595','2023-05-30 06:54:06.896','2');
INSERT INTO request_bid (request_bid_id,request_id,professional_id,amount,sent_date,bid_status_id) VALUES ('337','94','18','171.79567148588586','2023-06-10 10:46:34.236','3');
INSERT INTO request_bid (request_bid_id,request_id,professional_id,amount,sent_date,bid_status_id) VALUES ('338','94','20','77.81707740119849','2023-06-12 21:18:45.982','3');
INSERT INTO request_bid (request_bid_id,request_id,professional_id,amount,sent_date,bid_status_id) VALUES ('339','95','1','155.89931842605972','2023-05-25 18:22:45.455','2');
INSERT INTO request_bid (request_bid_id,request_id,professional_id,amount,sent_date,bid_status_id) VALUES ('340','95','1','195.23264414117165','2023-05-25 09:03:26.562','3');
INSERT INTO request_bid (request_bid_id,request_id,professional_id,amount,sent_date,bid_status_id) VALUES ('341','95','9','48.25539764479622','2023-05-28 14:31:45.483','3');
INSERT INTO request_bid (request_bid_id,request_id,professional_id,amount,sent_date,bid_status_id) VALUES ('342','95','15','103.85281074688761','2023-06-13 04:35:36.111','3');
INSERT INTO request_bid (request_bid_id,request_id,professional_id,amount,sent_date,bid_status_id) VALUES ('343','95','15','15.745413242040987','2023-06-08 23:40:00.355','3');
INSERT INTO request_bid (request_bid_id,request_id,professional_id,amount,sent_date,bid_status_id) VALUES ('344','95','15','101.41199837506738','2023-05-18 05:51:53.029','3');
INSERT INTO request_bid (request_bid_id,request_id,professional_id,amount,sent_date,bid_status_id) VALUES ('345','95','17','38.37249464593296','2023-06-07 11:14:09.334','3');
INSERT INTO request_bid (request_bid_id,request_id,professional_id,amount,sent_date,bid_status_id) VALUES ('346','96','1','92.94116677321945','2023-05-24 09:23:54.879','1');
INSERT INTO request_bid (request_bid_id,request_id,professional_id,amount,sent_date,bid_status_id) VALUES ('347','96','1','75.71446554102249','2023-05-18 21:08:43.852','3');
INSERT INTO request_bid (request_bid_id,request_id,professional_id,amount,sent_date,bid_status_id) VALUES ('348','96','9','167.69944984064483','2023-05-29 21:52:59.018','3');
INSERT INTO request_bid (request_bid_id,request_id,professional_id,amount,sent_date,bid_status_id) VALUES ('349','96','15','167.13854880231102','2023-05-21 03:20:06.787','2');
INSERT INTO request_bid (request_bid_id,request_id,professional_id,amount,sent_date,bid_status_id) VALUES ('350','96','15','41.62107770447929','2023-05-28 10:02:09.5','3');
INSERT INTO request_bid (request_bid_id,request_id,professional_id,amount,sent_date,bid_status_id) VALUES ('351','96','15','110.42223258223228','2023-06-10 05:31:51.508','3');
INSERT INTO request_bid (request_bid_id,request_id,professional_id,amount,sent_date,bid_status_id) VALUES ('352','96','17','88.37721025162456','2023-06-06 09:37:03.448','3');
INSERT INTO request_bid (request_bid_id,request_id,professional_id,amount,sent_date,bid_status_id) VALUES ('353','97','2','95.63348309331123','2023-06-01 21:46:26.92','3');
INSERT INTO request_bid (request_bid_id,request_id,professional_id,amount,sent_date,bid_status_id) VALUES ('354','98','16','175.8903181303676','2023-06-02 15:53:35.297','3');
INSERT INTO request_bid (request_bid_id,request_id,professional_id,amount,sent_date,bid_status_id) VALUES ('355','98','18','177.35486716557892','2023-06-01 13:31:38.481','3');
INSERT INTO request_bid (request_bid_id,request_id,professional_id,amount,sent_date,bid_status_id) VALUES ('356','98','20','86.03967099517453','2023-06-06 21:29:36.473','2');
INSERT INTO request_bid (request_bid_id,request_id,professional_id,amount,sent_date,bid_status_id) VALUES ('357','99','5','11.039922784417834','2023-06-11 20:34:11.905','2');
INSERT INTO request_bid (request_bid_id,request_id,professional_id,amount,sent_date,bid_status_id) VALUES ('358','99','8','168.76696826478474','2023-05-18 04:28:57.026','3');
INSERT INTO request_bid (request_bid_id,request_id,professional_id,amount,sent_date,bid_status_id) VALUES ('359','99','8','24.383544505509168','2023-05-20 09:28:54.518','3');
INSERT INTO request_bid (request_bid_id,request_id,professional_id,amount,sent_date,bid_status_id) VALUES ('360','99','8','59.94922557965174','2023-05-20 14:52:09.834','3');
INSERT INTO request_bid (request_bid_id,request_id,professional_id,amount,sent_date,bid_status_id) VALUES ('361','99','18','155.96175970821426','2023-06-09 05:39:30.601','3');
INSERT INTO request_bid (request_bid_id,request_id,professional_id,amount,sent_date,bid_status_id) VALUES ('362','99','18','103.93821590639867','2023-06-12 03:57:17.257','3');
INSERT INTO request_bid (request_bid_id,request_id,professional_id,amount,sent_date,bid_status_id) VALUES ('363','99','18','46.45488534737971','2023-05-18 21:37:42.46','3');
INSERT INTO request_bid (request_bid_id,request_id,professional_id,amount,sent_date,bid_status_id) VALUES ('364','99','19','15.217115044983872','2023-05-31 12:23:29.648','3');
INSERT INTO request_bid (request_bid_id,request_id,professional_id,amount,sent_date,bid_status_id) VALUES ('365','100','6','25.947629098072007','2023-05-21 12:31:15.379','3');
INSERT INTO request_bid (request_bid_id,request_id,professional_id,amount,sent_date,bid_status_id) VALUES ('366','100','9','65.02735265664606','2023-05-26 09:22:54.342','1');

ALTER TABLE review AUTO_INCREMENT = 1;

INSERT INTO review (review_id,rating,comment,request_id) VALUES ('1','5','Wow what a great service, some minor things, but were fixed up ASAP as pointed out','1');
INSERT INTO review (review_id,rating,comment,request_id) VALUES ('2','5','Great quality service, no issues with the professional as well','3');
INSERT INTO review (review_id,rating,comment,request_id) VALUES ('3','3','It was a meh service, not good, not bad','7');
INSERT INTO review (review_id,rating,comment,request_id) VALUES ('4','1','Why oh why oh why did I hire this person. DO NOT HIRE','9');
INSERT INTO review (review_id,rating,comment,request_id) VALUES ('5','4','They showed up, they left, it was eh','10');
INSERT INTO review (review_id,rating,comment,request_id) VALUES ('6','5','This was an amazing service, I would definitely hire this person again!','12');
INSERT INTO review (review_id,rating,comment,request_id) VALUES ('7','4','It was a meh service, not good, not bad','14');
INSERT INTO review (review_id,rating,comment,request_id) VALUES ('8','1','Jeez man that was one awful service...','15');
INSERT INTO review (review_id,rating,comment,request_id) VALUES ('9','1','NEVER AGAIN!!!!','17');
INSERT INTO review (review_id,rating,comment,request_id) VALUES ('10','1','Why oh why oh why did I hire this person. DO NOT HIRE','18');
INSERT INTO review (review_id,rating,comment,request_id) VALUES ('11','1','Why oh why oh why did I hire this person. DO NOT HIRE','20');
INSERT INTO review (review_id,rating,comment,request_id) VALUES ('12','3','It was a meh service, not good, not bad','21');
INSERT INTO review (review_id,rating,comment,request_id) VALUES ('13','4','They showed up, they left, it was eh','24');
INSERT INTO review (review_id,rating,comment,request_id) VALUES ('14','2','Service was good, wasnt an amazing experience but no real grievances against the traide','26');
INSERT INTO review (review_id,rating,comment,request_id) VALUES ('15','5','Very friendly, very knowledgeable as well.','27');
INSERT INTO review (review_id,rating,comment,request_id) VALUES ('16','1','Why oh why oh why did I hire this person. DO NOT HIRE','28');
INSERT INTO review (review_id,rating,comment,request_id) VALUES ('17','3','I am not sure if I would hire this person again','35');
INSERT INTO review (review_id,rating,comment,request_id) VALUES ('18','4','Ok/Good service','36');
INSERT INTO review (review_id,rating,comment,request_id) VALUES ('19','2','Service was good, wasnt an amazing experience but no real grievances against the traide','37');
INSERT INTO review (review_id,rating,comment,request_id) VALUES ('20','4','I am not sure if I would hire this person again','39');
INSERT INTO review (review_id,rating,comment,request_id) VALUES ('21','4','Sigh, could have been better.','42');
INSERT INTO review (review_id,rating,comment,request_id) VALUES ('22','2','Ok/Good service','44');
INSERT INTO review (review_id,rating,comment,request_id) VALUES ('23','2','Service was good, wasnt an amazing experience but no real grievances against the traide','46');
INSERT INTO review (review_id,rating,comment,request_id) VALUES ('24','1','Why oh why oh why did I hire this person. DO NOT HIRE','49');
INSERT INTO review (review_id,rating,comment,request_id) VALUES ('25','2','I am not sure if I would hire this person again','50');
INSERT INTO review (review_id,rating,comment,request_id) VALUES ('26','5','This was an amazing service, I would definitely hire this person again!','51');
INSERT INTO review (review_id,rating,comment,request_id) VALUES ('27','5','Very friendly, very knowledgeable as well.','53');
INSERT INTO review (review_id,rating,comment,request_id) VALUES ('28','4','No real complaints, it was an okay service','57');
INSERT INTO review (review_id,rating,comment,request_id) VALUES ('29','4','Service was good, wasnt an amazing experience but no real grievances against the traide','60');
INSERT INTO review (review_id,rating,comment,request_id) VALUES ('30','1','Why oh why oh why did I hire this person. DO NOT HIRE','61');
INSERT INTO review (review_id,rating,comment,request_id) VALUES ('31','3','Could do a bit better, had okay manners but not the best','62');
INSERT INTO review (review_id,rating,comment,request_id) VALUES ('32','4','No real complaints, it was an okay service','64');
INSERT INTO review (review_id,rating,comment,request_id) VALUES ('33','5','Why would I hire anyone else for this issue','69');
INSERT INTO review (review_id,rating,comment,request_id) VALUES ('34','4','Service was good, wasnt an amazing experience but no real grievances against the traide','70');
INSERT INTO review (review_id,rating,comment,request_id) VALUES ('35','4','No real complaints, it was an okay service','71');
INSERT INTO review (review_id,rating,comment,request_id) VALUES ('36','1','Why oh why oh why did I hire this person. DO NOT HIRE','74');
INSERT INTO review (review_id,rating,comment,request_id) VALUES ('37','3','They showed up, they left, it was eh','77');
INSERT INTO review (review_id,rating,comment,request_id) VALUES ('38','2','Ok/Good service','78');
INSERT INTO review (review_id,rating,comment,request_id) VALUES ('39','3','I am not sure if I would hire this person again','79');
INSERT INTO review (review_id,rating,comment,request_id) VALUES ('40','5','This was an amazing service, I would definitely hire this person again!','80');
INSERT INTO review (review_id,rating,comment,request_id) VALUES ('41','5','Very friendly, very knowledgeable as well.','81');
INSERT INTO review (review_id,rating,comment,request_id) VALUES ('42','2','It was a meh service, not good, not bad','83');
INSERT INTO review (review_id,rating,comment,request_id) VALUES ('43','3','Could do a bit better, had okay manners but not the best','89');
INSERT INTO review (review_id,rating,comment,request_id) VALUES ('44','3','They showed up, they left, it was eh','91');
INSERT INTO review (review_id,rating,comment,request_id) VALUES ('45','2','No real complaints, it was an okay service','93');
INSERT INTO review (review_id,rating,comment,request_id) VALUES ('46','1','NEVER AGAIN!!!!','94');
INSERT INTO review (review_id,rating,comment,request_id) VALUES ('47','1','Why oh why oh why did I hire this person. DO NOT HIRE','95');
INSERT INTO review (review_id,rating,comment,request_id) VALUES ('48','3','Sigh, could have been better.','97');
INSERT INTO review (review_id,rating,comment,request_id) VALUES ('49','3','Was an ok service, left something to be desired','99');
INSERT INTO review (review_id,rating,comment,request_id) VALUES ('50','4','Ok/Good service','100');
